Measurement Time,1132,1130,1124,1131,1647
4/3/2020 3:00 PM,#N/A,#N/A,#N/A,#N/A,#N/A
5/1/2020 12:00 PM,0.484,0.412,0.381,0.434,0.302
5/1/2020 1:00 PM,0.307,0.412,0.382,0.435,0.304
5/1/2020 2:00 PM,0.307,0.414,0.382,0.437,0.305
5/1/2020 3:00 PM,0.308,0.415,0.383,0.439,0.305
5/1/2020 4:00 PM,0.308,0.416,0.383,0.439,0.305
5/1/2020 5:00 PM,0.309,0.417,0.383,0.440,0.305
5/1/2020 6:00 PM,0.309,0.417,0.383,0.440,0.305
5/1/2020 7:00 PM,0.309,0.417,0.383,0.442,0.305
5/1/2020 8:00 PM,0.307,0.418,0.383,0.441,0.305
5/1/2020 9:00 PM,0.307,0.418,0.383,0.440,0.304
5/1/2020 10:00 PM,0.307,0.417,0.383,0.439,0.304
5/1/2020 11:00 PM,0.307,0.418,0.383,0.440,0.304
5/2/2020 12:00 AM,0.305,0.417,0.382,0.444,0.302
5/2/2020 1:00 AM,0.305,0.417,0.382,0.448,0.302
5/2/2020 2:00 AM,0.305,0.416,0.382,0.447,0.301
5/2/2020 3:00 AM,0.304,0.414,0.381,0.444,0.300
5/2/2020 4:00 AM,0.304,0.417,0.381,0.443,0.299
5/2/2020 5:00 AM,0.304,0.417,0.381,0.442,0.298
5/2/2020 6:00 AM,0.303,0.417,0.381,0.441,0.298
5/2/2020 7:00 AM,0.302,0.416,0.381,0.439,0.298
5/2/2020 8:00 AM,0.301,0.412,0.381,0.442,0.298
5/2/2020 9:00 AM,0.300,0.409,0.381,0.440,0.297
5/2/2020 10:00 AM,0.299,0.409,0.381,0.439,0.298
5/2/2020 11:00 AM,0.299,0.409,0.381,0.437,0.298
5/2/2020 12:00 PM,0.299,0.409,0.382,0.437,0.299
5/2/2020 1:00 PM,0.300,0.411,0.383,0.440,0.301
5/2/2020 2:00 PM,0.301,0.412,0.384,0.442,0.302
5/2/2020 3:00 PM,0.302,0.417,0.384,0.441,0.303
5/2/2020 4:00 PM,0.302,0.420,0.384,0.443,0.303
5/2/2020 5:00 PM,0.302,0.419,0.384,0.445,0.304
5/2/2020 6:00 PM,0.302,0.419,0.384,0.446,0.304
5/2/2020 7:00 PM,0.302,0.420,0.384,0.447,0.303
5/2/2020 8:00 PM,0.302,0.419,0.383,0.444,0.303
5/2/2020 9:00 PM,0.302,0.420,0.383,0.445,0.302
5/2/2020 10:00 PM,0.301,0.418,0.382,0.443,0.302
5/2/2020 11:00 PM,0.301,0.418,0.381,0.452,0.301
5/3/2020 12:00 AM,0.300,0.417,0.381,0.447,0.300
5/3/2020 1:00 AM,0.300,0.417,0.381,0.438,0.300
5/3/2020 2:00 AM,0.299,0.415,0.381,0.437,0.299
5/3/2020 3:00 AM,0.298,0.415,0.380,0.437,0.298
5/3/2020 4:00 AM,0.298,0.415,0.379,0.435,0.298
5/3/2020 5:00 AM,0.298,0.414,0.379,0.433,0.298
5/3/2020 6:00 AM,0.298,0.413,0.379,0.431,0.297
5/3/2020 7:00 AM,0.297,0.413,0.379,0.430,0.296
5/3/2020 8:00 AM,0.297,0.412,0.379,0.428,0.296
5/3/2020 9:00 AM,0.295,0.411,0.379,0.428,0.295
5/3/2020 10:00 AM,0.295,0.407,0.380,0.427,0.296
5/3/2020 11:00 AM,0.295,0.409,0.381,0.428,0.297
5/3/2020 12:00 PM,0.296,0.408,0.381,0.429,0.298
5/3/2020 1:00 PM,0.297,0.408,0.382,0.431,0.299
5/3/2020 2:00 PM,0.298,0.411,0.382,0.433,0.301
5/3/2020 3:00 PM,0.298,0.413,0.383,0.436,0.302
5/3/2020 4:00 PM,0.298,0.417,0.383,0.439,0.302
5/3/2020 5:00 PM,0.298,0.417,0.383,0.442,0.302
5/3/2020 6:00 PM,0.298,0.417,0.383,0.443,0.302
5/3/2020 7:00 PM,0.298,0.417,0.382,0.444,0.302
5/3/2020 8:00 PM,0.298,0.417,0.382,0.443,0.301
5/3/2020 9:00 PM,0.298,0.417,0.382,0.441,0.301
5/3/2020 10:00 PM,0.298,0.415,0.381,0.440,0.300
5/3/2020 11:00 PM,0.297,0.415,0.381,0.439,0.300
5/4/2020 12:00 AM,0.297,0.414,0.381,0.438,0.299
5/4/2020 1:00 AM,0.296,0.412,0.381,0.436,0.298
5/4/2020 2:00 AM,0.295,0.412,0.381,0.437,0.298
5/4/2020 3:00 AM,0.295,0.412,0.379,0.437,0.298
5/4/2020 4:00 AM,0.295,0.408,0.379,0.435,0.297
5/4/2020 5:00 AM,0.294,0.410,0.378,0.432,0.296
5/4/2020 6:00 AM,0.294,0.409,0.379,0.430,0.295
5/4/2020 7:00 AM,0.293,0.407,0.378,0.428,0.295
5/4/2020 8:00 AM,0.292,0.409,0.378,0.431,0.294
5/4/2020 9:00 AM,0.292,0.408,0.379,0.428,0.294
5/4/2020 10:00 AM,0.292,0.406,0.379,0.426,0.295
5/4/2020 11:00 AM,0.292,0.405,0.380,0.426,0.295
5/4/2020 12:00 PM,0.292,0.406,0.381,0.428,0.297
5/4/2020 1:00 PM,0.292,0.405,0.381,0.428,0.298
5/4/2020 2:00 PM,0.292,0.406,0.382,0.431,0.300
5/4/2020 3:00 PM,0.293,0.408,0.382,0.434,0.301
5/4/2020 4:00 PM,0.293,0.408,0.382,0.436,0.301
5/4/2020 5:00 PM,0.293,0.412,0.382,0.437,0.301
5/4/2020 6:00 PM,0.293,0.413,0.382,0.438,0.301
5/4/2020 7:00 PM,0.293,0.412,0.382,0.437,0.301
5/4/2020 8:00 PM,0.293,0.412,0.382,0.436,0.301
5/4/2020 9:00 PM,0.292,0.412,0.381,0.436,0.300
5/4/2020 10:00 PM,0.292,0.410,0.381,0.434,0.300
5/4/2020 11:00 PM,0.292,0.407,0.381,0.433,0.299
5/5/2020 12:00 AM,0.292,0.410,0.381,0.432,0.298
5/5/2020 1:00 AM,0.292,0.407,0.379,0.434,0.298
5/5/2020 2:00 AM,0.291,0.407,0.379,0.431,0.298
5/5/2020 3:00 AM,0.291,0.407,0.378,0.433,0.297
5/5/2020 4:00 AM,0.290,0.406,0.378,0.430,0.296
5/5/2020 5:00 AM,0.289,0.404,0.378,0.428,0.295
5/5/2020 6:00 AM,0.288,0.402,0.378,0.425,0.295
5/5/2020 7:00 AM,0.288,0.400,0.377,0.424,0.294
5/5/2020 8:00 AM,0.288,0.402,0.378,0.425,0.293
5/5/2020 9:00 AM,0.287,0.400,0.379,0.423,0.293
5/5/2020 10:00 AM,0.287,0.400,0.380,0.424,0.293
5/5/2020 11:00 AM,0.287,0.401,0.381,0.424,0.295
5/5/2020 12:00 PM,0.287,0.400,0.382,0.425,0.296
5/5/2020 1:00 PM,0.288,0.400,0.383,0.428,0.298
5/5/2020 2:00 PM,0.288,0.403,0.384,0.430,0.300
5/5/2020 3:00 PM,0.289,0.404,0.384,0.433,0.301
5/5/2020 4:00 PM,0.290,0.406,0.383,0.436,0.301
5/5/2020 5:00 PM,0.290,0.406,0.383,0.437,0.301
5/5/2020 6:00 PM,0.290,0.407,0.383,0.436,0.301
5/5/2020 7:00 PM,0.290,0.406,0.382,0.435,0.301
5/5/2020 8:00 PM,0.290,0.406,0.382,0.434,0.301
5/5/2020 9:00 PM,0.289,0.403,0.382,0.433,0.300
5/5/2020 10:00 PM,0.289,0.402,0.382,0.431,0.299
5/5/2020 11:00 PM,0.288,0.401,0.381,0.430,0.298
5/6/2020 12:00 AM,0.288,0.402,0.379,0.428,0.298
5/6/2020 1:00 AM,0.288,0.401,0.379,0.427,0.298
5/6/2020 2:00 AM,0.288,0.400,0.379,0.426,0.297
5/6/2020 3:00 AM,0.287,0.400,0.378,0.425,0.297
5/6/2020 4:00 AM,0.287,0.400,0.378,0.423,0.295
5/6/2020 5:00 AM,0.287,0.401,0.378,0.423,0.295
5/6/2020 6:00 AM,0.287,0.400,0.378,0.423,0.295
5/6/2020 7:00 AM,0.286,0.400,0.377,0.422,0.294
5/6/2020 8:00 AM,0.285,0.399,0.377,0.423,0.294
5/6/2020 9:00 AM,0.285,0.396,0.379,0.422,0.294
5/6/2020 10:00 AM,0.285,0.398,0.381,0.423,0.294
5/6/2020 11:00 AM,0.285,0.394,0.381,0.423,0.295
5/6/2020 12:00 PM,0.285,0.395,0.382,0.425,0.297
5/6/2020 1:00 PM,0.285,0.395,0.383,0.427,0.298
5/6/2020 2:00 PM,0.286,0.399,0.384,0.428,0.300
5/6/2020 3:00 PM,0.287,0.400,0.384,0.430,0.301
5/6/2020 4:00 PM,0.287,0.400,0.384,0.432,0.301
5/6/2020 5:00 PM,0.287,0.401,0.383,0.434,0.301
5/6/2020 6:00 PM,0.287,0.400,0.383,0.434,0.301
5/6/2020 7:00 PM,0.287,0.401,0.383,0.433,0.300
5/6/2020 8:00 PM,0.286,0.400,0.383,0.432,0.300
5/6/2020 9:00 PM,0.286,0.400,0.383,0.432,0.299
5/6/2020 10:00 PM,0.285,0.401,0.382,0.431,0.299
5/6/2020 11:00 PM,0.285,0.398,0.382,0.428,0.298
5/7/2020 12:00 AM,0.285,0.399,0.381,0.428,0.298
5/7/2020 1:00 AM,0.284,0.399,0.381,0.426,0.297
5/7/2020 2:00 AM,0.284,0.400,0.381,0.425,0.297
5/7/2020 3:00 AM,0.283,0.399,0.381,0.424,0.296
5/7/2020 4:00 AM,0.283,0.398,0.379,0.424,0.295
5/7/2020 5:00 AM,0.282,0.395,0.378,0.423,0.295
5/7/2020 6:00 AM,0.281,0.394,0.377,0.422,0.294
5/7/2020 7:00 AM,0.281,0.393,0.377,0.420,0.293
5/7/2020 8:00 AM,0.281,0.394,0.378,0.422,0.293
5/7/2020 9:00 AM,0.281,0.390,0.379,0.423,0.292
5/7/2020 10:00 AM,0.280,0.391,0.380,0.423,0.293
5/7/2020 11:00 AM,0.281,0.392,0.382,0.424,0.294
5/7/2020 12:00 PM,0.281,0.390,0.384,0.426,0.296
5/7/2020 1:00 PM,0.281,0.389,0.385,0.428,0.298
5/7/2020 2:00 PM,0.281,0.391,0.386,0.430,0.298
5/7/2020 3:00 PM,0.282,0.394,0.386,0.432,0.299
5/7/2020 4:00 PM,0.283,0.394,0.386,0.433,0.300
5/7/2020 5:00 PM,0.283,0.396,0.384,0.432,0.300
5/7/2020 6:00 PM,0.283,0.396,0.384,0.432,0.300
5/7/2020 7:00 PM,0.283,0.395,0.383,0.432,0.299
5/7/2020 8:00 PM,0.282,0.394,0.382,0.432,0.298
5/7/2020 9:00 PM,0.282,0.395,0.381,0.432,0.298
5/7/2020 10:00 PM,0.282,0.394,0.381,0.429,0.298
5/7/2020 11:00 PM,0.281,0.393,0.381,0.428,0.297
5/8/2020 12:00 AM,0.281,0.393,0.379,0.427,0.296
5/8/2020 1:00 AM,0.281,0.391,0.379,0.425,0.295
5/8/2020 2:00 AM,0.280,0.389,0.378,0.423,0.294
5/8/2020 3:00 AM,0.280,0.389,0.378,0.422,0.293
5/8/2020 4:00 AM,0.279,0.390,0.377,0.423,0.292
5/8/2020 5:00 AM,0.278,0.392,0.377,0.427,0.292
5/8/2020 6:00 AM,0.278,0.391,0.375,0.427,0.292
5/8/2020 7:00 AM,0.277,0.389,0.375,0.425,0.291
5/8/2020 8:00 AM,0.277,0.389,0.377,0.423,0.290
5/8/2020 9:00 AM,0.276,0.387,0.379,0.424,0.290
5/8/2020 10:00 AM,0.276,0.387,0.380,0.423,0.291
5/8/2020 11:00 AM,0.276,0.386,0.381,0.424,0.292
5/8/2020 12:00 PM,0.277,0.385,0.381,0.425,0.293
5/8/2020 1:00 PM,0.278,0.387,0.381,0.427,0.295
5/8/2020 2:00 PM,0.278,0.388,0.382,0.428,0.296
5/8/2020 3:00 PM,0.280,0.390,0.382,0.429,0.297
5/8/2020 4:00 PM,0.280,0.390,0.382,0.430,0.298
5/8/2020 5:00 PM,0.281,0.391,0.381,0.444,#N/A
5/8/2020 6:00 PM,0.280,0.391,0.381,0.439,#N/A
5/8/2020 7:00 PM,0.281,0.391,0.381,0.435,#N/A
5/8/2020 8:00 PM,0.280,0.390,0.380,0.434,#N/A
5/8/2020 9:00 PM,0.280,0.391,0.379,0.433,#N/A
5/8/2020 10:00 PM,0.280,0.390,0.378,0.431,#N/A
5/8/2020 11:00 PM,0.279,0.389,0.377,0.433,#N/A
5/9/2020 12:00 AM,0.278,0.386,0.375,0.432,#N/A
5/9/2020 1:00 AM,0.278,0.387,0.374,0.431,#N/A
5/9/2020 2:00 AM,0.277,0.387,0.373,0.428,#N/A
5/9/2020 3:00 AM,0.276,0.385,0.373,0.427,#N/A
5/9/2020 4:00 AM,0.276,0.383,0.373,0.424,#N/A
5/9/2020 5:00 AM,0.275,0.385,0.373,0.426,#N/A
5/9/2020 6:00 AM,0.275,0.382,0.372,0.425,#N/A
5/9/2020 7:00 AM,0.275,0.382,0.372,0.423,#N/A
5/9/2020 8:00 AM,0.274,0.380,0.372,0.420,#N/A
5/9/2020 9:00 AM,0.273,0.379,0.374,0.423,#N/A
5/9/2020 10:00 AM,0.273,0.377,0.377,0.422,#N/A
5/9/2020 11:00 AM,0.273,0.377,0.379,0.422,#N/A
5/9/2020 12:00 PM,0.275,0.377,0.379,0.423,#N/A
5/9/2020 1:00 PM,0.275,0.377,0.381,0.424,#N/A
5/9/2020 2:00 PM,0.276,0.380,0.381,0.426,#N/A
5/9/2020 3:00 PM,0.276,0.380,0.381,0.429,#N/A
5/9/2020 4:00 PM,0.277,0.381,0.381,0.429,#N/A
5/9/2020 5:00 PM,0.278,0.383,0.381,0.431,#N/A
5/9/2020 6:00 PM,0.277,0.381,0.381,0.432,#N/A
5/9/2020 7:00 PM,0.278,0.382,0.380,0.432,#N/A
5/9/2020 8:00 PM,0.277,0.380,0.379,0.429,#N/A
5/9/2020 9:00 PM,0.277,0.382,0.378,0.427,#N/A
5/9/2020 10:00 PM,0.277,0.380,0.377,0.426,#N/A
5/9/2020 11:00 PM,0.276,0.380,0.377,0.425,#N/A
5/10/2020 12:00 AM,0.275,0.379,0.375,0.424,#N/A
5/10/2020 1:00 AM,0.275,0.377,0.375,0.424,#N/A
5/10/2020 2:00 AM,0.275,0.377,0.373,0.426,#N/A
5/10/2020 3:00 AM,0.275,0.377,0.373,0.423,#N/A
5/10/2020 4:00 AM,0.274,0.376,0.373,0.421,#N/A
5/10/2020 5:00 AM,0.273,0.375,0.372,0.419,#N/A
5/10/2020 6:00 AM,0.273,0.374,0.372,0.418,#N/A
5/10/2020 7:00 AM,0.271,0.373,0.370,0.418,#N/A
5/10/2020 8:00 AM,0.271,0.372,0.372,0.417,#N/A
5/10/2020 9:00 AM,0.271,0.369,0.374,0.415,#N/A
5/10/2020 10:00 AM,0.271,0.368,0.375,0.415,#N/A
5/10/2020 11:00 AM,0.271,0.370,0.378,0.415,#N/A
5/10/2020 12:00 PM,0.271,0.369,0.379,0.415,#N/A
5/10/2020 1:00 PM,0.273,0.368,0.380,0.417,#N/A
5/10/2020 2:00 PM,0.273,0.372,0.380,0.419,#N/A
5/10/2020 3:00 PM,0.275,0.372,0.380,0.422,#N/A
5/10/2020 4:00 PM,0.275,0.374,0.379,0.423,#N/A
5/10/2020 5:00 PM,0.275,0.374,0.379,0.426,#N/A
5/10/2020 6:00 PM,0.275,0.374,0.378,0.428,#N/A
5/10/2020 7:00 PM,0.275,0.373,0.378,0.427,#N/A
5/10/2020 8:00 PM,0.275,0.373,0.377,0.426,#N/A
5/10/2020 9:00 PM,0.275,0.375,0.377,0.425,#N/A
5/10/2020 10:00 PM,0.275,0.375,0.375,0.424,#N/A
5/10/2020 11:00 PM,0.274,0.372,0.375,0.423,#N/A
5/11/2020 12:00 AM,0.273,0.372,0.375,0.422,#N/A
5/11/2020 1:00 AM,0.273,0.367,0.375,0.420,#N/A
5/11/2020 2:00 AM,0.273,0.366,0.375,0.418,#N/A
5/11/2020 3:00 AM,0.272,0.365,0.374,0.417,#N/A
5/11/2020 4:00 AM,0.271,0.365,0.374,0.417,#N/A
5/11/2020 5:00 AM,0.271,0.365,0.374,0.415,#N/A
5/11/2020 6:00 AM,0.271,0.364,0.373,0.415,#N/A
5/11/2020 7:00 AM,0.271,0.365,0.373,0.414,#N/A
5/11/2020 8:00 AM,0.271,0.367,0.373,0.415,#N/A
5/11/2020 9:00 AM,0.271,0.368,0.374,0.414,#N/A
5/11/2020 10:00 AM,0.270,0.366,0.377,0.419,#N/A
5/11/2020 11:00 AM,0.271,0.364,0.377,0.415,#N/A
5/11/2020 12:00 PM,0.271,0.362,0.377,0.416,#N/A
5/11/2020 1:00 PM,0.272,0.363,0.378,0.417,#N/A
5/11/2020 2:00 PM,0.273,0.367,0.378,0.420,#N/A
5/11/2020 3:00 PM,0.273,0.369,0.378,0.423,#N/A
5/11/2020 4:00 PM,0.274,0.371,0.379,0.423,#N/A
5/11/2020 5:00 PM,0.274,0.372,0.379,0.423,#N/A
5/11/2020 6:00 PM,0.274,0.372,0.379,0.424,#N/A
5/11/2020 7:00 PM,0.274,0.368,0.378,0.425,#N/A
5/11/2020 8:00 PM,0.274,0.372,0.378,0.423,#N/A
5/11/2020 9:00 PM,0.273,0.372,0.377,0.422,#N/A
5/11/2020 10:00 PM,0.273,0.370,0.375,0.421,#N/A
5/11/2020 11:00 PM,0.272,0.370,0.375,0.420,#N/A
5/12/2020 12:00 AM,0.271,0.369,0.375,0.421,#N/A
5/12/2020 1:00 AM,0.271,0.367,0.374,0.420,#N/A
5/12/2020 2:00 AM,0.271,0.366,0.374,0.419,#N/A
5/12/2020 3:00 AM,0.270,0.365,0.373,0.417,#N/A
5/12/2020 4:00 AM,0.270,0.362,0.373,0.412,#N/A
5/12/2020 5:00 AM,0.270,0.361,0.373,0.411,#N/A
5/12/2020 6:00 AM,0.269,0.360,0.373,0.409,#N/A
5/12/2020 7:00 AM,0.269,0.361,0.372,0.408,#N/A
5/12/2020 8:00 AM,0.268,0.365,0.372,0.407,#N/A
5/12/2020 9:00 AM,0.268,0.364,0.375,0.407,#N/A
5/12/2020 10:00 AM,0.268,0.361,0.375,0.407,#N/A
5/12/2020 11:00 AM,0.268,0.363,0.376,0.406,#N/A
5/12/2020 12:00 PM,0.269,0.364,0.376,0.407,#N/A
5/12/2020 1:00 PM,0.270,0.365,0.377,0.408,#N/A
5/12/2020 2:00 PM,0.271,0.365,0.378,0.411,#N/A
5/12/2020 3:00 PM,0.271,0.366,0.378,0.414,#N/A
5/12/2020 4:00 PM,0.271,0.367,0.378,0.417,#N/A
5/12/2020 5:00 PM,0.272,0.370,0.378,0.417,#N/A
5/12/2020 6:00 PM,0.272,0.368,0.377,0.418,#N/A
5/12/2020 7:00 PM,0.272,0.367,0.377,0.419,#N/A
5/12/2020 8:00 PM,0.272,0.367,0.375,0.418,#N/A
5/12/2020 9:00 PM,0.271,0.368,0.375,0.416,#N/A
5/12/2020 10:00 PM,0.271,0.369,0.375,0.414,#N/A
5/12/2020 11:00 PM,0.271,0.368,0.374,0.412,#N/A
5/13/2020 12:00 AM,0.271,0.366,0.374,0.412,#N/A
5/13/2020 1:00 AM,0.270,0.364,0.373,0.411,#N/A
5/13/2020 2:00 AM,0.270,0.364,0.373,0.410,#N/A
5/13/2020 3:00 AM,0.270,0.363,0.372,0.408,#N/A
5/13/2020 4:00 AM,0.269,0.361,0.372,0.406,#N/A
5/13/2020 5:00 AM,0.268,0.361,0.371,0.405,#N/A
5/13/2020 6:00 AM,0.268,0.361,0.370,0.403,#N/A
5/13/2020 7:00 AM,0.267,0.360,0.370,0.401,#N/A
5/13/2020 8:00 AM,0.267,0.360,0.371,0.403,#N/A
5/13/2020 9:00 AM,0.266,0.359,0.374,0.401,#N/A
5/13/2020 10:00 AM,0.266,0.356,0.374,0.400,#N/A
5/13/2020 11:00 AM,0.267,0.357,0.375,0.400,#N/A
5/13/2020 12:00 PM,0.268,0.357,0.376,0.402,#N/A
5/13/2020 1:00 PM,0.269,0.356,0.377,0.404,#N/A
5/13/2020 2:00 PM,0.270,0.361,0.378,0.406,#N/A
5/13/2020 3:00 PM,0.271,0.361,0.378,0.411,#N/A
5/13/2020 4:00 PM,0.271,0.363,0.378,0.413,#N/A
5/13/2020 5:00 PM,0.271,0.363,0.377,0.415,#N/A
5/13/2020 6:00 PM,0.271,0.362,0.377,0.415,#N/A
5/13/2020 7:00 PM,0.271,0.360,0.377,0.412,#N/A
5/13/2020 8:00 PM,0.271,0.361,0.377,0.412,#N/A
5/13/2020 9:00 PM,0.271,0.364,0.375,0.411,#N/A
5/13/2020 10:00 PM,0.271,0.361,0.375,0.410,#N/A
5/13/2020 11:00 PM,0.270,0.358,0.374,0.408,#N/A
5/14/2020 12:00 AM,0.270,0.356,0.374,0.407,#N/A
5/14/2020 1:00 AM,0.270,0.356,0.373,0.405,#N/A
5/14/2020 2:00 AM,0.269,0.357,0.372,0.404,#N/A
5/14/2020 3:00 AM,0.268,0.357,0.372,0.402,#N/A
5/14/2020 4:00 AM,0.268,0.358,0.372,0.401,#N/A
5/14/2020 5:00 AM,0.267,0.357,0.370,0.400,#N/A
5/14/2020 6:00 AM,0.267,0.356,0.370,0.398,#N/A
5/14/2020 7:00 AM,0.266,0.355,0.370,0.398,#N/A
5/14/2020 8:00 AM,0.266,0.355,0.372,0.398,#N/A
5/14/2020 9:00 AM,0.265,0.353,0.373,0.397,#N/A
5/14/2020 10:00 AM,0.265,0.355,0.374,0.396,#N/A
5/14/2020 11:00 AM,0.266,0.352,0.375,0.396,#N/A
5/14/2020 12:00 PM,0.266,0.355,0.376,0.397,#N/A
5/14/2020 1:00 PM,0.268,0.355,0.377,0.399,#N/A
5/14/2020 2:00 PM,0.268,0.359,0.379,0.401,#N/A
5/14/2020 3:00 PM,0.270,0.363,0.379,0.404,#N/A
5/14/2020 4:00 PM,0.270,0.363,0.378,0.406,#N/A
5/14/2020 5:00 PM,0.270,0.366,0.377,0.407,#N/A
5/14/2020 6:00 PM,0.270,0.366,0.378,0.408,#N/A
5/14/2020 7:00 PM,0.271,0.365,0.378,0.408,#N/A
5/14/2020 8:00 PM,0.271,0.364,0.377,0.408,#N/A
5/14/2020 9:00 PM,0.270,0.361,0.377,0.407,#N/A
5/14/2020 10:00 PM,0.270,0.361,0.375,0.406,#N/A
5/14/2020 11:00 PM,0.270,0.361,0.375,0.405,#N/A
5/15/2020 12:00 AM,0.270,0.361,0.375,0.403,#N/A
5/15/2020 1:00 AM,0.269,0.360,0.375,0.402,#N/A
5/15/2020 2:00 AM,0.269,0.359,0.374,0.400,#N/A
5/15/2020 3:00 AM,0.268,0.358,0.374,0.399,#N/A
5/15/2020 4:00 AM,0.268,0.358,0.373,0.398,#N/A
5/15/2020 5:00 AM,0.268,0.357,0.373,0.398,#N/A
5/15/2020 6:00 AM,0.268,0.361,0.373,0.397,#N/A
5/15/2020 7:00 AM,0.268,0.359,0.373,0.396,#N/A
5/15/2020 8:00 AM,0.267,0.355,0.374,0.398,#N/A
5/15/2020 9:00 AM,0.267,0.356,0.375,0.397,#N/A
5/15/2020 10:00 AM,0.267,0.355,0.375,0.396,#N/A
5/15/2020 11:00 AM,0.268,0.356,0.375,0.397,#N/A
5/15/2020 12:00 PM,0.268,0.357,0.377,0.399,#N/A
5/15/2020 1:00 PM,0.269,0.357,0.376,0.400,#N/A
5/15/2020 2:00 PM,0.270,0.364,0.377,0.402,#N/A
5/15/2020 3:00 PM,0.270,0.364,0.378,0.404,#N/A
5/15/2020 4:00 PM,0.271,0.366,0.378,0.405,#N/A
5/15/2020 5:00 PM,0.271,0.366,0.378,0.406,#N/A
5/15/2020 6:00 PM,0.271,0.367,0.379,0.407,#N/A
5/15/2020 7:00 PM,0.271,0.366,0.379,0.406,#N/A
5/15/2020 8:00 PM,0.271,0.366,0.378,0.406,#N/A
5/15/2020 9:00 PM,0.271,0.365,0.378,0.405,#N/A
5/15/2020 10:00 PM,0.270,0.363,0.378,0.404,#N/A
5/15/2020 11:00 PM,0.270,0.365,0.377,0.403,#N/A
5/16/2020 12:00 AM,0.270,0.363,0.375,0.402,#N/A
5/16/2020 1:00 AM,0.270,0.361,0.375,0.401,#N/A
5/16/2020 2:00 AM,0.269,0.361,0.374,0.400,#N/A
5/16/2020 3:00 AM,0.268,0.360,0.374,0.398,#N/A
5/16/2020 4:00 AM,0.268,0.359,0.373,0.396,#N/A
5/16/2020 5:00 AM,0.268,0.359,0.373,0.394,#N/A
5/16/2020 6:00 AM,0.267,0.360,0.373,0.394,#N/A
5/16/2020 7:00 AM,0.266,0.359,0.372,0.393,#N/A
5/16/2020 8:00 AM,0.266,0.358,0.374,0.396,#N/A
5/16/2020 9:00 AM,0.266,0.355,0.373,0.392,#N/A
5/16/2020 10:00 AM,0.266,0.357,0.374,0.391,#N/A
5/16/2020 11:00 AM,0.266,0.359,0.376,0.392,#N/A
5/16/2020 12:00 PM,0.268,0.361,0.380,0.394,#N/A
5/16/2020 1:00 PM,0.269,0.362,0.381,0.395,#N/A
5/16/2020 2:00 PM,0.270,0.365,0.382,0.398,#N/A
5/16/2020 3:00 PM,0.270,0.366,0.381,0.400,#N/A
5/16/2020 4:00 PM,0.271,0.368,0.382,0.401,#N/A
5/16/2020 5:00 PM,0.271,0.370,0.379,0.405,#N/A
5/16/2020 6:00 PM,0.271,0.370,0.380,0.408,#N/A
5/16/2020 7:00 PM,0.271,0.369,0.379,0.408,#N/A
5/16/2020 8:00 PM,0.271,0.368,0.379,0.407,#N/A
5/16/2020 9:00 PM,0.271,0.368,0.378,0.407,#N/A
5/16/2020 10:00 PM,0.271,0.367,0.377,0.406,#N/A
5/16/2020 11:00 PM,0.270,0.364,0.376,0.406,#N/A
5/17/2020 12:00 AM,0.270,0.364,0.375,0.406,#N/A
5/17/2020 1:00 AM,0.270,0.364,0.375,0.402,#N/A
5/17/2020 2:00 AM,0.269,0.364,0.374,0.401,#N/A
5/17/2020 3:00 AM,0.268,0.363,0.374,0.400,#N/A
5/17/2020 4:00 AM,0.268,0.362,0.373,0.398,#N/A
5/17/2020 5:00 AM,0.267,0.360,0.373,0.398,#N/A
5/17/2020 6:00 AM,0.266,0.359,0.373,0.396,#N/A
5/17/2020 7:00 AM,0.266,0.358,0.372,0.395,#N/A
5/17/2020 8:00 AM,0.265,0.358,0.373,0.392,#N/A
5/17/2020 9:00 AM,0.264,0.356,0.375,0.391,#N/A
5/17/2020 10:00 AM,0.264,0.355,0.377,0.389,#N/A
5/17/2020 11:00 AM,0.265,0.359,0.378,0.389,#N/A
5/17/2020 12:00 PM,0.266,0.359,0.378,0.391,#N/A
5/17/2020 1:00 PM,0.268,0.361,0.379,0.391,#N/A
5/17/2020 2:00 PM,0.268,0.362,0.379,0.393,#N/A
5/17/2020 3:00 PM,0.269,0.366,0.379,0.394,#N/A
5/17/2020 4:00 PM,0.270,0.367,0.379,0.397,#N/A
5/17/2020 5:00 PM,0.270,0.368,0.379,0.400,#N/A
5/17/2020 6:00 PM,0.270,0.369,0.379,0.401,#N/A
5/17/2020 7:00 PM,0.270,0.367,0.378,0.402,#N/A
5/17/2020 8:00 PM,0.270,0.367,0.378,0.401,#N/A
5/17/2020 9:00 PM,0.270,0.366,0.377,0.400,#N/A
5/17/2020 10:00 PM,0.269,0.366,0.377,0.398,#N/A
5/17/2020 11:00 PM,0.268,0.366,0.375,0.397,#N/A
5/18/2020 12:00 AM,0.268,0.365,0.375,0.397,#N/A
5/18/2020 1:00 AM,0.268,0.361,0.375,0.395,#N/A
5/18/2020 2:00 AM,0.267,0.361,0.373,0.395,#N/A
5/18/2020 3:00 AM,0.266,0.359,0.373,0.393,#N/A
5/18/2020 4:00 AM,0.266,0.361,0.373,0.391,#N/A
5/18/2020 5:00 AM,0.266,0.362,0.372,0.390,#N/A
5/18/2020 6:00 AM,0.265,0.361,0.372,0.389,#N/A
5/18/2020 7:00 AM,0.264,0.361,0.372,0.388,#N/A
5/18/2020 8:00 AM,0.264,0.359,0.372,0.387,#N/A
5/18/2020 9:00 AM,0.264,0.357,0.371,0.386,#N/A
5/18/2020 10:00 AM,0.264,0.361,0.372,0.385,#N/A
5/18/2020 11:00 AM,0.264,0.357,0.372,0.386,#N/A
5/18/2020 12:00 PM,0.264,0.355,0.374,0.393,#N/A
5/18/2020 1:00 PM,0.264,0.357,0.375,0.513,#N/A
5/18/2020 2:00 PM,0.264,0.359,0.375,0.388,#N/A
5/18/2020 3:00 PM,0.265,0.358,0.375,0.392,#N/A
5/18/2020 4:00 PM,0.266,0.361,0.375,0.388,#N/A
5/18/2020 5:00 PM,0.266,0.361,0.375,0.389,#N/A
5/18/2020 6:00 PM,0.266,0.364,0.375,0.390,#N/A
5/18/2020 7:00 PM,0.266,0.361,0.375,0.391,#N/A
5/18/2020 8:00 PM,0.265,0.362,0.375,0.391,#N/A
5/18/2020 9:00 PM,0.265,0.362,0.374,0.390,#N/A
5/18/2020 10:00 PM,0.264,0.361,0.373,0.391,#N/A
5/18/2020 11:00 PM,0.264,0.357,0.373,0.392,#N/A
5/19/2020 12:00 AM,0.264,0.356,0.373,0.388,#N/A
5/19/2020 1:00 AM,0.264,0.356,0.372,0.387,#N/A
5/19/2020 2:00 AM,0.263,0.361,0.372,0.385,#N/A
5/19/2020 3:00 AM,0.263,0.357,0.370,0.384,#N/A
5/19/2020 4:00 AM,0.263,0.355,0.369,0.383,#N/A
5/19/2020 5:00 AM,0.262,0.355,0.368,0.381,#N/A
5/19/2020 6:00 AM,0.261,0.355,0.368,0.380,#N/A
5/19/2020 7:00 AM,0.261,0.353,0.368,0.379,#N/A
5/19/2020 8:00 AM,0.261,0.355,0.369,0.377,#N/A
5/19/2020 9:00 AM,0.261,0.353,0.371,0.377,#N/A
5/19/2020 10:00 AM,0.261,0.350,0.373,0.375,#N/A
5/19/2020 11:00 AM,0.261,0.355,0.374,0.376,#N/A
5/19/2020 12:00 PM,0.262,0.355,0.375,0.377,#N/A
5/19/2020 1:00 PM,0.263,0.356,0.375,0.380,#N/A
5/19/2020 2:00 PM,0.264,0.355,0.375,0.382,#N/A
5/19/2020 3:00 PM,0.264,0.360,0.374,0.384,#N/A
5/19/2020 4:00 PM,0.265,0.362,0.374,0.384,#N/A
5/19/2020 5:00 PM,0.266,0.357,0.374,0.385,#N/A
5/19/2020 6:00 PM,0.265,0.363,0.374,0.386,#N/A
5/19/2020 7:00 PM,0.265,0.363,0.373,0.388,#N/A
5/19/2020 8:00 PM,0.265,0.360,0.373,0.388,#N/A
5/19/2020 9:00 PM,0.264,0.362,0.372,0.387,#N/A
5/19/2020 10:00 PM,0.264,0.361,0.372,0.385,#N/A
5/19/2020 11:00 PM,0.264,0.361,0.370,0.388,#N/A
5/20/2020 12:00 AM,0.264,0.360,0.369,0.383,#N/A
5/20/2020 1:00 AM,0.264,0.358,0.368,0.383,#N/A
5/20/2020 2:00 AM,0.263,0.359,0.368,0.381,#N/A
5/20/2020 3:00 AM,0.262,0.358,0.368,0.378,#N/A
5/20/2020 4:00 AM,0.261,0.355,0.367,0.378,#N/A
5/20/2020 5:00 AM,0.261,0.355,0.367,0.376,#N/A
5/20/2020 6:00 AM,0.261,0.354,0.366,0.374,#N/A
5/20/2020 7:00 AM,0.260,0.353,0.365,0.374,#N/A
5/20/2020 8:00 AM,0.259,0.354,0.368,0.376,#N/A
5/20/2020 9:00 AM,0.259,0.351,0.372,0.378,#N/A
5/20/2020 10:00 AM,0.259,0.352,0.372,0.372,#N/A
5/20/2020 11:00 AM,0.260,0.353,0.372,0.372,#N/A
5/20/2020 12:00 PM,0.261,0.354,0.373,0.373,#N/A
5/20/2020 1:00 PM,0.262,0.356,0.374,0.375,#N/A
5/20/2020 2:00 PM,0.263,0.360,0.374,0.377,#N/A
5/20/2020 3:00 PM,0.264,0.360,0.375,0.378,#N/A
5/20/2020 4:00 PM,0.264,0.361,0.375,0.380,#N/A
5/20/2020 5:00 PM,0.265,0.363,0.375,0.381,#N/A
5/20/2020 6:00 PM,0.265,0.365,0.375,0.381,#N/A
5/20/2020 7:00 PM,0.265,0.363,0.375,0.382,#N/A
5/20/2020 8:00 PM,0.265,0.361,0.375,0.382,#N/A
5/20/2020 9:00 PM,0.265,0.359,0.373,0.381,#N/A
5/20/2020 10:00 PM,0.264,0.361,0.372,0.381,#N/A
5/20/2020 11:00 PM,0.264,0.358,0.371,0.381,#N/A
5/21/2020 12:00 AM,0.264,0.361,0.370,0.380,#N/A
5/21/2020 1:00 AM,0.264,0.361,0.370,0.378,#N/A
5/21/2020 2:00 AM,0.263,0.358,0.370,0.377,#N/A
5/21/2020 3:00 AM,0.263,0.360,0.369,0.374,#N/A
5/21/2020 4:00 AM,0.261,0.357,0.369,0.373,#N/A
5/21/2020 5:00 AM,0.261,0.355,0.368,0.372,#N/A
5/21/2020 6:00 AM,0.261,0.355,0.368,0.371,#N/A
5/21/2020 7:00 AM,0.260,0.355,0.368,0.371,#N/A
5/21/2020 8:00 AM,0.260,0.353,0.373,0.373,#N/A
5/21/2020 9:00 AM,0.259,0.354,0.373,0.382,#N/A
5/21/2020 10:00 AM,0.260,0.355,0.374,0.367,#N/A
5/21/2020 11:00 AM,0.261,0.356,0.374,0.368,#N/A
5/21/2020 12:00 PM,0.262,0.357,0.375,0.368,#N/A
5/21/2020 1:00 PM,0.264,0.358,0.376,0.369,#N/A
5/21/2020 2:00 PM,0.264,0.361,0.377,0.370,#N/A
5/21/2020 3:00 PM,0.265,0.361,0.377,0.372,#N/A
5/21/2020 4:00 PM,0.266,0.364,0.377,0.374,#N/A
5/21/2020 5:00 PM,0.267,0.366,0.375,0.374,#N/A
5/21/2020 6:00 PM,0.267,0.366,0.374,0.376,#N/A
5/21/2020 7:00 PM,0.267,0.366,0.374,0.376,#N/A
5/21/2020 8:00 PM,0.267,0.366,0.373,0.376,#N/A
5/21/2020 9:00 PM,0.266,0.365,0.373,0.377,#N/A
5/21/2020 10:00 PM,0.266,0.364,0.373,0.377,#N/A
5/21/2020 11:00 PM,0.265,0.363,0.372,0.376,#N/A
5/22/2020 12:00 AM,0.264,0.361,0.371,0.374,#N/A
5/22/2020 1:00 AM,0.264,0.361,0.370,0.372,#N/A
5/22/2020 2:00 AM,0.264,0.361,0.370,0.373,#N/A
5/22/2020 3:00 AM,0.263,0.361,0.369,0.371,#N/A
5/22/2020 4:00 AM,0.263,0.362,0.368,0.370,#N/A
5/22/2020 5:00 AM,0.262,0.356,0.368,0.367,#N/A
5/22/2020 6:00 AM,0.261,0.357,0.367,0.366,#N/A
5/22/2020 7:00 AM,0.261,0.356,0.367,0.365,#N/A
5/22/2020 8:00 AM,0.260,0.355,0.369,0.365,#N/A
5/22/2020 9:00 AM,0.260,0.354,0.369,0.363,#N/A
5/22/2020 10:00 AM,0.260,0.353,0.370,0.360,#N/A
5/22/2020 11:00 AM,0.261,0.353,0.371,0.360,#N/A
5/22/2020 12:00 PM,0.263,0.355,0.372,0.361,#N/A
5/22/2020 1:00 PM,0.264,0.355,0.374,0.363,#N/A
5/22/2020 2:00 PM,0.266,0.361,0.374,0.366,#N/A
5/22/2020 3:00 PM,0.268,0.361,0.374,0.367,#N/A
5/22/2020 4:00 PM,0.268,0.363,0.374,0.367,#N/A
5/22/2020 5:00 PM,0.269,0.366,0.374,0.368,#N/A
5/22/2020 6:00 PM,0.269,0.366,0.373,0.370,#N/A
5/22/2020 7:00 PM,0.268,0.366,0.372,0.371,#N/A
5/22/2020 8:00 PM,0.268,0.363,0.372,0.372,#N/A
5/22/2020 9:00 PM,0.268,0.361,0.372,0.371,#N/A
5/22/2020 10:00 PM,0.267,0.360,0.371,0.370,#N/A
5/22/2020 11:00 PM,0.266,0.359,0.370,0.370,#N/A
5/23/2020 12:00 AM,0.265,0.360,0.371,0.368,#N/A
5/23/2020 1:00 AM,0.264,0.360,0.370,0.367,#N/A
5/23/2020 2:00 AM,0.264,0.361,0.370,0.366,#N/A
5/23/2020 3:00 AM,0.263,0.358,0.369,0.364,#N/A
5/23/2020 4:00 AM,0.263,0.357,0.369,0.362,#N/A
5/23/2020 5:00 AM,0.261,0.357,0.368,0.361,#N/A
5/23/2020 6:00 AM,0.261,0.355,0.368,0.361,#N/A
5/23/2020 7:00 AM,0.260,0.353,0.367,0.360,#N/A
5/23/2020 8:00 AM,0.260,0.352,0.368,0.360,#N/A
5/23/2020 9:00 AM,0.259,0.354,0.369,0.360,#N/A
5/23/2020 10:00 AM,0.259,0.350,0.370,0.357,#N/A
5/23/2020 11:00 AM,0.261,0.353,0.371,0.356,#N/A
5/23/2020 12:00 PM,0.262,0.355,0.371,0.357,#N/A
5/23/2020 1:00 PM,0.264,0.356,0.372,0.359,#N/A
5/23/2020 2:00 PM,0.265,0.358,0.373,0.361,#N/A
5/23/2020 3:00 PM,0.266,0.358,0.373,0.362,#N/A
5/23/2020 4:00 PM,0.268,0.361,0.374,0.364,#N/A
5/23/2020 5:00 PM,0.268,0.363,0.374,0.364,#N/A
5/23/2020 6:00 PM,0.268,0.364,0.374,0.366,#N/A
5/23/2020 7:00 PM,0.268,0.362,0.373,0.366,#N/A
5/23/2020 8:00 PM,0.267,0.361,0.372,0.367,#N/A
5/23/2020 9:00 PM,0.266,0.359,0.372,0.366,#N/A
5/23/2020 10:00 PM,0.266,0.356,0.370,0.365,#N/A
5/23/2020 11:00 PM,0.265,0.358,0.368,0.364,#N/A
5/24/2020 12:00 AM,0.264,0.358,0.368,0.362,#N/A
5/24/2020 1:00 AM,0.264,0.359,0.367,0.361,#N/A
5/24/2020 2:00 AM,0.263,0.360,0.366,0.360,#N/A
5/24/2020 3:00 AM,0.262,0.356,0.365,0.360,#N/A
5/24/2020 4:00 AM,0.261,0.354,0.365,0.357,#N/A
5/24/2020 5:00 AM,0.261,0.354,0.365,0.356,#N/A
5/24/2020 6:00 AM,0.260,0.353,0.364,0.355,#N/A
5/24/2020 7:00 AM,0.259,0.352,0.364,0.354,#N/A
5/24/2020 8:00 AM,0.259,0.350,0.364,0.353,#N/A
5/24/2020 9:00 AM,0.258,0.349,0.365,0.352,#N/A
5/24/2020 10:00 AM,0.259,0.350,0.367,0.350,#N/A
5/24/2020 11:00 AM,0.259,0.351,0.369,0.351,#N/A
5/24/2020 12:00 PM,0.261,0.352,0.370,0.360,#N/A
5/24/2020 1:00 PM,0.263,0.353,0.371,0.364,#N/A
5/24/2020 2:00 PM,0.264,0.355,0.372,0.363,#N/A
5/24/2020 3:00 PM,0.266,0.358,0.373,0.366,#N/A
5/24/2020 4:00 PM,0.267,0.359,0.373,0.367,#N/A
5/24/2020 5:00 PM,0.268,0.361,0.373,0.362,#N/A
5/24/2020 6:00 PM,0.268,0.363,0.373,0.362,#N/A
5/24/2020 7:00 PM,0.267,0.362,0.373,0.363,#N/A
5/24/2020 8:00 PM,0.267,0.360,0.373,0.362,#N/A
5/24/2020 9:00 PM,0.266,0.360,0.371,0.362,#N/A
5/24/2020 10:00 PM,0.266,0.359,0.370,0.366,#N/A
5/24/2020 11:00 PM,0.265,0.357,0.369,0.363,#N/A
5/25/2020 12:00 AM,0.264,0.356,0.369,0.362,#N/A
5/25/2020 1:00 AM,0.264,0.357,0.368,0.361,#N/A
5/25/2020 2:00 AM,0.263,0.355,0.368,0.358,#N/A
5/25/2020 3:00 AM,0.262,0.354,0.367,0.355,#N/A
5/25/2020 4:00 AM,0.261,0.355,0.367,0.354,#N/A
5/25/2020 5:00 AM,0.261,0.354,0.365,0.352,#N/A
5/25/2020 6:00 AM,0.260,0.351,0.365,0.350,#N/A
5/25/2020 7:00 AM,0.259,0.349,0.365,0.350,#N/A
5/25/2020 8:00 AM,0.259,0.349,0.367,0.350,#N/A
5/25/2020 9:00 AM,0.259,0.349,0.368,0.349,#N/A
5/25/2020 10:00 AM,0.259,0.351,0.370,0.347,#N/A
5/25/2020 11:00 AM,0.260,0.350,0.371,0.348,#N/A
5/25/2020 12:00 PM,0.262,0.355,0.372,0.349,#N/A
5/25/2020 1:00 PM,0.264,0.362,0.374,0.350,#N/A
5/25/2020 2:00 PM,0.265,0.365,0.374,0.352,#N/A
5/25/2020 3:00 PM,0.267,0.359,0.375,0.354,#N/A
5/25/2020 4:00 PM,0.268,0.361,0.375,0.355,#N/A
5/25/2020 5:00 PM,0.268,0.361,0.375,0.357,#N/A
5/25/2020 6:00 PM,0.268,0.362,0.374,0.357,#N/A
5/25/2020 7:00 PM,0.268,0.361,0.373,0.358,#N/A
5/25/2020 8:00 PM,0.268,0.357,0.373,0.359,#N/A
5/25/2020 9:00 PM,0.268,0.360,0.373,0.361,#N/A
5/25/2020 10:00 PM,0.267,0.360,0.372,0.360,#N/A
5/25/2020 11:00 PM,0.266,0.359,0.370,0.360,#N/A
5/26/2020 12:00 AM,0.266,0.357,0.370,0.356,#N/A
5/26/2020 1:00 AM,0.264,0.357,0.370,0.355,#N/A
5/26/2020 2:00 AM,0.264,0.355,0.369,0.355,#N/A
5/26/2020 3:00 AM,0.264,0.352,0.369,0.356,#N/A
5/26/2020 4:00 AM,0.263,0.349,0.368,0.354,#N/A
5/26/2020 5:00 AM,0.262,0.348,0.368,0.352,#N/A
5/26/2020 6:00 AM,0.261,0.347,0.368,0.349,#N/A
5/26/2020 7:00 AM,0.261,0.346,0.367,0.348,#N/A
5/26/2020 8:00 AM,0.260,0.351,0.369,0.347,#N/A
5/26/2020 9:00 AM,0.260,0.350,0.371,0.345,#N/A
5/26/2020 10:00 AM,0.261,0.352,0.372,0.344,#N/A
5/26/2020 11:00 AM,0.262,0.351,0.374,0.344,#N/A
5/26/2020 12:00 PM,0.264,0.351,0.374,0.346,#N/A
5/26/2020 1:00 PM,0.265,0.354,0.375,0.348,#N/A
5/26/2020 2:00 PM,0.267,0.353,0.376,0.349,#N/A
5/26/2020 3:00 PM,0.268,0.359,0.376,0.352,#N/A
5/26/2020 4:00 PM,0.269,0.360,0.377,0.355,#N/A
5/26/2020 5:00 PM,0.270,0.360,0.376,0.355,#N/A
5/26/2020 6:00 PM,0.270,0.360,0.376,0.355,#N/A
5/26/2020 7:00 PM,0.270,0.359,0.375,0.356,#N/A
5/26/2020 8:00 PM,0.270,0.357,0.375,0.356,#N/A
5/26/2020 9:00 PM,0.268,0.361,0.375,0.355,#N/A
5/26/2020 10:00 PM,0.268,0.358,0.374,0.355,#N/A
5/26/2020 11:00 PM,0.267,0.358,0.373,0.355,#N/A
5/27/2020 12:00 AM,0.266,0.355,0.373,0.354,#N/A
5/27/2020 1:00 AM,0.265,0.352,0.373,0.352,#N/A
5/27/2020 2:00 AM,0.264,0.349,0.372,0.350,#N/A
5/27/2020 3:00 AM,0.264,0.349,0.371,0.349,#N/A
5/27/2020 4:00 AM,0.264,0.351,0.370,0.347,#N/A
5/27/2020 5:00 AM,0.263,0.349,0.370,0.346,#N/A
5/27/2020 6:00 AM,0.262,0.350,0.370,0.345,#N/A
5/27/2020 7:00 AM,0.261,0.349,0.369,0.344,#N/A
5/27/2020 8:00 AM,0.261,0.349,0.373,0.347,#N/A
5/27/2020 9:00 AM,0.261,0.349,0.372,0.362,#N/A
5/27/2020 10:00 AM,0.261,0.349,0.373,0.341,#N/A
5/27/2020 11:00 AM,0.263,0.350,0.374,0.341,#N/A
5/27/2020 12:00 PM,0.264,0.352,0.374,0.342,#N/A
5/27/2020 1:00 PM,0.265,0.354,0.376,0.343,#N/A
5/27/2020 2:00 PM,0.267,0.355,0.376,0.345,#N/A
5/27/2020 3:00 PM,0.268,0.355,0.377,0.348,#N/A
5/27/2020 4:00 PM,0.270,0.357,0.378,0.349,#N/A
5/27/2020 5:00 PM,0.270,0.355,0.378,0.351,#N/A
5/27/2020 6:00 PM,0.270,0.356,0.378,0.353,#N/A
5/27/2020 7:00 PM,0.270,0.356,0.378,0.353,#N/A
5/27/2020 8:00 PM,0.270,0.355,0.378,0.353,#N/A
5/27/2020 9:00 PM,0.269,0.355,0.377,0.353,#N/A
5/27/2020 10:00 PM,0.268,0.356,0.375,0.351,#N/A
5/27/2020 11:00 PM,0.268,0.357,0.375,0.350,#N/A
5/28/2020 12:00 AM,0.267,0.355,0.375,0.349,#N/A
5/28/2020 1:00 AM,0.266,0.351,0.374,0.348,#N/A
5/28/2020 2:00 AM,0.264,0.350,0.373,0.347,#N/A
5/28/2020 3:00 AM,0.264,0.351,0.373,0.345,#N/A
5/28/2020 4:00 AM,0.264,0.348,0.372,0.343,#N/A
5/28/2020 5:00 AM,0.263,0.349,0.372,0.343,#N/A
5/28/2020 6:00 AM,0.262,0.349,0.370,0.341,#N/A
5/28/2020 7:00 AM,0.261,0.349,0.370,0.341,#N/A
5/28/2020 8:00 AM,0.261,0.347,0.372,0.341,#N/A
5/28/2020 9:00 AM,0.261,0.348,0.370,0.348,#N/A
5/28/2020 10:00 AM,0.261,0.349,0.371,0.340,#N/A
5/28/2020 11:00 AM,0.262,0.349,0.372,0.340,#N/A
5/28/2020 12:00 PM,0.264,0.351,0.374,0.341,#N/A
5/28/2020 1:00 PM,0.265,0.353,0.375,0.343,#N/A
5/28/2020 2:00 PM,0.267,0.354,0.375,0.345,#N/A
5/28/2020 3:00 PM,0.268,0.354,0.375,0.349,#N/A
5/28/2020 4:00 PM,0.269,0.358,0.376,0.350,#N/A
5/28/2020 5:00 PM,0.270,0.358,0.375,0.352,#N/A
5/28/2020 6:00 PM,0.270,0.355,0.376,0.354,#N/A
5/28/2020 7:00 PM,0.270,0.355,0.376,0.352,#N/A
5/28/2020 8:00 PM,0.269,0.353,0.376,0.352,#N/A
5/28/2020 9:00 PM,0.268,0.354,0.376,0.350,#N/A
5/28/2020 10:00 PM,0.268,0.352,0.375,0.350,#N/A
5/28/2020 11:00 PM,0.267,0.350,0.375,0.349,#N/A
5/29/2020 12:00 AM,0.266,0.353,0.374,0.347,#N/A
5/29/2020 1:00 AM,0.264,0.353,0.374,0.346,#N/A
5/29/2020 2:00 AM,0.264,0.351,0.373,0.344,#N/A
5/29/2020 3:00 AM,0.264,0.351,0.373,0.343,#N/A
5/29/2020 4:00 AM,0.263,0.349,0.372,0.341,#N/A
5/29/2020 5:00 AM,0.262,0.349,0.371,0.340,#N/A
5/29/2020 6:00 AM,0.261,0.349,0.370,0.339,#N/A
5/29/2020 7:00 AM,0.261,0.348,0.370,0.338,#N/A
5/29/2020 8:00 AM,0.260,0.349,0.370,0.339,#N/A
5/29/2020 9:00 AM,0.260,0.345,0.370,0.343,#N/A
5/29/2020 10:00 AM,0.260,0.347,0.370,0.341,#N/A
5/29/2020 11:00 AM,0.261,0.347,0.371,0.339,#N/A
5/29/2020 12:00 PM,0.262,0.348,0.372,0.341,#N/A
5/29/2020 1:00 PM,0.264,0.349,0.373,0.343,#N/A
5/29/2020 2:00 PM,0.264,0.349,0.374,0.344,#N/A
5/29/2020 3:00 PM,0.266,0.351,0.374,0.346,#N/A
5/29/2020 4:00 PM,0.267,0.352,0.375,0.348,#N/A
5/29/2020 5:00 PM,0.267,0.355,0.375,0.349,#N/A
5/29/2020 6:00 PM,0.267,0.354,0.375,0.351,#N/A
5/29/2020 7:00 PM,0.267,0.353,0.375,0.349,#N/A
5/29/2020 8:00 PM,0.266,0.352,0.374,0.349,#N/A
5/29/2020 9:00 PM,0.266,0.354,0.373,0.349,#N/A
5/29/2020 10:00 PM,0.264,0.353,0.372,0.347,#N/A
5/29/2020 11:00 PM,0.264,0.351,0.371,0.345,#N/A
5/30/2020 12:00 AM,0.264,0.349,0.370,0.343,#N/A
5/30/2020 1:00 AM,0.263,0.349,0.370,0.342,#N/A
5/30/2020 2:00 AM,0.262,0.349,0.370,0.342,#N/A
5/30/2020 3:00 AM,0.261,0.349,0.370,0.340,#N/A
5/30/2020 4:00 AM,0.261,0.343,0.369,0.338,#N/A
5/30/2020 5:00 AM,0.260,0.343,0.369,0.337,#N/A
5/30/2020 6:00 AM,0.259,0.341,0.368,0.336,#N/A
5/30/2020 7:00 AM,0.259,0.341,0.368,0.335,#N/A
5/30/2020 8:00 AM,0.259,0.345,0.368,0.337,#N/A
5/30/2020 9:00 AM,0.258,0.343,0.369,0.543,#N/A
5/30/2020 10:00 AM,0.259,0.339,0.370,0.335,#N/A
5/30/2020 11:00 AM,0.259,0.343,0.370,0.337,#N/A
5/30/2020 12:00 PM,0.259,0.344,0.371,0.338,#N/A
5/30/2020 1:00 PM,0.260,0.345,0.371,0.338,#N/A
5/30/2020 2:00 PM,0.262,0.347,0.372,0.338,#N/A
5/30/2020 3:00 PM,0.263,0.347,0.373,0.341,#N/A
5/30/2020 4:00 PM,0.264,0.346,0.374,0.343,#N/A
5/30/2020 5:00 PM,0.264,0.346,0.374,0.343,#N/A
5/30/2020 6:00 PM,0.264,0.349,0.373,0.346,#N/A
5/30/2020 7:00 PM,0.264,0.348,0.373,0.345,#N/A
5/30/2020 8:00 PM,0.264,0.349,0.373,0.345,#N/A
5/30/2020 9:00 PM,0.263,0.353,0.372,0.343,#N/A
5/30/2020 10:00 PM,0.263,0.355,0.370,0.343,#N/A
5/30/2020 11:00 PM,0.262,0.355,0.370,0.342,#N/A
5/31/2020 12:00 AM,0.261,0.351,0.370,0.340,#N/A
5/31/2020 1:00 AM,0.261,0.350,0.369,0.339,#N/A
5/31/2020 2:00 AM,0.260,0.350,0.368,0.337,#N/A
5/31/2020 3:00 AM,0.259,0.349,0.368,0.336,#N/A
5/31/2020 4:00 AM,0.259,0.348,0.368,0.334,#N/A
5/31/2020 5:00 AM,0.258,0.347,0.367,0.332,#N/A
5/31/2020 6:00 AM,0.257,0.344,0.367,0.332,#N/A
5/31/2020 7:00 AM,0.256,0.343,0.366,0.331,#N/A
5/31/2020 8:00 AM,0.256,0.343,0.368,0.332,#N/A
5/31/2020 9:00 AM,0.256,0.340,0.369,0.330,#N/A
5/31/2020 10:00 AM,0.256,0.341,0.369,0.331,#N/A
5/31/2020 11:00 AM,0.258,0.343,0.370,0.331,#N/A
5/31/2020 12:00 PM,0.258,0.343,0.370,0.333,#N/A
5/31/2020 1:00 PM,0.259,0.345,0.372,0.335,#N/A
5/31/2020 2:00 PM,0.261,0.346,0.373,0.337,#N/A
5/31/2020 3:00 PM,0.262,0.349,0.374,0.338,#N/A
5/31/2020 4:00 PM,0.263,0.349,0.374,0.341,#N/A
5/31/2020 5:00 PM,0.263,0.349,0.374,0.342,#N/A
5/31/2020 6:00 PM,0.264,0.352,0.373,0.343,#N/A
5/31/2020 7:00 PM,0.264,0.350,0.372,0.344,#N/A
5/31/2020 8:00 PM,0.264,0.349,0.371,0.344,#N/A
5/31/2020 9:00 PM,0.263,0.349,0.370,0.342,#N/A
5/31/2020 10:00 PM,0.263,0.349,0.370,0.343,#N/A
5/31/2020 11:00 PM,0.262,0.353,0.370,0.340,#N/A
6/1/2020 12:00 AM,0.261,0.351,0.369,0.338,#N/A
6/1/2020 1:00 AM,0.261,0.350,0.369,0.337,#N/A
6/1/2020 2:00 AM,0.260,0.349,0.368,0.336,#N/A
6/1/2020 3:00 AM,0.259,0.349,0.368,0.336,#N/A
6/1/2020 4:00 AM,0.259,0.347,0.368,0.334,#N/A
6/1/2020 5:00 AM,0.258,0.343,0.368,0.333,#N/A
6/1/2020 6:00 AM,0.258,0.342,0.367,0.334,#N/A
6/1/2020 7:00 AM,0.257,0.342,0.367,0.332,#N/A
6/1/2020 8:00 AM,0.256,0.341,0.367,0.331,#N/A
6/1/2020 9:00 AM,0.256,0.338,0.367,0.418,#N/A
6/1/2020 10:00 AM,0.256,0.341,0.368,0.332,#N/A
6/1/2020 11:00 AM,0.257,0.343,0.371,0.330,#N/A
6/1/2020 12:00 PM,0.258,0.344,0.374,0.331,#N/A
6/1/2020 1:00 PM,0.259,0.346,0.372,0.333,#N/A
6/1/2020 2:00 PM,0.261,0.347,0.373,0.336,#N/A
6/1/2020 3:00 PM,0.263,0.349,0.374,0.338,#N/A
6/1/2020 4:00 PM,0.264,0.351,0.373,0.341,#N/A
6/1/2020 5:00 PM,0.264,0.350,0.373,0.341,#N/A
6/1/2020 6:00 PM,0.264,0.349,0.373,0.343,#N/A
6/1/2020 7:00 PM,0.264,0.351,0.373,0.343,#N/A
6/1/2020 8:00 PM,0.264,0.354,0.373,0.342,#N/A
6/1/2020 9:00 PM,0.264,0.353,0.372,0.339,#N/A
6/1/2020 10:00 PM,0.264,0.349,0.372,0.341,#N/A
6/1/2020 11:00 PM,0.263,0.348,0.371,0.342,#N/A
6/2/2020 12:00 AM,0.263,0.348,0.371,0.339,#N/A
6/2/2020 1:00 AM,0.261,0.352,0.370,0.338,#N/A
6/2/2020 2:00 AM,0.261,0.351,0.370,0.337,#N/A
6/2/2020 3:00 AM,0.260,0.352,0.370,0.336,#N/A
6/2/2020 4:00 AM,0.259,0.348,0.369,0.334,#N/A
6/2/2020 5:00 AM,0.259,0.346,0.368,0.333,#N/A
6/2/2020 6:00 AM,0.258,0.344,0.368,0.332,#N/A
6/2/2020 7:00 AM,0.258,0.344,0.368,0.331,#N/A
6/2/2020 8:00 AM,0.258,0.343,0.369,0.587,#N/A
6/2/2020 9:00 AM,0.257,0.343,0.369,0.334,#N/A
6/2/2020 10:00 AM,0.258,0.341,0.368,0.332,#N/A
6/2/2020 11:00 AM,0.258,0.343,0.370,0.332,#N/A
6/2/2020 12:00 PM,0.259,0.346,0.374,0.332,#N/A
6/2/2020 1:00 PM,0.260,0.343,0.374,0.334,#N/A
6/2/2020 2:00 PM,0.262,0.345,0.375,0.336,#N/A
6/2/2020 3:00 PM,0.263,0.349,0.375,0.338,#N/A
6/2/2020 4:00 PM,0.264,0.351,0.374,0.341,#N/A
6/2/2020 5:00 PM,0.264,0.351,0.374,0.342,#N/A
6/2/2020 6:00 PM,0.264,0.352,0.374,0.343,#N/A
6/2/2020 7:00 PM,0.264,0.354,0.374,0.343,#N/A
6/2/2020 8:00 PM,0.264,0.354,0.374,0.343,#N/A
6/2/2020 9:00 PM,0.264,0.355,0.373,0.340,#N/A
6/2/2020 10:00 PM,0.263,0.352,0.373,0.343,#N/A
6/2/2020 11:00 PM,0.263,0.352,0.373,0.343,#N/A
6/3/2020 12:00 AM,0.262,0.353,0.373,0.341,#N/A
6/3/2020 1:00 AM,0.261,0.352,0.373,0.338,#N/A
6/3/2020 2:00 AM,0.218,0.349,0.372,0.337,#N/A
6/3/2020 3:00 AM,0.129,0.346,0.372,0.336,#N/A
6/3/2020 4:00 AM,0.131,0.346,0.371,0.335,#N/A
6/3/2020 5:00 AM,0.125,0.345,0.370,0.333,#N/A
6/3/2020 6:00 AM,0.171,0.345,0.370,0.332,#N/A
6/3/2020 7:00 AM,0.171,0.343,0.370,0.333,#N/A
6/3/2020 8:00 AM,0.171,0.344,0.371,0.332,#N/A
6/3/2020 9:00 AM,0.171,0.344,0.372,0.332,#N/A
6/3/2020 10:00 AM,0.172,0.344,0.374,0.331,#N/A
6/3/2020 11:00 AM,0.173,0.344,0.374,0.330,#N/A
6/3/2020 12:00 PM,0.174,0.347,0.375,0.333,#N/A
6/3/2020 1:00 PM,0.174,0.347,0.375,0.335,#N/A
6/3/2020 2:00 PM,0.176,0.348,0.376,0.337,#N/A
6/3/2020 3:00 PM,0.176,0.350,0.377,0.340,#N/A
6/3/2020 4:00 PM,0.176,0.354,0.377,0.343,#N/A
6/3/2020 5:00 PM,0.176,0.358,0.377,0.343,#N/A
6/3/2020 6:00 PM,0.176,0.357,0.377,0.344,#N/A
6/3/2020 7:00 PM,0.176,0.358,0.377,0.344,#N/A
6/3/2020 8:00 PM,0.176,0.357,0.375,0.344,#N/A
6/3/2020 9:00 PM,0.176,0.355,0.375,0.343,#N/A
6/3/2020 10:00 PM,0.176,0.356,0.375,0.343,#N/A
6/3/2020 11:00 PM,0.176,0.355,0.374,0.342,#N/A
6/4/2020 12:00 AM,0.175,0.354,0.374,0.341,#N/A
6/4/2020 1:00 AM,0.175,0.353,0.373,0.339,#N/A
6/4/2020 2:00 AM,0.174,0.349,0.373,0.338,#N/A
6/4/2020 3:00 AM,0.174,0.349,0.373,0.337,#N/A
6/4/2020 4:00 AM,0.174,0.346,0.372,0.336,#N/A
6/4/2020 5:00 AM,0.173,0.344,0.372,0.336,#N/A
6/4/2020 6:00 AM,0.173,0.344,0.372,0.334,#N/A
6/4/2020 7:00 AM,0.172,0.344,0.371,0.332,#N/A
6/4/2020 8:00 AM,0.172,0.344,0.373,0.333,#N/A
6/4/2020 9:00 AM,0.172,0.344,0.373,0.330,#N/A
6/4/2020 10:00 AM,0.173,0.344,0.374,0.330,#N/A
6/4/2020 11:00 AM,0.174,0.343,0.374,0.331,#N/A
6/4/2020 12:00 PM,0.174,0.344,0.376,0.333,#N/A
6/4/2020 1:00 PM,0.175,0.346,0.376,0.336,#N/A
6/4/2020 2:00 PM,0.176,0.350,0.378,0.338,#N/A
6/4/2020 3:00 PM,0.177,0.354,0.378,0.340,#N/A
6/4/2020 4:00 PM,0.178,0.356,0.378,0.342,#N/A
6/4/2020 5:00 PM,0.178,0.355,0.378,0.344,#N/A
6/4/2020 6:00 PM,0.178,0.356,0.378,0.344,#N/A
6/4/2020 7:00 PM,0.178,0.353,0.377,0.343,#N/A
6/4/2020 8:00 PM,0.178,0.354,0.376,0.343,#N/A
6/4/2020 9:00 PM,0.178,0.354,0.375,0.343,#N/A
6/4/2020 10:00 PM,0.177,0.354,0.375,0.342,#N/A
6/4/2020 11:00 PM,0.176,0.351,0.374,0.340,#N/A
6/5/2020 12:00 AM,0.176,0.350,0.373,0.338,#N/A
6/5/2020 1:00 AM,0.176,0.350,0.373,0.337,#N/A
6/5/2020 2:00 AM,0.175,0.349,0.373,0.335,#N/A
6/5/2020 3:00 AM,0.174,0.346,0.372,0.333,#N/A
6/5/2020 4:00 AM,0.174,0.346,0.372,0.332,#N/A
6/5/2020 5:00 AM,0.174,0.345,0.372,0.332,#N/A
6/5/2020 6:00 AM,0.174,0.344,0.370,0.330,#N/A
6/5/2020 7:00 AM,0.173,0.344,0.370,0.330,#N/A
6/5/2020 8:00 AM,0.173,0.343,0.370,0.330,#N/A
6/5/2020 9:00 AM,0.173,0.339,0.370,0.328,#N/A
6/5/2020 10:00 AM,0.173,0.342,0.372,0.332,#N/A
6/5/2020 11:00 AM,0.173,0.341,0.372,0.329,#N/A
6/5/2020 12:00 PM,0.173,0.339,0.371,0.368,#N/A
6/5/2020 1:00 PM,0.174,0.341,0.370,0.330,#N/A
6/5/2020 2:00 PM,0.174,0.344,0.370,0.330,#N/A
6/5/2020 3:00 PM,0.174,0.343,0.371,0.332,#N/A
6/5/2020 4:00 PM,0.175,0.346,0.370,0.334,#N/A
6/5/2020 5:00 PM,0.175,0.345,0.371,0.334,#N/A
6/5/2020 6:00 PM,0.175,0.345,0.372,0.335,#N/A
6/5/2020 7:00 PM,0.175,0.346,0.371,0.333,#N/A
6/5/2020 8:00 PM,0.174,0.343,0.371,0.333,#N/A
6/5/2020 9:00 PM,0.174,0.345,0.370,0.332,#N/A
6/5/2020 10:00 PM,0.174,0.343,0.370,0.330,#N/A
6/5/2020 11:00 PM,0.174,0.343,0.370,0.330,#N/A
6/6/2020 12:00 AM,0.174,0.343,0.370,0.330,#N/A
6/6/2020 1:00 AM,0.173,0.343,0.370,0.328,#N/A
6/6/2020 2:00 AM,0.173,0.343,0.369,0.327,#N/A
6/6/2020 3:00 AM,0.173,0.342,0.368,0.326,#N/A
6/6/2020 4:00 AM,0.173,0.342,0.368,0.326,#N/A
6/6/2020 5:00 AM,0.172,0.340,0.368,0.325,#N/A
6/6/2020 6:00 AM,0.172,0.339,0.368,0.324,#N/A
6/6/2020 7:00 AM,0.171,0.339,0.367,0.324,#N/A
6/6/2020 8:00 AM,0.171,0.338,0.367,0.323,#N/A
6/6/2020 9:00 AM,0.171,0.337,0.367,0.322,#N/A
6/6/2020 10:00 AM,0.171,0.337,0.367,0.322,#N/A
6/6/2020 11:00 AM,0.171,0.337,0.368,0.324,#N/A
6/6/2020 12:00 PM,0.172,0.333,0.368,0.325,#N/A
6/6/2020 1:00 PM,0.172,0.337,0.368,0.326,#N/A
6/6/2020 2:00 PM,0.173,0.339,0.368,0.326,#N/A
6/6/2020 3:00 PM,0.173,0.340,0.369,0.327,#N/A
6/6/2020 4:00 PM,0.173,0.343,0.369,0.328,#N/A
6/6/2020 5:00 PM,0.174,0.343,0.369,0.329,#N/A
6/6/2020 6:00 PM,0.174,0.343,0.369,0.331,#N/A
6/6/2020 7:00 PM,0.174,0.341,0.369,0.332,#N/A
6/6/2020 8:00 PM,0.174,0.343,0.369,0.332,#N/A
6/6/2020 9:00 PM,0.174,0.347,0.369,0.331,#N/A
6/6/2020 10:00 PM,0.173,0.343,0.369,0.330,#N/A
6/6/2020 11:00 PM,0.173,0.345,0.368,0.327,#N/A
6/7/2020 12:00 AM,0.173,0.341,0.369,0.326,#N/A
6/7/2020 1:00 AM,0.173,0.339,0.368,0.326,#N/A
6/7/2020 2:00 AM,0.172,0.338,0.368,0.324,#N/A
6/7/2020 3:00 AM,0.171,0.337,0.368,0.323,#N/A
6/7/2020 4:00 AM,0.171,0.337,0.367,0.321,#N/A
6/7/2020 5:00 AM,0.171,0.336,0.367,0.322,#N/A
6/7/2020 6:00 AM,0.169,0.332,0.367,0.321,#N/A
6/7/2020 7:00 AM,0.169,0.331,0.366,0.320,#N/A
6/7/2020 8:00 AM,0.169,0.332,0.365,0.322,#N/A
6/7/2020 9:00 AM,0.169,0.332,0.365,0.320,#N/A
6/7/2020 10:00 AM,0.169,0.332,0.365,0.319,#N/A
6/7/2020 11:00 AM,0.171,0.332,0.365,0.320,#N/A
6/7/2020 12:00 PM,0.172,0.335,0.367,0.322,#N/A
6/7/2020 1:00 PM,0.173,0.336,0.369,0.324,#N/A
6/7/2020 2:00 PM,0.174,0.339,0.370,0.326,#N/A
6/7/2020 3:00 PM,0.175,0.342,0.370,0.328,#N/A
6/7/2020 4:00 PM,0.176,0.345,0.370,0.331,#N/A
6/7/2020 5:00 PM,0.176,0.343,0.370,0.332,#N/A
6/7/2020 6:00 PM,0.176,0.343,0.370,0.334,#N/A
6/7/2020 7:00 PM,0.176,0.343,0.370,0.334,#N/A
6/7/2020 8:00 PM,0.176,0.347,0.370,0.333,#N/A
6/7/2020 9:00 PM,0.175,0.345,0.369,0.332,#N/A
6/7/2020 10:00 PM,0.174,0.343,0.369,0.329,#N/A
6/7/2020 11:00 PM,0.174,0.344,0.368,0.330,#N/A
6/8/2020 12:00 AM,0.174,0.341,0.368,0.328,#N/A
6/8/2020 1:00 AM,0.173,0.338,0.368,0.327,#N/A
6/8/2020 2:00 AM,0.173,0.335,0.367,0.326,#N/A
6/8/2020 3:00 AM,0.172,0.335,0.365,0.323,#N/A
6/8/2020 4:00 AM,0.172,0.337,0.365,0.322,#N/A
6/8/2020 5:00 AM,0.171,0.335,0.364,0.321,#N/A
6/8/2020 6:00 AM,0.171,0.335,0.364,0.321,#N/A
6/8/2020 7:00 AM,0.171,0.336,0.362,0.320,#N/A
6/8/2020 8:00 AM,0.170,0.338,0.363,0.320,#N/A
6/8/2020 9:00 AM,0.170,0.333,0.363,0.319,#N/A
6/8/2020 10:00 AM,0.171,0.335,0.364,0.321,#N/A
6/8/2020 11:00 AM,0.171,0.335,0.365,0.323,#N/A
6/8/2020 12:00 PM,0.173,0.337,0.366,0.323,#N/A
6/8/2020 1:00 PM,0.173,0.338,0.367,0.324,#N/A
6/8/2020 2:00 PM,0.174,0.342,0.368,0.326,#N/A
6/8/2020 3:00 PM,0.175,0.343,0.368,0.328,#N/A
6/8/2020 4:00 PM,0.176,0.343,0.369,0.328,#N/A
6/8/2020 5:00 PM,0.176,0.346,0.369,0.330,#N/A
6/8/2020 6:00 PM,0.176,0.346,0.368,0.332,#N/A
6/8/2020 7:00 PM,0.176,0.346,0.368,0.332,#N/A
6/8/2020 8:00 PM,0.176,0.345,0.367,0.332,#N/A
6/8/2020 9:00 PM,0.176,0.345,0.367,0.331,#N/A
6/8/2020 10:00 PM,0.175,0.342,0.365,0.330,#N/A
6/8/2020 11:00 PM,0.175,0.342,0.365,0.328,#N/A
6/9/2020 12:00 AM,0.174,0.341,0.365,0.327,#N/A
6/9/2020 1:00 AM,0.174,0.339,0.365,0.326,#N/A
6/9/2020 2:00 AM,0.173,0.339,0.364,0.325,#N/A
6/9/2020 3:00 AM,0.173,0.338,0.364,0.323,#N/A
6/9/2020 4:00 AM,0.173,0.336,0.363,0.323,#N/A
6/9/2020 5:00 AM,0.173,0.335,0.363,0.323,#N/A
6/9/2020 6:00 AM,0.172,0.335,0.363,0.321,#N/A
6/9/2020 7:00 AM,0.172,0.334,0.363,0.320,#N/A
6/9/2020 8:00 AM,0.171,0.333,0.363,0.320,#N/A
6/9/2020 9:00 AM,0.172,0.337,0.365,0.320,#N/A
6/9/2020 10:00 AM,0.173,0.337,0.367,0.320,#N/A
6/9/2020 11:00 AM,0.174,0.339,0.369,0.322,#N/A
6/9/2020 12:00 PM,0.174,0.339,0.370,0.325,#N/A
6/9/2020 1:00 PM,0.176,0.341,0.372,0.327,#N/A
6/9/2020 2:00 PM,0.177,0.345,0.373,0.329,#N/A
6/9/2020 3:00 PM,0.178,0.347,0.374,0.331,#N/A
6/9/2020 4:00 PM,0.179,0.349,0.374,0.332,#N/A
6/9/2020 5:00 PM,0.179,0.353,0.374,0.333,#N/A
6/9/2020 6:00 PM,0.179,0.351,0.372,0.336,#N/A
6/9/2020 7:00 PM,0.179,0.350,0.370,0.337,#N/A
6/9/2020 8:00 PM,0.179,0.347,0.370,0.336,#N/A
6/9/2020 9:00 PM,0.179,0.351,0.369,0.337,#N/A
6/9/2020 10:00 PM,0.179,0.349,0.369,0.335,#N/A
6/9/2020 11:00 PM,0.178,0.349,0.368,0.333,#N/A
6/10/2020 12:00 AM,0.177,0.346,0.368,0.332,#N/A
6/10/2020 1:00 AM,0.176,0.345,0.367,0.329,#N/A
6/10/2020 2:00 AM,0.176,0.344,0.366,0.327,#N/A
6/10/2020 3:00 AM,0.175,0.344,0.365,0.326,#N/A
6/10/2020 4:00 AM,0.174,0.344,0.365,0.325,#N/A
6/10/2020 5:00 AM,0.174,0.343,0.365,0.324,#N/A
6/10/2020 6:00 AM,0.174,0.341,0.364,0.323,#N/A
6/10/2020 7:00 AM,0.173,0.340,0.363,0.323,#N/A
6/10/2020 8:00 AM,0.173,0.337,0.365,0.321,#N/A
6/10/2020 9:00 AM,0.174,0.337,0.367,0.317,#N/A
6/10/2020 10:00 AM,0.174,0.340,0.370,0.319,#N/A
6/10/2020 11:00 AM,0.175,0.338,0.370,0.319,#N/A
6/10/2020 12:00 PM,0.176,0.341,0.371,0.321,#N/A
6/10/2020 1:00 PM,0.178,0.344,0.373,0.323,#N/A
6/10/2020 2:00 PM,0.179,0.345,0.374,0.326,#N/A
6/10/2020 3:00 PM,0.180,0.349,0.374,0.331,#N/A
6/10/2020 4:00 PM,0.181,0.352,0.374,0.334,#N/A
6/10/2020 5:00 PM,0.182,0.355,0.374,0.335,#N/A
6/10/2020 6:00 PM,0.182,0.355,0.373,0.338,#N/A
6/10/2020 7:00 PM,0.182,0.354,0.372,0.338,#N/A
6/10/2020 8:00 PM,0.182,0.352,0.372,0.338,#N/A
6/10/2020 9:00 PM,0.181,0.354,0.371,0.339,#N/A
6/10/2020 10:00 PM,0.181,0.351,0.370,0.340,#N/A
6/10/2020 11:00 PM,0.179,0.350,0.370,0.338,#N/A
6/11/2020 12:00 AM,0.179,0.352,0.370,0.338,#N/A
6/11/2020 1:00 AM,0.179,0.350,0.368,0.338,#N/A
6/11/2020 2:00 AM,0.178,0.352,0.368,0.334,#N/A
6/11/2020 3:00 AM,0.178,0.347,0.367,0.332,#N/A
6/11/2020 4:00 AM,0.177,0.345,0.366,0.337,#N/A
6/11/2020 5:00 AM,0.176,0.349,0.365,0.329,#N/A
6/11/2020 6:00 AM,0.176,0.350,0.365,0.324,#N/A
6/11/2020 7:00 AM,0.175,0.345,0.365,0.323,#N/A
6/11/2020 8:00 AM,0.175,0.341,0.366,0.323,#N/A
6/11/2020 9:00 AM,0.175,0.341,0.367,0.321,#N/A
6/11/2020 10:00 AM,0.175,0.340,0.369,0.321,#N/A
6/11/2020 11:00 AM,0.177,0.343,0.370,0.321,#N/A
6/11/2020 12:00 PM,0.178,0.344,0.371,0.322,#N/A
6/11/2020 1:00 PM,0.179,0.346,0.373,0.324,#N/A
6/11/2020 2:00 PM,0.180,0.349,0.374,0.326,#N/A
6/11/2020 3:00 PM,0.181,0.352,0.374,0.329,#N/A
6/11/2020 4:00 PM,0.182,0.354,0.374,0.333,#N/A
6/11/2020 5:00 PM,0.182,0.357,0.374,0.337,#N/A
6/11/2020 6:00 PM,0.183,0.357,0.373,0.338,#N/A
6/11/2020 7:00 PM,0.183,0.355,0.373,0.337,#N/A
6/11/2020 8:00 PM,0.182,0.355,0.372,0.337,#N/A
6/11/2020 9:00 PM,0.181,0.354,0.371,0.338,#N/A
6/11/2020 10:00 PM,0.181,0.355,0.370,0.337,#N/A
6/11/2020 11:00 PM,0.180,0.355,0.370,0.336,#N/A
6/12/2020 12:00 AM,0.179,0.353,0.369,0.333,#N/A
6/12/2020 1:00 AM,0.179,0.352,0.369,0.331,#N/A
6/12/2020 2:00 AM,0.178,0.348,0.368,0.329,#N/A
6/12/2020 3:00 AM,0.178,0.349,0.367,0.328,#N/A
6/12/2020 4:00 AM,0.176,0.345,0.367,0.326,#N/A
6/12/2020 5:00 AM,0.176,0.342,0.366,0.324,#N/A
6/12/2020 6:00 AM,0.175,0.342,0.365,0.322,#N/A
6/12/2020 7:00 AM,0.174,0.341,0.365,0.323,#N/A
6/12/2020 8:00 AM,0.174,0.340,0.367,0.321,#N/A
6/12/2020 9:00 AM,0.174,0.339,0.367,0.319,#N/A
6/12/2020 10:00 AM,0.175,0.340,0.369,0.319,#N/A
6/12/2020 11:00 AM,0.176,0.341,0.371,0.319,#N/A
6/12/2020 12:00 PM,0.177,0.342,0.371,0.321,#N/A
6/12/2020 1:00 PM,0.178,0.343,0.372,0.323,#N/A
6/12/2020 2:00 PM,0.179,0.345,0.373,0.326,#N/A
6/12/2020 3:00 PM,0.179,0.349,0.373,0.329,#N/A
6/12/2020 4:00 PM,0.180,0.350,0.374,0.332,#N/A
6/12/2020 5:00 PM,0.181,0.352,0.374,0.335,#N/A
6/12/2020 6:00 PM,0.181,0.352,0.373,0.337,#N/A
6/12/2020 7:00 PM,0.181,0.351,0.372,0.337,#N/A
6/12/2020 8:00 PM,0.180,0.350,0.372,0.337,#N/A
6/12/2020 9:00 PM,0.179,0.352,0.371,0.335,#N/A
6/12/2020 10:00 PM,0.179,0.349,0.370,0.332,#N/A
6/12/2020 11:00 PM,0.179,0.348,0.369,0.330,#N/A
6/13/2020 12:00 AM,0.179,0.349,0.368,0.329,#N/A
6/13/2020 1:00 AM,0.178,0.345,0.368,0.327,#N/A
6/13/2020 2:00 AM,0.177,0.345,0.367,0.326,#N/A
6/13/2020 3:00 AM,0.176,0.345,0.367,0.330,#N/A
6/13/2020 4:00 AM,0.176,0.342,0.365,0.324,#N/A
6/13/2020 5:00 AM,0.175,0.340,0.365,0.321,#N/A
6/13/2020 6:00 AM,0.175,0.338,0.365,0.320,#N/A
6/13/2020 7:00 AM,0.174,0.338,0.365,0.321,#N/A
6/13/2020 8:00 AM,0.174,0.337,0.365,0.321,#N/A
6/13/2020 9:00 AM,0.174,0.335,0.366,0.320,#N/A
6/13/2020 10:00 AM,0.175,0.339,0.367,0.320,#N/A
6/13/2020 11:00 AM,0.176,0.338,0.369,0.321,#N/A
6/13/2020 12:00 PM,0.177,0.340,0.369,0.323,#N/A
6/13/2020 1:00 PM,0.178,0.342,0.370,0.326,#N/A
6/13/2020 2:00 PM,0.179,0.347,0.370,0.328,#N/A
6/13/2020 3:00 PM,0.179,0.348,0.371,0.331,#N/A
6/13/2020 4:00 PM,0.179,0.348,0.372,0.333,#N/A
6/13/2020 5:00 PM,0.180,0.349,0.371,0.335,#N/A
6/13/2020 6:00 PM,0.180,0.350,0.370,0.336,#N/A
6/13/2020 7:00 PM,0.179,0.350,0.370,0.336,#N/A
6/13/2020 8:00 PM,0.179,0.349,0.369,0.335,#N/A
6/13/2020 9:00 PM,0.179,0.347,0.369,0.333,#N/A
6/13/2020 10:00 PM,0.179,0.345,0.368,0.332,#N/A
6/13/2020 11:00 PM,0.179,0.345,0.368,0.333,#N/A
6/14/2020 12:00 AM,0.178,0.346,0.368,0.327,#N/A
6/14/2020 1:00 AM,0.178,0.346,0.368,0.326,#N/A
6/14/2020 2:00 AM,0.176,0.341,0.367,0.339,#N/A
6/14/2020 3:00 AM,0.176,0.341,0.366,0.336,#N/A
6/14/2020 4:00 AM,0.176,0.340,0.365,0.329,#N/A
6/14/2020 5:00 AM,0.175,0.339,0.365,0.327,#N/A
6/14/2020 6:00 AM,0.174,0.339,0.365,0.321,#N/A
6/14/2020 7:00 AM,0.174,0.338,0.364,0.319,#N/A
6/14/2020 8:00 AM,0.174,0.336,0.364,0.321,#N/A
6/14/2020 9:00 AM,0.174,0.337,0.364,0.320,#N/A
6/14/2020 10:00 AM,0.174,0.340,0.365,0.320,#N/A
6/14/2020 11:00 AM,0.175,0.338,0.367,0.321,#N/A
6/14/2020 12:00 PM,0.176,0.339,0.369,0.322,#N/A
6/14/2020 1:00 PM,0.177,0.341,0.369,0.324,#N/A
6/14/2020 2:00 PM,0.178,0.344,0.370,0.327,#N/A
6/14/2020 3:00 PM,0.179,0.349,0.370,0.331,#N/A
6/14/2020 4:00 PM,0.179,0.349,0.370,0.333,#N/A
6/14/2020 5:00 PM,0.179,0.349,0.370,0.335,#N/A
6/14/2020 6:00 PM,0.180,0.349,0.370,0.335,#N/A
6/14/2020 7:00 PM,0.179,0.349,0.370,0.336,#N/A
6/14/2020 8:00 PM,0.179,0.348,0.369,0.336,#N/A
6/14/2020 9:00 PM,0.179,0.347,0.369,0.334,#N/A
6/14/2020 10:00 PM,0.179,0.349,0.369,0.334,#N/A
6/14/2020 11:00 PM,0.179,0.347,0.368,0.334,#N/A
6/15/2020 12:00 AM,0.178,0.345,0.368,0.331,#N/A
6/15/2020 1:00 AM,0.178,0.344,0.367,0.329,#N/A
6/15/2020 2:00 AM,0.176,0.345,0.366,0.327,#N/A
6/15/2020 3:00 AM,0.176,0.344,0.365,0.326,#N/A
6/15/2020 4:00 AM,0.175,0.342,0.365,0.324,#N/A
6/15/2020 5:00 AM,0.174,0.338,0.365,0.323,#N/A
6/15/2020 6:00 AM,0.174,0.344,0.364,0.321,#N/A
6/15/2020 7:00 AM,0.174,0.339,0.363,0.320,#N/A
6/15/2020 8:00 AM,0.173,0.336,0.363,0.320,#N/A
6/15/2020 9:00 AM,0.174,0.334,0.365,0.319,#N/A
6/15/2020 10:00 AM,0.174,0.337,0.366,0.316,#N/A
6/15/2020 11:00 AM,0.175,0.335,0.367,0.316,#N/A
6/15/2020 12:00 PM,0.176,0.338,0.369,0.319,#N/A
6/15/2020 1:00 PM,0.177,0.342,0.369,0.321,#N/A
6/15/2020 2:00 PM,0.178,0.344,0.370,0.324,#N/A
6/15/2020 3:00 PM,0.179,0.348,0.370,0.327,#N/A
6/15/2020 4:00 PM,0.179,0.347,0.370,0.331,#N/A
6/15/2020 5:00 PM,0.179,0.349,0.370,0.334,#N/A
6/15/2020 6:00 PM,0.179,0.349,0.370,0.336,#N/A
6/15/2020 7:00 PM,0.179,0.346,0.370,0.336,#N/A
6/15/2020 8:00 PM,0.179,0.347,0.369,0.337,#N/A
6/15/2020 9:00 PM,0.179,0.345,0.369,0.335,#N/A
6/15/2020 10:00 PM,0.179,0.343,0.368,0.332,#N/A
6/15/2020 11:00 PM,0.179,0.345,0.367,0.331,#N/A
6/16/2020 12:00 AM,0.178,0.344,0.367,0.330,#N/A
6/16/2020 1:00 AM,0.178,0.346,0.366,0.328,#N/A
6/16/2020 2:00 AM,0.177,0.345,0.365,0.326,#N/A
6/16/2020 3:00 AM,0.176,0.343,0.365,0.326,#N/A
6/16/2020 4:00 AM,0.176,0.341,0.364,0.326,#N/A
6/16/2020 5:00 AM,0.175,0.340,0.364,0.323,#N/A
6/16/2020 6:00 AM,0.174,0.339,0.363,0.322,#N/A
6/16/2020 7:00 AM,0.174,0.338,0.363,0.322,#N/A
6/16/2020 8:00 AM,0.174,0.334,0.363,0.318,#N/A
6/16/2020 9:00 AM,0.174,0.334,0.364,0.319,#N/A
6/16/2020 10:00 AM,0.174,0.337,0.365,0.320,#N/A
6/16/2020 11:00 AM,0.175,0.338,0.366,0.320,#N/A
6/16/2020 12:00 PM,0.176,0.337,0.367,0.321,#N/A
6/16/2020 1:00 PM,0.177,0.338,0.368,0.324,#N/A
6/16/2020 2:00 PM,0.178,0.344,0.369,0.326,#N/A
6/16/2020 3:00 PM,0.179,0.346,0.369,0.328,#N/A
6/16/2020 4:00 PM,0.179,0.349,0.370,0.331,#N/A
6/16/2020 5:00 PM,0.179,0.348,0.369,0.334,#N/A
6/16/2020 6:00 PM,0.179,0.343,0.369,0.335,#N/A
6/16/2020 7:00 PM,0.179,0.343,0.368,0.337,#N/A
6/16/2020 8:00 PM,0.179,0.344,0.368,0.335,#N/A
6/16/2020 9:00 PM,0.179,0.343,0.368,0.332,#N/A
6/16/2020 10:00 PM,0.178,0.346,0.367,0.331,#N/A
6/16/2020 11:00 PM,0.178,0.345,0.367,0.329,#N/A
6/17/2020 12:00 AM,0.177,0.347,0.366,0.326,#N/A
6/17/2020 1:00 AM,0.176,0.346,0.365,0.326,#N/A
6/17/2020 2:00 AM,0.176,0.342,0.365,0.326,#N/A
6/17/2020 3:00 AM,0.175,0.342,0.364,0.325,#N/A
6/17/2020 4:00 AM,0.174,0.339,0.364,0.323,#N/A
6/17/2020 5:00 AM,0.174,0.338,0.363,0.321,#N/A
6/17/2020 6:00 AM,0.174,0.337,0.363,0.320,#N/A
6/17/2020 7:00 AM,0.173,0.334,0.363,0.320,#N/A
6/17/2020 8:00 AM,0.173,0.333,0.362,0.317,#N/A
6/17/2020 9:00 AM,0.173,0.332,0.363,0.315,#N/A
6/17/2020 10:00 AM,0.174,0.336,0.363,0.313,#N/A
6/17/2020 11:00 AM,0.174,0.338,0.364,0.314,#N/A
6/17/2020 12:00 PM,0.175,0.338,0.365,0.316,#N/A
6/17/2020 1:00 PM,0.176,0.339,0.366,0.319,#N/A
6/17/2020 2:00 PM,0.177,0.341,0.367,0.321,#N/A
6/17/2020 3:00 PM,0.178,0.344,0.368,0.324,#N/A
6/17/2020 4:00 PM,0.179,0.346,0.368,0.326,#N/A
6/17/2020 5:00 PM,0.179,0.348,0.368,0.334,#N/A
6/17/2020 6:00 PM,0.179,0.347,0.368,0.333,#N/A
6/17/2020 7:00 PM,0.179,0.346,0.367,0.334,#N/A
6/17/2020 8:00 PM,0.179,0.346,0.367,0.334,#N/A
6/17/2020 9:00 PM,0.178,0.346,0.367,0.333,#N/A
6/17/2020 10:00 PM,0.178,0.343,0.365,0.332,#N/A
6/17/2020 11:00 PM,0.177,0.339,0.365,0.331,#N/A
6/18/2020 12:00 AM,0.176,0.338,0.365,0.329,#N/A
6/18/2020 1:00 AM,0.176,0.343,0.365,0.329,#N/A
6/18/2020 2:00 AM,0.175,0.340,0.364,0.327,#N/A
6/18/2020 3:00 AM,0.174,0.338,0.364,0.326,#N/A
6/18/2020 4:00 AM,0.174,0.337,0.363,0.324,#N/A
6/18/2020 5:00 AM,0.174,0.335,0.363,0.323,#N/A
6/18/2020 6:00 AM,0.173,0.334,0.362,0.322,#N/A
6/18/2020 7:00 AM,0.173,0.333,0.362,0.322,#N/A
6/18/2020 8:00 AM,0.173,0.333,0.362,0.334,#N/A
6/18/2020 9:00 AM,0.172,0.334,0.361,0.320,#N/A
6/18/2020 10:00 AM,0.172,0.332,0.361,0.319,#N/A
6/18/2020 11:00 AM,0.173,0.334,0.362,0.317,#N/A
6/18/2020 12:00 PM,0.174,0.333,0.363,0.316,#N/A
6/18/2020 1:00 PM,0.174,0.335,0.364,0.318,#N/A
6/18/2020 2:00 PM,0.174,0.337,0.364,0.321,#N/A
6/18/2020 3:00 PM,0.176,0.342,0.365,0.323,#N/A
6/18/2020 4:00 PM,0.176,0.343,0.365,0.332,#N/A
6/18/2020 5:00 PM,0.176,0.344,0.365,0.337,#N/A
6/18/2020 6:00 PM,0.176,0.341,0.365,0.332,#N/A
6/18/2020 7:00 PM,0.176,0.342,0.365,0.332,#N/A
6/18/2020 8:00 PM,0.176,0.343,0.364,0.332,#N/A
6/18/2020 9:00 PM,0.176,0.340,0.364,0.330,#N/A
6/18/2020 10:00 PM,0.176,0.337,0.363,0.328,#N/A
6/18/2020 11:00 PM,0.175,0.336,0.363,0.328,#N/A
6/19/2020 12:00 AM,0.174,0.339,0.363,0.326,#N/A
6/19/2020 1:00 AM,0.174,0.342,0.363,0.324,#N/A
6/19/2020 2:00 AM,0.174,0.343,0.362,0.322,#N/A
6/19/2020 3:00 AM,0.173,0.339,0.362,0.321,#N/A
6/19/2020 4:00 AM,0.173,0.338,0.361,0.320,#N/A
6/19/2020 5:00 AM,0.172,0.335,0.361,0.321,#N/A
6/19/2020 6:00 AM,0.172,0.334,0.361,0.320,#N/A
6/19/2020 7:00 AM,0.171,0.334,0.361,0.319,#N/A
6/19/2020 8:00 AM,0.171,0.335,0.360,0.317,#N/A
6/19/2020 9:00 AM,0.171,0.332,0.359,0.317,#N/A
6/19/2020 10:00 AM,0.171,0.333,0.360,0.315,#N/A
6/19/2020 11:00 AM,0.172,0.332,0.361,0.315,#N/A
6/19/2020 12:00 PM,0.172,0.336,0.361,0.314,#N/A
6/19/2020 1:00 PM,0.174,0.334,0.362,0.315,#N/A
6/19/2020 2:00 PM,0.174,0.333,0.363,0.318,#N/A
6/19/2020 3:00 PM,0.174,0.340,0.363,0.321,#N/A
6/19/2020 4:00 PM,0.175,0.343,0.364,0.327,#N/A
6/19/2020 5:00 PM,0.176,0.343,0.364,0.328,#N/A
6/19/2020 6:00 PM,0.176,0.343,0.364,0.327,#N/A
6/19/2020 7:00 PM,0.176,0.342,0.363,0.329,#N/A
6/19/2020 8:00 PM,0.175,0.342,0.363,0.329,#N/A
6/19/2020 9:00 PM,0.174,0.340,0.363,0.328,#N/A
6/19/2020 10:00 PM,0.174,0.340,0.362,0.328,#N/A
6/19/2020 11:00 PM,0.174,0.338,0.362,0.327,#N/A
6/20/2020 12:00 AM,0.174,0.334,0.361,0.326,#N/A
6/20/2020 1:00 AM,0.173,0.334,0.361,0.324,#N/A
6/20/2020 2:00 AM,0.173,0.333,0.361,0.322,#N/A
6/20/2020 3:00 AM,0.172,0.332,0.361,0.321,#N/A
6/20/2020 4:00 AM,0.172,0.332,0.360,0.320,#N/A
6/20/2020 5:00 AM,0.171,0.332,0.359,0.319,#N/A
6/20/2020 6:00 AM,0.171,0.332,0.359,0.318,#N/A
6/20/2020 7:00 AM,0.171,0.331,0.359,0.317,#N/A
6/20/2020 8:00 AM,0.170,0.333,0.358,0.316,#N/A
6/20/2020 9:00 AM,0.170,0.332,0.358,0.316,#N/A
6/20/2020 10:00 AM,0.169,0.332,0.358,0.316,#N/A
6/20/2020 11:00 AM,0.170,0.332,0.359,0.315,#N/A
6/20/2020 12:00 PM,0.171,0.332,0.360,0.315,#N/A
6/20/2020 1:00 PM,0.171,0.332,0.361,0.316,#N/A
6/20/2020 2:00 PM,0.172,0.332,0.361,0.318,#N/A
6/20/2020 3:00 PM,0.173,0.335,0.361,0.321,#N/A
6/20/2020 4:00 PM,0.173,0.338,0.362,0.323,#N/A
6/20/2020 5:00 PM,0.174,0.340,0.362,0.324,#N/A
6/20/2020 6:00 PM,0.174,0.338,0.362,0.325,#N/A
6/20/2020 7:00 PM,0.174,0.338,0.362,0.326,#N/A
6/20/2020 8:00 PM,0.174,0.338,0.361,0.326,#N/A
6/20/2020 9:00 PM,0.174,0.339,0.361,0.326,#N/A
6/20/2020 10:00 PM,0.173,0.338,0.361,0.324,#N/A
6/20/2020 11:00 PM,0.173,0.338,0.361,0.323,#N/A
6/21/2020 12:00 AM,0.173,0.338,0.360,0.322,#N/A
6/21/2020 1:00 AM,0.172,0.335,0.359,0.321,#N/A
6/21/2020 2:00 AM,0.171,0.335,0.359,0.320,#N/A
6/21/2020 3:00 AM,0.171,0.332,0.359,0.320,#N/A
6/21/2020 4:00 AM,0.171,0.333,0.358,0.318,#N/A
6/21/2020 5:00 AM,0.170,0.331,0.358,0.316,#N/A
6/21/2020 6:00 AM,0.169,0.329,0.358,0.316,#N/A
6/21/2020 7:00 AM,0.169,0.329,0.358,0.315,#N/A
6/21/2020 8:00 AM,0.169,0.332,0.358,0.315,#N/A
6/21/2020 9:00 AM,0.169,0.330,0.357,0.315,#N/A
6/21/2020 10:00 AM,0.169,0.331,0.358,0.315,#N/A
6/21/2020 11:00 AM,0.170,0.332,0.358,0.315,#N/A
6/21/2020 12:00 PM,0.170,0.331,0.359,0.316,#N/A
6/21/2020 1:00 PM,0.172,0.331,0.361,0.318,#N/A
6/21/2020 2:00 PM,0.173,0.331,0.361,0.319,#N/A
6/21/2020 3:00 PM,0.174,0.335,0.362,0.321,#N/A
6/21/2020 4:00 PM,0.174,0.338,0.362,0.326,#N/A
6/21/2020 5:00 PM,0.174,0.341,0.362,0.330,#N/A
6/21/2020 6:00 PM,0.174,0.342,0.362,0.329,#N/A
6/21/2020 7:00 PM,0.174,0.337,0.362,0.326,#N/A
6/21/2020 8:00 PM,0.174,0.338,0.362,0.326,#N/A
6/21/2020 9:00 PM,0.174,0.338,0.361,0.327,#N/A
6/21/2020 10:00 PM,0.174,0.340,0.361,0.326,#N/A
6/21/2020 11:00 PM,0.173,0.338,0.361,0.325,#N/A
6/22/2020 12:00 AM,0.173,0.338,0.361,0.323,#N/A
6/22/2020 1:00 AM,0.173,0.338,0.359,0.321,#N/A
6/22/2020 2:00 AM,0.172,0.339,0.359,0.320,#N/A
6/22/2020 3:00 AM,0.171,0.335,0.358,0.319,#N/A
6/22/2020 4:00 AM,0.171,0.333,0.358,0.317,#N/A
6/22/2020 5:00 AM,0.170,0.332,0.358,0.315,#N/A
6/22/2020 6:00 AM,0.169,0.331,0.358,0.315,#N/A
6/22/2020 7:00 AM,0.169,0.331,0.357,0.315,#N/A
6/22/2020 8:00 AM,0.169,0.328,0.357,0.313,#N/A
6/22/2020 9:00 AM,0.169,0.327,0.358,0.311,#N/A
6/22/2020 10:00 AM,0.169,0.332,0.358,0.312,#N/A
6/22/2020 11:00 AM,0.170,0.329,0.359,0.313,#N/A
6/22/2020 12:00 PM,0.172,0.333,0.361,0.313,#N/A
6/22/2020 1:00 PM,0.173,0.336,0.361,0.315,#N/A
6/22/2020 2:00 PM,0.174,0.338,0.362,0.317,#N/A
6/22/2020 3:00 PM,0.174,0.339,0.363,0.321,#N/A
6/22/2020 4:00 PM,0.175,0.341,0.363,0.326,#N/A
6/22/2020 5:00 PM,0.176,0.343,0.363,0.329,#N/A
6/22/2020 6:00 PM,0.176,0.344,0.363,0.330,#N/A
6/22/2020 7:00 PM,0.176,0.343,0.363,0.330,#N/A
6/22/2020 8:00 PM,0.175,0.341,0.362,0.327,#N/A
6/22/2020 9:00 PM,0.175,0.341,0.362,0.329,#N/A
6/22/2020 10:00 PM,0.174,0.340,0.361,0.327,#N/A
6/22/2020 11:00 PM,0.174,0.338,0.361,0.326,#N/A
6/23/2020 12:00 AM,0.174,0.341,0.361,0.323,#N/A
6/23/2020 1:00 AM,0.173,0.338,0.361,0.321,#N/A
6/23/2020 2:00 AM,0.173,0.338,0.359,0.322,#N/A
6/23/2020 3:00 AM,0.172,0.334,0.359,0.320,#N/A
6/23/2020 4:00 AM,0.171,0.335,0.358,0.319,#N/A
6/23/2020 5:00 AM,0.171,0.333,0.358,0.317,#N/A
6/23/2020 6:00 AM,0.170,0.335,0.358,0.315,#N/A
6/23/2020 7:00 AM,0.169,0.335,0.358,0.315,#N/A
6/23/2020 8:00 AM,0.169,0.332,0.358,0.315,#N/A
6/23/2020 9:00 AM,0.169,0.333,0.358,0.312,#N/A
6/23/2020 10:00 AM,0.170,0.331,0.359,0.310,#N/A
6/23/2020 11:00 AM,0.172,0.335,0.361,0.311,#N/A
6/23/2020 12:00 PM,0.173,0.333,0.361,0.313,#N/A
6/23/2020 1:00 PM,0.174,0.335,0.363,0.316,#N/A
6/23/2020 2:00 PM,0.174,0.339,0.364,0.319,#N/A
6/23/2020 3:00 PM,0.176,0.342,0.364,0.322,#N/A
6/23/2020 4:00 PM,0.176,0.343,0.364,0.328,#N/A
6/23/2020 5:00 PM,0.176,0.344,0.364,0.330,#N/A
6/23/2020 6:00 PM,0.176,0.346,0.364,0.332,#N/A
6/23/2020 7:00 PM,0.176,0.343,0.363,0.332,#N/A
6/23/2020 8:00 PM,0.176,0.343,0.363,0.332,#N/A
6/23/2020 9:00 PM,0.176,0.342,0.363,0.330,#N/A
6/23/2020 10:00 PM,0.175,0.343,0.362,0.331,#N/A
6/23/2020 11:00 PM,0.175,0.346,0.362,0.329,#N/A
6/24/2020 12:00 AM,0.174,0.343,0.361,0.327,#N/A
6/24/2020 1:00 AM,0.174,0.340,0.361,0.325,#N/A
6/24/2020 2:00 AM,0.173,0.338,0.361,0.323,#N/A
6/24/2020 3:00 AM,0.173,0.338,0.360,0.321,#N/A
6/24/2020 4:00 AM,0.173,0.338,0.360,0.321,#N/A
6/24/2020 5:00 AM,0.172,0.336,0.359,0.320,#N/A
6/24/2020 6:00 AM,0.171,0.335,0.359,0.318,#N/A
6/24/2020 7:00 AM,0.171,0.334,0.359,0.318,#N/A
6/24/2020 8:00 AM,0.171,0.332,0.358,0.317,#N/A
6/24/2020 9:00 AM,0.170,0.332,0.358,0.321,#N/A
6/24/2020 10:00 AM,0.171,0.332,0.359,0.317,#N/A
6/24/2020 11:00 AM,0.172,0.330,0.360,0.316,#N/A
6/24/2020 12:00 PM,0.173,0.333,0.361,0.318,#N/A
6/24/2020 1:00 PM,0.174,0.335,0.362,0.320,#N/A
6/24/2020 2:00 PM,0.174,0.337,0.363,0.322,#N/A
6/24/2020 3:00 PM,0.175,0.339,0.363,0.325,#N/A
6/24/2020 4:00 PM,0.176,0.343,0.363,0.328,#N/A
6/24/2020 5:00 PM,0.176,0.343,0.363,0.330,#N/A
6/24/2020 6:00 PM,0.176,0.344,0.363,0.331,#N/A
6/24/2020 7:00 PM,0.176,0.343,0.363,0.331,#N/A
6/24/2020 8:00 PM,0.176,0.341,0.363,0.332,#N/A
6/24/2020 9:00 PM,0.175,0.342,0.362,0.330,#N/A
6/24/2020 10:00 PM,0.174,0.343,0.362,0.328,#N/A
6/24/2020 11:00 PM,0.174,0.343,0.361,0.327,#N/A
6/25/2020 12:00 AM,0.174,0.338,0.361,0.326,#N/A
6/25/2020 1:00 AM,0.173,0.336,0.361,0.323,#N/A
6/25/2020 2:00 AM,0.173,0.338,0.360,0.322,#N/A
6/25/2020 3:00 AM,0.173,0.342,0.359,0.320,#N/A
6/25/2020 4:00 AM,0.172,0.338,0.359,0.319,#N/A
6/25/2020 5:00 AM,0.171,0.337,0.358,0.317,#N/A
6/25/2020 6:00 AM,0.171,0.334,0.358,0.316,#N/A
6/25/2020 7:00 AM,0.170,0.332,0.358,0.315,#N/A
6/25/2020 8:00 AM,0.169,0.330,0.357,0.315,#N/A
6/25/2020 9:00 AM,0.169,0.332,0.357,0.316,#N/A
6/25/2020 10:00 AM,0.169,0.332,0.358,0.312,#N/A
6/25/2020 11:00 AM,0.170,0.330,0.359,0.310,#N/A
6/25/2020 12:00 PM,0.171,0.330,0.359,0.310,#N/A
6/25/2020 1:00 PM,0.173,0.334,0.361,0.313,#N/A
6/25/2020 2:00 PM,0.173,0.336,0.361,0.315,#N/A
6/25/2020 3:00 PM,0.174,0.339,0.362,0.317,#N/A
6/25/2020 4:00 PM,0.174,0.340,0.362,0.320,#N/A
6/25/2020 5:00 PM,0.174,0.341,0.362,0.325,#N/A
6/25/2020 6:00 PM,0.174,0.343,0.362,0.327,#N/A
6/25/2020 7:00 PM,0.174,0.343,0.361,0.327,#N/A
6/25/2020 8:00 PM,0.174,0.339,0.361,0.327,#N/A
6/25/2020 9:00 PM,0.174,0.338,0.361,0.327,#N/A
6/25/2020 10:00 PM,0.174,0.340,0.361,0.326,#N/A
6/25/2020 11:00 PM,0.173,0.340,0.359,0.325,#N/A
6/26/2020 12:00 AM,0.173,0.339,0.359,0.323,#N/A
6/26/2020 1:00 AM,0.173,0.338,0.358,0.321,#N/A
6/26/2020 2:00 AM,0.172,0.338,0.358,0.320,#N/A
6/26/2020 3:00 AM,0.171,0.334,0.358,0.319,#N/A
6/26/2020 4:00 AM,0.171,0.333,0.357,0.318,#N/A
6/26/2020 5:00 AM,0.169,0.336,0.357,0.316,#N/A
6/26/2020 6:00 AM,0.169,0.335,0.356,0.315,#N/A
6/26/2020 7:00 AM,0.169,0.332,0.356,0.314,#N/A
6/26/2020 8:00 AM,0.169,0.328,0.356,0.315,#N/A
6/26/2020 9:00 AM,0.169,0.328,0.356,0.313,#N/A
6/26/2020 10:00 AM,0.169,0.330,0.358,0.311,#N/A
6/26/2020 11:00 AM,0.170,0.330,0.359,0.311,#N/A
6/26/2020 12:00 PM,0.171,0.332,0.359,0.313,#N/A
6/26/2020 1:00 PM,0.173,0.332,0.361,0.315,#N/A
6/26/2020 2:00 PM,0.174,0.332,0.361,0.317,#N/A
6/26/2020 3:00 PM,0.174,0.340,0.362,0.321,#N/A
6/26/2020 4:00 PM,0.174,0.343,0.362,0.326,#N/A
6/26/2020 5:00 PM,0.174,0.343,0.362,0.326,#N/A
6/26/2020 6:00 PM,0.175,0.344,0.362,0.328,#N/A
6/26/2020 7:00 PM,0.175,0.343,0.362,0.329,#N/A
6/26/2020 8:00 PM,0.174,0.342,0.361,0.329,#N/A
6/26/2020 9:00 PM,0.174,0.341,0.361,0.327,#N/A
6/26/2020 10:00 PM,0.174,0.342,0.361,0.326,#N/A
6/26/2020 11:00 PM,0.173,0.340,0.360,0.325,#N/A
6/27/2020 12:00 AM,0.173,0.342,0.359,0.325,#N/A
6/27/2020 1:00 AM,0.173,0.343,0.359,0.323,#N/A
6/27/2020 2:00 AM,0.172,0.337,0.358,0.321,#N/A
6/27/2020 3:00 AM,0.171,0.335,0.358,0.320,#N/A
6/27/2020 4:00 AM,0.171,0.338,0.358,0.318,#N/A
6/27/2020 5:00 AM,0.170,0.338,0.357,0.316,#N/A
6/27/2020 6:00 AM,0.169,0.338,0.356,0.315,#N/A
6/27/2020 7:00 AM,0.169,0.333,0.356,0.315,#N/A
6/27/2020 8:00 AM,0.169,0.328,0.356,0.314,#N/A
6/27/2020 9:00 AM,0.169,0.327,0.356,0.312,#N/A
6/27/2020 10:00 AM,0.169,0.330,0.357,0.310,#N/A
6/27/2020 11:00 AM,0.170,0.330,0.358,0.310,#N/A
6/27/2020 12:00 PM,0.171,0.332,0.359,0.312,#N/A
6/27/2020 1:00 PM,0.173,0.332,0.360,0.315,#N/A
6/27/2020 2:00 PM,0.174,0.337,0.361,0.317,#N/A
6/27/2020 3:00 PM,0.174,0.341,0.361,0.320,#N/A
6/27/2020 4:00 PM,0.174,0.341,0.362,0.325,#N/A
6/27/2020 5:00 PM,0.174,0.343,0.362,0.328,#N/A
6/27/2020 6:00 PM,0.175,0.343,0.362,0.329,#N/A
6/27/2020 7:00 PM,0.174,0.342,0.361,0.329,#N/A
6/27/2020 8:00 PM,0.174,0.337,0.361,0.328,#N/A
6/27/2020 9:00 PM,0.174,0.340,0.361,0.326,#N/A
6/27/2020 10:00 PM,0.174,0.343,0.359,0.326,#N/A
6/27/2020 11:00 PM,0.173,0.343,0.359,0.325,#N/A
6/28/2020 12:00 AM,0.173,0.343,0.358,0.324,#N/A
6/28/2020 1:00 AM,0.173,0.340,0.358,0.324,#N/A
6/28/2020 2:00 AM,0.172,0.342,0.358,0.322,#N/A
6/28/2020 3:00 AM,0.171,0.337,0.358,0.320,#N/A
6/28/2020 4:00 AM,0.171,0.333,0.357,0.319,#N/A
6/28/2020 5:00 AM,0.170,0.332,0.356,0.317,#N/A
6/28/2020 6:00 AM,0.169,0.331,0.356,0.316,#N/A
6/28/2020 7:00 AM,0.169,0.330,0.356,0.315,#N/A
6/28/2020 8:00 AM,0.169,0.332,0.356,0.314,#N/A
6/28/2020 9:00 AM,0.169,0.333,0.356,0.313,#N/A
6/28/2020 10:00 AM,0.168,0.331,0.355,0.313,#N/A
6/28/2020 11:00 AM,0.168,0.330,0.356,0.311,#N/A
6/28/2020 12:00 PM,0.168,0.325,0.356,0.312,#N/A
6/28/2020 1:00 PM,0.168,0.326,0.356,0.312,#N/A
6/28/2020 2:00 PM,0.168,0.328,0.356,0.313,#N/A
6/28/2020 3:00 PM,0.169,0.327,0.356,0.312,#N/A
6/28/2020 4:00 PM,0.169,0.328,0.356,0.312,#N/A
6/28/2020 5:00 PM,0.169,0.331,0.356,0.313,#N/A
6/28/2020 6:00 PM,0.169,0.331,0.356,0.315,#N/A
6/28/2020 7:00 PM,0.169,0.329,0.356,0.316,#N/A
6/28/2020 8:00 PM,0.169,0.332,0.356,0.316,#N/A
6/28/2020 9:00 PM,0.169,0.332,0.356,0.315,#N/A
6/28/2020 10:00 PM,0.169,0.330,0.355,0.315,#N/A
6/28/2020 11:00 PM,0.169,0.331,0.355,0.314,#N/A
6/29/2020 12:00 AM,0.168,0.330,0.355,0.314,#N/A
6/29/2020 1:00 AM,0.168,0.329,0.354,0.312,#N/A
6/29/2020 2:00 AM,0.168,0.328,0.354,0.311,#N/A
6/29/2020 3:00 AM,0.168,0.328,0.354,0.310,#N/A
6/29/2020 4:00 AM,0.167,0.327,0.354,0.310,#N/A
6/29/2020 5:00 AM,0.167,0.326,0.353,0.309,#N/A
6/29/2020 6:00 AM,0.166,0.326,0.352,0.308,#N/A
6/29/2020 7:00 AM,0.166,0.325,0.352,0.307,#N/A
6/29/2020 8:00 AM,0.166,0.323,0.352,0.307,#N/A
6/29/2020 9:00 AM,0.166,0.322,0.353,0.306,#N/A
6/29/2020 10:00 AM,0.167,0.326,0.354,0.301,#N/A
6/29/2020 11:00 AM,0.167,0.325,0.354,0.301,#N/A
6/29/2020 12:00 PM,0.168,0.327,0.356,0.304,#N/A
6/29/2020 1:00 PM,0.169,0.330,0.356,0.306,#N/A
6/29/2020 2:00 PM,0.170,0.332,0.357,0.308,#N/A
6/29/2020 3:00 PM,0.171,0.333,0.358,0.310,#N/A
6/29/2020 4:00 PM,0.172,0.337,0.358,0.313,#N/A
6/29/2020 5:00 PM,0.172,0.338,0.358,0.316,#N/A
6/29/2020 6:00 PM,0.172,0.337,0.358,0.321,#N/A
6/29/2020 7:00 PM,0.172,0.335,0.357,0.321,#N/A
6/29/2020 8:00 PM,0.171,0.334,0.356,0.321,#N/A
6/29/2020 9:00 PM,0.171,0.333,0.356,0.321,#N/A
6/29/2020 10:00 PM,0.170,0.334,0.356,0.319,#N/A
6/29/2020 11:00 PM,0.169,0.336,0.355,0.318,#N/A
6/30/2020 12:00 AM,0.169,0.335,0.355,0.322,#N/A
6/30/2020 1:00 AM,0.168,0.333,0.354,0.323,#N/A
6/30/2020 2:00 AM,0.168,0.332,0.354,0.316,#N/A
6/30/2020 3:00 AM,0.168,0.331,0.354,0.311,#N/A
6/30/2020 4:00 AM,0.167,0.328,0.353,0.309,#N/A
6/30/2020 5:00 AM,0.166,0.327,0.352,0.307,#N/A
6/30/2020 6:00 AM,0.166,0.326,0.352,0.304,#N/A
6/30/2020 7:00 AM,0.165,0.326,0.351,0.302,#N/A
6/30/2020 8:00 AM,0.165,0.321,0.351,0.306,#N/A
6/30/2020 9:00 AM,0.165,0.321,0.352,0.303,#N/A
6/30/2020 10:00 AM,0.166,0.323,0.352,0.301,#N/A
6/30/2020 11:00 AM,0.167,0.325,0.354,0.300,#N/A
6/30/2020 12:00 PM,0.168,0.324,0.355,0.302,#N/A
6/30/2020 1:00 PM,0.168,0.322,0.356,0.304,#N/A
6/30/2020 2:00 PM,0.169,0.330,0.356,0.307,#N/A
6/30/2020 3:00 PM,0.171,0.332,0.357,0.310,#N/A
6/30/2020 4:00 PM,0.171,0.333,0.357,0.312,#N/A
6/30/2020 5:00 PM,0.172,0.336,0.357,0.317,#N/A
6/30/2020 6:00 PM,0.172,0.336,0.357,0.320,#N/A
6/30/2020 7:00 PM,0.172,0.334,0.356,0.319,#N/A
6/30/2020 8:00 PM,0.171,0.333,0.356,0.320,#N/A
6/30/2020 9:00 PM,0.171,0.332,0.356,0.319,#N/A
6/30/2020 10:00 PM,0.170,0.333,0.355,0.318,#N/A
6/30/2020 11:00 PM,0.169,0.336,0.355,0.319,#N/A
7/1/2020 12:00 AM,0.169,0.334,0.354,0.314,#N/A
7/1/2020 1:00 AM,0.168,0.329,0.354,0.313,#N/A
7/1/2020 2:00 AM,0.168,0.328,0.353,0.313,#N/A
7/1/2020 3:00 AM,0.168,0.326,0.352,0.310,#N/A
7/1/2020 4:00 AM,0.167,0.324,0.352,0.306,#N/A
7/1/2020 5:00 AM,0.166,0.323,0.351,0.304,#N/A
7/1/2020 6:00 AM,0.166,0.322,0.351,0.305,#N/A
7/1/2020 7:00 AM,0.166,0.321,0.351,0.304,#N/A
7/1/2020 8:00 AM,0.165,0.321,0.351,0.303,#N/A
7/1/2020 9:00 AM,0.165,0.319,0.351,0.303,#N/A
7/1/2020 10:00 AM,0.165,0.321,0.352,0.297,#N/A
7/1/2020 11:00 AM,0.166,0.324,0.352,0.298,#N/A
7/1/2020 12:00 PM,0.167,0.326,0.354,0.300,#N/A
7/1/2020 1:00 PM,0.168,0.328,0.354,0.303,#N/A
7/1/2020 2:00 PM,0.169,0.325,0.355,0.304,#N/A
7/1/2020 3:00 PM,0.169,0.332,0.356,0.307,#N/A
7/1/2020 4:00 PM,0.170,0.334,0.356,0.309,#N/A
7/1/2020 5:00 PM,0.171,0.337,0.356,0.310,#N/A
7/1/2020 6:00 PM,0.171,0.334,0.356,0.314,#N/A
7/1/2020 7:00 PM,0.171,0.333,0.356,0.322,#N/A
7/1/2020 8:00 PM,0.170,0.332,0.355,0.317,#N/A
7/1/2020 9:00 PM,0.169,0.332,0.355,0.316,#N/A
7/1/2020 10:00 PM,0.169,0.332,0.354,0.315,#N/A
7/1/2020 11:00 PM,0.169,0.332,0.354,0.315,#N/A
7/2/2020 12:00 AM,0.168,0.331,0.354,0.313,#N/A
7/2/2020 1:00 AM,0.168,0.329,0.352,0.311,#N/A
7/2/2020 2:00 AM,0.168,0.330,0.352,0.310,#N/A
7/2/2020 3:00 AM,0.166,0.332,0.351,0.308,#N/A
7/2/2020 4:00 AM,0.166,0.329,0.351,0.306,#N/A
7/2/2020 5:00 AM,0.166,0.324,0.351,0.304,#N/A
7/2/2020 6:00 AM,0.165,0.323,0.351,0.303,#N/A
7/2/2020 7:00 AM,0.165,0.321,0.350,0.303,#N/A
7/2/2020 8:00 AM,0.164,0.321,0.350,0.302,#N/A
7/2/2020 9:00 AM,0.164,0.321,0.350,0.304,#N/A
7/2/2020 10:00 AM,0.164,0.318,0.351,0.303,#N/A
7/2/2020 11:00 AM,0.165,0.324,0.351,0.298,#N/A
7/2/2020 12:00 PM,0.166,0.327,0.352,0.298,#N/A
7/2/2020 1:00 PM,0.167,0.325,0.354,0.300,#N/A
7/2/2020 2:00 PM,0.168,0.328,0.354,0.303,#N/A
7/2/2020 3:00 PM,0.169,0.330,0.355,0.304,#N/A
7/2/2020 4:00 PM,0.169,0.332,0.355,0.307,#N/A
7/2/2020 5:00 PM,0.169,0.333,0.355,0.310,#N/A
7/2/2020 6:00 PM,0.170,0.336,0.355,0.315,#N/A
7/2/2020 7:00 PM,0.169,0.332,0.355,0.324,#N/A
7/2/2020 8:00 PM,0.169,0.332,0.354,0.317,#N/A
7/2/2020 9:00 PM,0.169,0.332,0.354,0.316,#N/A
7/2/2020 10:00 PM,0.169,0.332,0.354,0.314,#N/A
7/2/2020 11:00 PM,0.168,0.329,0.352,0.313,#N/A
7/3/2020 12:00 AM,0.168,0.329,0.352,0.311,#N/A
7/3/2020 1:00 AM,0.168,0.328,0.351,0.315,#N/A
7/3/2020 2:00 AM,0.167,0.329,0.351,0.319,#N/A
7/3/2020 3:00 AM,0.166,0.324,0.351,0.316,#N/A
7/3/2020 4:00 AM,0.166,0.326,0.351,0.318,#N/A
7/3/2020 5:00 AM,0.165,0.322,0.351,0.315,#N/A
7/3/2020 6:00 AM,0.164,0.321,0.350,0.312,#N/A
7/3/2020 7:00 AM,0.164,0.321,0.350,0.309,#N/A
7/3/2020 8:00 AM,0.164,0.318,0.350,0.298,#N/A
7/3/2020 9:00 AM,0.163,0.320,0.351,0.293,#N/A
7/3/2020 10:00 AM,0.165,0.321,0.351,0.293,#N/A
7/3/2020 11:00 AM,0.165,0.322,0.352,0.296,#N/A
7/3/2020 12:00 PM,0.167,0.323,0.354,0.298,#N/A
7/3/2020 1:00 PM,0.168,0.324,0.355,0.301,#N/A
7/3/2020 2:00 PM,0.169,0.326,0.356,0.304,#N/A
7/3/2020 3:00 PM,0.169,0.329,0.356,0.306,#N/A
7/3/2020 4:00 PM,0.171,0.332,0.356,0.308,#N/A
7/3/2020 5:00 PM,0.171,0.334,0.357,0.310,#N/A
7/3/2020 6:00 PM,0.171,0.336,0.356,0.312,#N/A
7/3/2020 7:00 PM,0.171,0.336,0.356,0.319,#N/A
7/3/2020 8:00 PM,0.171,0.334,0.356,0.338,#N/A
7/3/2020 9:00 PM,0.170,0.332,0.355,0.317,#N/A
7/3/2020 10:00 PM,0.169,0.331,0.355,0.316,#N/A
7/3/2020 11:00 PM,0.169,0.330,0.354,0.318,#N/A
7/4/2020 12:00 AM,0.168,0.330,0.354,0.321,#N/A
7/4/2020 1:00 AM,0.168,0.326,0.353,0.315,#N/A
7/4/2020 2:00 AM,0.168,0.326,0.352,0.312,#N/A
7/4/2020 3:00 AM,0.166,0.328,0.351,0.315,#N/A
7/4/2020 4:00 AM,0.166,0.325,0.351,0.315,#N/A
7/4/2020 5:00 AM,0.166,0.326,0.351,0.315,#N/A
7/4/2020 6:00 AM,0.165,0.324,0.350,0.311,#N/A
7/4/2020 7:00 AM,0.164,0.322,0.350,0.310,#N/A
7/4/2020 8:00 AM,0.164,0.321,0.350,0.310,#N/A
7/4/2020 9:00 AM,0.164,0.320,0.351,0.294,#N/A
7/4/2020 10:00 AM,0.165,0.318,0.352,0.294,#N/A
7/4/2020 11:00 AM,0.166,0.322,0.353,0.297,#N/A
7/4/2020 12:00 PM,0.167,0.324,0.354,0.299,#N/A
7/4/2020 1:00 PM,0.168,0.325,0.355,0.302,#N/A
7/4/2020 2:00 PM,0.169,0.327,0.356,0.304,#N/A
7/4/2020 3:00 PM,0.170,0.333,0.356,0.307,#N/A
7/4/2020 4:00 PM,0.171,0.334,0.357,0.309,#N/A
7/4/2020 5:00 PM,0.171,0.336,0.357,0.310,#N/A
7/4/2020 6:00 PM,0.171,0.336,0.356,0.313,#N/A
7/4/2020 7:00 PM,0.171,0.335,0.356,0.318,#N/A
7/4/2020 8:00 PM,0.171,0.332,0.356,0.318,#N/A
7/4/2020 9:00 PM,0.171,0.335,0.355,0.317,#N/A
7/4/2020 10:00 PM,0.169,0.336,0.354,0.315,#N/A
7/4/2020 11:00 PM,0.169,0.336,0.354,0.313,#N/A
7/5/2020 12:00 AM,0.168,0.330,0.353,0.311,#N/A
7/5/2020 1:00 AM,0.168,0.331,0.352,0.310,#N/A
7/5/2020 2:00 AM,0.168,0.326,0.352,0.308,#N/A
7/5/2020 3:00 AM,0.167,0.326,0.351,0.308,#N/A
7/5/2020 4:00 AM,0.166,0.326,0.351,0.305,#N/A
7/5/2020 5:00 AM,0.166,0.329,0.350,0.305,#N/A
7/5/2020 6:00 AM,0.165,0.332,0.350,0.305,#N/A
7/5/2020 7:00 AM,0.164,0.323,0.349,0.304,#N/A
7/5/2020 8:00 AM,0.164,0.322,0.350,0.298,#N/A
7/5/2020 9:00 AM,0.164,0.321,0.351,0.296,#N/A
7/5/2020 10:00 AM,0.165,0.321,0.352,0.296,#N/A
7/5/2020 11:00 AM,0.166,0.322,0.352,0.298,#N/A
7/5/2020 12:00 PM,0.167,0.323,0.354,0.300,#N/A
7/5/2020 1:00 PM,0.168,0.325,0.354,0.303,#N/A
7/5/2020 2:00 PM,0.169,0.330,0.355,0.305,#N/A
7/5/2020 3:00 PM,0.170,0.332,0.356,0.308,#N/A
7/5/2020 4:00 PM,0.171,0.334,0.356,0.310,#N/A
7/5/2020 5:00 PM,0.171,0.336,0.356,0.310,#N/A
7/5/2020 6:00 PM,0.171,0.337,0.356,0.313,#N/A
7/5/2020 7:00 PM,0.171,0.336,0.356,0.316,#N/A
7/5/2020 8:00 PM,0.171,0.332,0.355,0.316,#N/A
7/5/2020 9:00 PM,0.170,0.334,0.355,0.336,#N/A
7/5/2020 10:00 PM,0.169,0.332,0.354,0.315,#N/A
7/5/2020 11:00 PM,0.169,0.332,0.354,0.312,#N/A
7/6/2020 12:00 AM,0.168,0.330,0.353,0.312,#N/A
7/6/2020 1:00 AM,0.168,0.330,0.352,0.311,#N/A
7/6/2020 2:00 AM,0.167,0.326,0.352,0.310,#N/A
7/6/2020 3:00 AM,0.166,0.329,0.351,0.314,#N/A
7/6/2020 4:00 AM,0.166,0.331,0.351,0.321,#N/A
7/6/2020 5:00 AM,0.165,0.330,0.350,0.317,#N/A
7/6/2020 6:00 AM,0.165,0.326,0.350,0.321,#N/A
7/6/2020 7:00 AM,0.164,0.325,0.349,0.312,#N/A
7/6/2020 8:00 AM,0.163,0.322,0.350,0.301,#N/A
7/6/2020 9:00 AM,0.163,0.322,0.350,0.293,#N/A
7/6/2020 10:00 AM,0.164,0.321,0.351,0.293,#N/A
7/6/2020 11:00 AM,0.165,0.323,0.352,0.295,#N/A
7/6/2020 12:00 PM,0.167,0.325,0.353,0.298,#N/A
7/6/2020 1:00 PM,0.168,0.328,0.354,0.301,#N/A
7/6/2020 2:00 PM,0.168,0.330,0.355,0.304,#N/A
7/6/2020 3:00 PM,0.169,0.332,0.355,0.305,#N/A
7/6/2020 4:00 PM,0.170,0.333,0.356,0.307,#N/A
7/6/2020 5:00 PM,0.171,0.335,0.356,0.309,#N/A
7/6/2020 6:00 PM,0.171,0.334,0.356,0.310,#N/A
7/6/2020 7:00 PM,0.171,0.334,0.355,0.310,#N/A
7/6/2020 8:00 PM,0.170,0.332,0.355,0.313,#N/A
7/6/2020 9:00 PM,0.169,0.333,0.354,0.315,#N/A
7/6/2020 10:00 PM,0.169,0.332,0.354,0.315,#N/A
7/6/2020 11:00 PM,0.168,0.329,0.353,0.313,#N/A
7/7/2020 12:00 AM,0.168,0.329,0.352,0.311,#N/A
7/7/2020 1:00 AM,0.168,0.330,0.351,0.310,#N/A
7/7/2020 2:00 AM,0.166,0.329,0.351,0.309,#N/A
7/7/2020 3:00 AM,0.166,0.328,0.351,0.307,#N/A
7/7/2020 4:00 AM,0.165,0.329,0.350,0.306,#N/A
7/7/2020 5:00 AM,0.164,0.332,0.349,0.304,#N/A
7/7/2020 6:00 AM,0.164,0.332,0.349,0.303,#N/A
7/7/2020 7:00 AM,0.163,0.326,0.348,0.301,#N/A
7/7/2020 8:00 AM,0.162,0.321,0.349,0.296,#N/A
7/7/2020 9:00 AM,0.163,0.321,0.349,0.293,#N/A
7/7/2020 10:00 AM,0.163,0.321,0.350,0.294,#N/A
7/7/2020 11:00 AM,0.165,0.323,0.351,0.296,#N/A
7/7/2020 12:00 PM,0.166,0.326,0.352,0.298,#N/A
7/7/2020 1:00 PM,0.167,0.326,0.353,0.301,#N/A
7/7/2020 2:00 PM,0.168,0.326,0.354,0.304,#N/A
7/7/2020 3:00 PM,0.169,0.330,0.354,0.305,#N/A
7/7/2020 4:00 PM,0.169,0.332,0.355,0.307,#N/A
7/7/2020 5:00 PM,0.169,0.333,0.355,0.309,#N/A
7/7/2020 6:00 PM,0.169,0.334,0.355,0.309,#N/A
7/7/2020 7:00 PM,0.169,0.332,0.354,0.310,#N/A
7/7/2020 8:00 PM,0.169,0.332,0.354,0.310,#N/A
7/7/2020 9:00 PM,0.169,0.332,0.353,0.319,#N/A
7/7/2020 10:00 PM,0.168,0.330,0.352,0.318,#N/A
7/7/2020 11:00 PM,0.168,0.328,0.351,0.312,#N/A
7/8/2020 12:00 AM,0.168,0.329,0.351,0.310,#N/A
7/8/2020 1:00 AM,0.166,0.329,0.351,0.308,#N/A
7/8/2020 2:00 AM,0.166,0.329,0.351,0.337,#N/A
7/8/2020 3:00 AM,0.165,0.327,0.350,0.311,#N/A
7/8/2020 4:00 AM,0.164,0.326,0.350,0.310,#N/A
7/8/2020 5:00 AM,0.163,0.323,0.349,0.307,#N/A
7/8/2020 6:00 AM,0.162,0.322,0.348,0.306,#N/A
7/8/2020 7:00 AM,0.162,0.321,0.348,0.305,#N/A
7/8/2020 8:00 AM,0.162,0.320,0.348,0.297,#N/A
7/8/2020 9:00 AM,0.162,0.321,0.349,0.290,#N/A
7/8/2020 10:00 AM,0.162,0.320,0.349,0.290,#N/A
7/8/2020 11:00 AM,0.163,0.319,0.350,0.292,#N/A
7/8/2020 12:00 PM,0.164,0.320,0.351,0.294,#N/A
7/8/2020 1:00 PM,0.166,0.321,0.352,0.298,#N/A
7/8/2020 2:00 PM,0.167,0.324,0.353,0.299,#N/A
7/8/2020 3:00 PM,0.168,0.329,0.353,0.302,#N/A
7/8/2020 4:00 PM,0.168,0.332,0.354,0.304,#N/A
7/8/2020 5:00 PM,0.168,0.331,0.354,0.304,#N/A
7/8/2020 6:00 PM,0.168,0.332,0.354,0.305,#N/A
7/8/2020 7:00 PM,0.168,0.329,0.353,0.305,#N/A
7/8/2020 8:00 PM,0.168,0.330,0.352,0.305,#N/A
7/8/2020 9:00 PM,0.168,0.330,0.351,0.307,#N/A
7/8/2020 10:00 PM,0.167,0.329,0.351,0.308,#N/A
7/8/2020 11:00 PM,0.166,0.327,0.351,0.309,#N/A
7/9/2020 12:00 AM,0.166,0.329,0.350,0.308,#N/A
7/9/2020 1:00 AM,0.165,0.328,0.349,0.306,#N/A
7/9/2020 2:00 AM,0.164,0.324,0.349,0.304,#N/A
7/9/2020 3:00 AM,0.164,0.322,0.348,0.303,#N/A
7/9/2020 4:00 AM,0.162,0.321,0.348,0.301,#N/A
7/9/2020 5:00 AM,0.162,0.319,0.347,0.300,#N/A
7/9/2020 6:00 AM,0.162,0.318,0.347,0.299,#N/A
7/9/2020 7:00 AM,0.161,0.316,0.346,0.298,#N/A
7/9/2020 8:00 AM,0.161,0.318,0.347,0.292,#N/A
7/9/2020 9:00 AM,0.161,0.317,0.347,0.289,#N/A
7/9/2020 10:00 AM,0.162,0.317,0.348,0.289,#N/A
7/9/2020 11:00 AM,0.162,0.318,0.349,0.291,#N/A
7/9/2020 12:00 PM,0.163,0.318,0.350,0.293,#N/A
7/9/2020 1:00 PM,0.165,0.322,0.351,0.296,#N/A
7/9/2020 2:00 PM,0.166,0.323,0.351,0.299,#N/A
7/9/2020 3:00 PM,0.166,0.327,0.351,0.301,#N/A
7/9/2020 4:00 PM,0.168,0.330,0.352,0.303,#N/A
7/9/2020 5:00 PM,0.168,0.332,0.352,0.304,#N/A
7/9/2020 6:00 PM,0.168,0.330,0.352,0.305,#N/A
7/9/2020 7:00 PM,0.168,0.328,0.351,0.305,#N/A
7/9/2020 8:00 PM,0.168,0.326,0.351,0.304,#N/A
7/9/2020 9:00 PM,0.166,0.328,0.351,0.305,#N/A
7/9/2020 10:00 PM,0.166,0.328,0.350,0.309,#N/A
7/9/2020 11:00 PM,0.166,0.326,0.350,0.308,#N/A
7/10/2020 12:00 AM,0.165,0.326,0.349,0.307,#N/A
7/10/2020 1:00 AM,0.164,0.326,0.349,0.313,#N/A
7/10/2020 2:00 AM,0.164,0.324,0.348,0.304,#N/A
7/10/2020 3:00 AM,0.162,0.324,0.348,0.311,#N/A
7/10/2020 4:00 AM,0.162,0.321,0.347,0.310,#N/A
7/10/2020 5:00 AM,0.162,0.320,0.347,0.306,#N/A
7/10/2020 6:00 AM,0.161,0.317,0.346,0.304,#N/A
7/10/2020 7:00 AM,0.161,0.315,0.346,0.299,#N/A
7/10/2020 8:00 AM,0.161,0.314,0.346,0.292,#N/A
7/10/2020 9:00 AM,0.161,0.316,0.347,0.288,#N/A
7/10/2020 10:00 AM,0.162,0.319,0.347,0.289,#N/A
7/10/2020 11:00 AM,0.162,0.322,0.348,0.291,#N/A
7/10/2020 12:00 PM,0.163,0.319,0.350,0.293,#N/A
7/10/2020 1:00 PM,0.164,0.321,0.350,0.296,#N/A
7/10/2020 2:00 PM,0.166,0.323,0.351,0.298,#N/A
7/10/2020 3:00 PM,0.166,0.323,0.351,0.301,#N/A
7/10/2020 4:00 PM,0.168,0.327,0.352,0.303,#N/A
7/10/2020 5:00 PM,0.168,0.332,0.352,0.304,#N/A
7/10/2020 6:00 PM,0.168,0.331,0.351,0.305,#N/A
7/10/2020 7:00 PM,0.168,0.332,0.351,0.306,#N/A
7/10/2020 8:00 PM,0.168,0.330,0.351,0.306,#N/A
7/10/2020 9:00 PM,0.167,0.326,0.350,0.306,#N/A
7/10/2020 10:00 PM,0.166,0.326,0.350,0.305,#N/A
7/10/2020 11:00 PM,0.166,0.327,0.349,0.311,#N/A
7/11/2020 12:00 AM,0.165,0.326,0.349,0.321,#N/A
7/11/2020 1:00 AM,0.164,0.324,0.348,0.314,#N/A
7/11/2020 2:00 AM,0.164,0.322,0.348,0.311,#N/A
7/11/2020 3:00 AM,0.162,0.322,0.347,0.324,#N/A
7/11/2020 4:00 AM,0.162,0.324,0.347,0.302,#N/A
7/11/2020 5:00 AM,0.162,0.326,0.347,0.300,#N/A
7/11/2020 6:00 AM,0.161,0.324,0.346,0.298,#N/A
7/11/2020 7:00 AM,0.161,0.320,0.346,0.296,#N/A
7/11/2020 8:00 AM,0.161,0.316,0.346,0.291,#N/A
7/11/2020 9:00 AM,0.161,0.316,0.346,0.290,#N/A
7/11/2020 10:00 AM,0.162,0.315,0.347,0.290,#N/A
7/11/2020 11:00 AM,0.162,0.318,0.348,0.292,#N/A
7/11/2020 12:00 PM,0.163,0.320,0.350,0.294,#N/A
7/11/2020 1:00 PM,0.164,0.321,0.350,0.298,#N/A
7/11/2020 2:00 PM,0.166,0.323,0.351,0.300,#N/A
7/11/2020 3:00 PM,0.167,0.325,0.351,0.303,#N/A
7/11/2020 4:00 PM,0.168,0.328,0.351,0.304,#N/A
7/11/2020 5:00 PM,0.168,0.330,0.351,0.305,#N/A
7/11/2020 6:00 PM,0.168,0.331,0.351,0.305,#N/A
7/11/2020 7:00 PM,0.168,0.331,0.351,0.305,#N/A
7/11/2020 8:00 PM,0.167,0.330,0.351,0.305,#N/A
7/11/2020 9:00 PM,0.166,0.327,0.350,0.306,#N/A
7/11/2020 10:00 PM,0.166,0.328,0.349,0.308,#N/A
7/11/2020 11:00 PM,0.165,0.325,0.349,0.310,#N/A
7/12/2020 12:00 AM,0.164,0.325,0.348,0.328,#N/A
7/12/2020 1:00 AM,0.164,0.324,0.348,0.306,#N/A
7/12/2020 2:00 AM,0.163,0.324,0.347,0.303,#N/A
7/12/2020 3:00 AM,0.162,0.322,0.347,0.301,#N/A
7/12/2020 4:00 AM,0.162,0.321,0.347,0.299,#N/A
7/12/2020 5:00 AM,0.162,0.320,0.346,0.298,#N/A
7/12/2020 6:00 AM,0.161,0.319,0.345,0.297,#N/A
7/12/2020 7:00 AM,0.161,0.316,0.344,0.297,#N/A
7/12/2020 8:00 AM,0.160,0.318,0.344,0.292,#N/A
7/12/2020 9:00 AM,0.160,0.319,0.346,0.290,#N/A
7/12/2020 10:00 AM,0.161,0.315,0.347,0.291,#N/A
7/12/2020 11:00 AM,0.162,0.317,0.347,0.292,#N/A
7/12/2020 12:00 PM,0.163,0.320,0.348,0.294,#N/A
7/12/2020 1:00 PM,0.164,0.321,0.350,0.297,#N/A
7/12/2020 2:00 PM,0.165,0.322,0.350,0.300,#N/A
7/12/2020 3:00 PM,0.166,0.326,0.350,0.302,#N/A
7/12/2020 4:00 PM,0.166,0.328,0.351,0.304,#N/A
7/12/2020 5:00 PM,0.167,0.332,0.351,0.304,#N/A
7/12/2020 6:00 PM,0.167,0.331,0.350,0.304,#N/A
7/12/2020 7:00 PM,0.166,0.331,0.350,0.304,#N/A
7/12/2020 8:00 PM,0.166,0.329,0.350,0.304,#N/A
7/12/2020 9:00 PM,0.166,0.327,0.349,0.304,#N/A
7/12/2020 10:00 PM,0.165,0.328,0.348,0.305,#N/A
7/12/2020 11:00 PM,0.164,0.328,0.348,0.308,#N/A
7/13/2020 12:00 AM,0.164,0.326,0.347,0.308,#N/A
7/13/2020 1:00 AM,0.163,0.328,0.347,0.310,#N/A
7/13/2020 2:00 AM,0.162,0.322,0.346,0.303,#N/A
7/13/2020 3:00 AM,0.162,0.319,0.346,0.300,#N/A
7/13/2020 4:00 AM,0.162,0.318,0.345,0.299,#N/A
7/13/2020 5:00 AM,0.161,0.317,0.344,0.298,#N/A
7/13/2020 6:00 AM,0.160,0.319,0.344,0.298,#N/A
7/13/2020 7:00 AM,0.159,0.316,0.344,0.295,#N/A
7/13/2020 8:00 AM,0.159,0.316,0.344,0.290,#N/A
7/13/2020 9:00 AM,0.159,0.317,0.344,0.288,#N/A
7/13/2020 10:00 AM,0.160,0.315,0.345,0.289,#N/A
7/13/2020 11:00 AM,0.160,0.314,0.346,0.291,#N/A
7/13/2020 12:00 PM,0.162,0.316,0.347,0.292,#N/A
7/13/2020 1:00 PM,0.163,0.318,0.347,0.296,#N/A
7/13/2020 2:00 PM,0.163,0.320,0.348,0.298,#N/A
7/13/2020 3:00 PM,0.164,0.324,0.349,0.300,#N/A
7/13/2020 4:00 PM,0.165,0.329,0.349,0.301,#N/A
7/13/2020 5:00 PM,0.165,0.325,0.349,0.302,#N/A
7/13/2020 6:00 PM,0.165,0.327,0.349,0.302,#N/A
7/13/2020 7:00 PM,0.165,0.329,0.348,0.302,#N/A
7/13/2020 8:00 PM,0.165,0.326,0.348,0.301,#N/A
7/13/2020 9:00 PM,0.164,0.324,0.347,0.303,#N/A
7/13/2020 10:00 PM,0.163,0.325,0.347,0.305,#N/A
7/13/2020 11:00 PM,0.162,0.323,0.346,0.331,#N/A
7/14/2020 12:00 AM,0.162,0.321,0.346,0.312,#N/A
7/14/2020 1:00 AM,0.162,0.321,0.344,0.310,#N/A
7/14/2020 2:00 AM,0.161,0.319,0.344,0.304,#N/A
7/14/2020 3:00 AM,0.160,0.316,0.344,0.302,#N/A
7/14/2020 4:00 AM,0.159,0.317,0.343,0.301,#N/A
7/14/2020 5:00 AM,0.159,0.315,0.342,0.298,#N/A
7/14/2020 6:00 AM,0.158,0.316,0.342,0.293,#N/A
7/14/2020 7:00 AM,0.157,0.317,0.342,0.291,#N/A
7/14/2020 8:00 AM,0.157,0.313,0.342,0.285,#N/A
7/14/2020 9:00 AM,0.157,0.311,0.342,0.283,#N/A
7/14/2020 10:00 AM,0.157,0.313,0.342,0.283,#N/A
7/14/2020 11:00 AM,0.158,0.312,0.343,0.285,#N/A
7/14/2020 12:00 PM,0.159,0.313,0.344,0.287,#N/A
7/14/2020 1:00 PM,0.160,0.315,0.345,0.289,#N/A
7/14/2020 2:00 PM,0.161,0.318,0.346,0.292,#N/A
7/14/2020 3:00 PM,0.162,0.320,0.346,0.293,#N/A
7/14/2020 4:00 PM,0.162,0.321,0.347,0.295,#N/A
7/14/2020 5:00 PM,0.162,0.324,0.347,0.296,#N/A
7/14/2020 6:00 PM,0.162,0.322,0.347,0.297,#N/A
7/14/2020 7:00 PM,0.162,0.321,0.346,0.297,#N/A
7/14/2020 8:00 PM,0.162,0.320,0.345,0.297,#N/A
7/14/2020 9:00 PM,0.162,0.322,0.344,0.300,#N/A
7/14/2020 10:00 PM,0.161,0.320,0.344,0.309,#N/A
7/14/2020 11:00 PM,0.161,0.320,0.343,0.311,#N/A
7/15/2020 12:00 AM,0.159,0.320,0.343,0.316,#N/A
7/15/2020 1:00 AM,0.159,0.318,0.342,0.301,#N/A
7/15/2020 2:00 AM,0.158,0.319,0.342,0.296,#N/A
7/15/2020 3:00 AM,0.157,0.316,0.341,0.291,#N/A
7/15/2020 4:00 AM,0.157,0.318,0.341,0.289,#N/A
7/15/2020 5:00 AM,0.156,0.314,0.340,0.287,#N/A
7/15/2020 6:00 AM,0.156,0.313,0.339,0.286,#N/A
7/15/2020 7:00 AM,0.156,0.306,0.339,0.287,#N/A
7/15/2020 8:00 AM,0.155,0.307,0.339,0.283,#N/A
7/15/2020 9:00 AM,0.155,0.310,0.340,0.278,#N/A
7/15/2020 10:00 AM,0.155,0.310,0.340,0.278,#N/A
7/15/2020 11:00 AM,0.156,0.310,0.341,0.280,#N/A
7/15/2020 12:00 PM,0.156,0.309,0.342,0.282,#N/A
7/15/2020 1:00 PM,0.158,0.310,0.342,0.284,#N/A
7/15/2020 2:00 PM,0.159,0.313,0.343,0.287,#N/A
7/15/2020 3:00 PM,0.159,0.318,0.344,0.288,#N/A
7/15/2020 4:00 PM,0.161,0.319,0.344,0.290,#N/A
7/15/2020 5:00 PM,0.161,0.320,0.344,0.291,#N/A
7/15/2020 6:00 PM,0.161,0.321,0.344,0.292,#N/A
7/15/2020 7:00 PM,0.161,0.319,0.343,0.292,#N/A
7/15/2020 8:00 PM,0.160,0.317,0.343,0.292,#N/A
7/15/2020 9:00 PM,0.159,0.318,0.342,0.309,#N/A
7/15/2020 10:00 PM,0.159,0.318,0.342,0.298,#N/A
7/15/2020 11:00 PM,0.158,0.319,0.342,0.294,#N/A
7/16/2020 12:00 AM,0.157,0.315,0.341,0.292,#N/A
7/16/2020 1:00 AM,0.157,0.312,0.340,0.291,#N/A
7/16/2020 2:00 AM,0.156,0.310,0.340,0.289,#N/A
7/16/2020 3:00 AM,0.156,0.310,0.339,0.287,#N/A
7/16/2020 4:00 AM,0.155,0.309,0.338,0.286,#N/A
7/16/2020 5:00 AM,0.154,0.307,0.338,0.284,#N/A
7/16/2020 6:00 AM,0.154,0.306,0.338,0.282,#N/A
7/16/2020 7:00 AM,0.153,0.303,0.337,0.281,#N/A
7/16/2020 8:00 AM,0.152,0.308,0.337,0.279,#N/A
7/16/2020 9:00 AM,0.152,0.308,0.338,0.274,#N/A
7/16/2020 10:00 AM,0.153,0.308,0.338,0.275,#N/A
7/16/2020 11:00 AM,0.154,0.306,0.339,0.275,#N/A
7/16/2020 12:00 PM,0.155,0.307,0.340,0.278,#N/A
7/16/2020 1:00 PM,0.156,0.309,0.341,0.280,#N/A
7/16/2020 2:00 PM,0.157,0.310,0.342,0.282,#N/A
7/16/2020 3:00 PM,0.158,0.313,0.342,0.285,#N/A
7/16/2020 4:00 PM,0.159,0.316,0.343,0.287,#N/A
7/16/2020 5:00 PM,0.159,0.317,0.342,0.287,#N/A
7/16/2020 6:00 PM,0.159,0.319,0.342,0.287,#N/A
7/16/2020 7:00 PM,0.159,0.318,0.342,0.288,#N/A
7/16/2020 8:00 PM,0.159,0.320,0.342,0.289,#N/A
7/16/2020 9:00 PM,0.158,0.317,0.341,0.298,#N/A
7/16/2020 10:00 PM,0.157,0.312,0.341,0.294,#N/A
7/16/2020 11:00 PM,0.157,0.312,0.340,0.291,#N/A
7/17/2020 12:00 AM,0.156,0.317,0.339,0.288,#N/A
7/17/2020 1:00 AM,0.156,0.315,0.339,0.287,#N/A
7/17/2020 2:00 AM,0.156,0.311,0.338,0.286,#N/A
7/17/2020 3:00 AM,0.155,0.307,0.338,0.285,#N/A
7/17/2020 4:00 AM,0.154,0.305,0.337,0.283,#N/A
7/17/2020 5:00 AM,0.153,0.305,0.337,0.281,#N/A
7/17/2020 6:00 AM,0.152,0.305,0.336,0.279,#N/A
7/17/2020 7:00 AM,0.152,0.304,0.336,0.277,#N/A
7/17/2020 8:00 AM,0.151,0.306,0.336,0.276,#N/A
7/17/2020 9:00 AM,0.151,0.308,0.336,0.272,#N/A
7/17/2020 10:00 AM,0.152,0.307,0.337,0.272,#N/A
7/17/2020 11:00 AM,0.153,0.302,0.338,0.274,#N/A
7/17/2020 12:00 PM,0.154,0.305,0.339,0.275,#N/A
7/17/2020 1:00 PM,0.156,0.306,0.340,0.278,#N/A
7/17/2020 2:00 PM,0.156,0.310,0.341,0.281,#N/A
7/17/2020 3:00 PM,0.157,0.312,0.341,0.282,#N/A
7/17/2020 4:00 PM,0.158,0.317,0.342,0.284,#N/A
7/17/2020 5:00 PM,0.158,0.317,0.342,0.285,#N/A
7/17/2020 6:00 PM,0.158,0.319,0.342,0.286,#N/A
7/17/2020 7:00 PM,0.158,0.319,0.341,0.287,#N/A
7/17/2020 8:00 PM,0.157,0.315,0.341,0.287,#N/A
7/17/2020 9:00 PM,0.157,0.315,0.340,0.292,#N/A
7/17/2020 10:00 PM,0.156,0.314,0.339,0.292,#N/A
7/17/2020 11:00 PM,0.156,0.317,0.339,0.289,#N/A
7/18/2020 12:00 AM,0.156,0.313,0.338,0.287,#N/A
7/18/2020 1:00 AM,0.155,0.310,0.338,0.287,#N/A
7/18/2020 2:00 AM,0.154,0.310,0.338,0.283,#N/A
7/18/2020 3:00 AM,0.154,0.308,0.337,0.281,#N/A
7/18/2020 4:00 AM,0.152,0.308,0.336,0.280,#N/A
7/18/2020 5:00 AM,0.152,0.304,0.336,0.278,#N/A
7/18/2020 6:00 AM,0.151,0.303,0.336,0.277,#N/A
7/18/2020 7:00 AM,0.151,0.302,0.335,0.276,#N/A
7/18/2020 8:00 AM,0.151,0.304,0.335,0.273,#N/A
7/18/2020 9:00 AM,0.151,0.306,0.335,0.270,#N/A
7/18/2020 10:00 AM,0.151,0.304,0.336,0.270,#N/A
7/18/2020 11:00 AM,0.152,0.303,0.337,0.272,#N/A
7/18/2020 12:00 PM,0.153,0.304,0.338,0.274,#N/A
7/18/2020 1:00 PM,0.155,0.306,0.339,0.276,#N/A
7/18/2020 2:00 PM,0.156,0.307,0.340,0.279,#N/A
7/18/2020 3:00 PM,0.156,0.309,0.340,0.281,#N/A
7/18/2020 4:00 PM,0.157,0.316,0.341,0.283,#N/A
7/18/2020 5:00 PM,0.157,0.315,0.341,0.284,#N/A
7/18/2020 6:00 PM,0.157,0.315,0.340,0.285,#N/A
7/18/2020 7:00 PM,0.157,0.315,0.340,0.287,#N/A
7/18/2020 8:00 PM,0.157,0.312,0.339,0.288,#N/A
7/18/2020 9:00 PM,0.156,0.313,0.339,0.303,#N/A
7/18/2020 10:00 PM,0.156,0.311,0.338,0.288,#N/A
7/18/2020 11:00 PM,0.156,0.310,0.338,0.287,#N/A
7/19/2020 12:00 AM,0.156,0.310,0.337,0.285,#N/A
7/19/2020 1:00 AM,0.154,0.313,0.337,0.283,#N/A
7/19/2020 2:00 AM,0.154,0.307,0.336,0.282,#N/A
7/19/2020 3:00 AM,0.152,0.307,0.336,0.280,#N/A
7/19/2020 4:00 AM,0.152,0.312,0.335,0.279,#N/A
7/19/2020 5:00 AM,0.152,0.308,0.335,0.278,#N/A
7/19/2020 6:00 AM,0.151,0.308,0.334,0.276,#N/A
7/19/2020 7:00 AM,0.151,0.305,0.333,0.275,#N/A
7/19/2020 8:00 AM,0.151,0.302,0.333,0.270,#N/A
7/19/2020 9:00 AM,0.151,0.303,0.335,0.269,#N/A
7/19/2020 10:00 AM,0.151,0.301,0.335,0.269,#N/A
7/19/2020 11:00 AM,0.151,0.301,0.336,0.270,#N/A
7/19/2020 12:00 PM,0.153,0.303,0.337,0.272,#N/A
7/19/2020 1:00 PM,0.154,0.303,0.338,0.275,#N/A
7/19/2020 2:00 PM,0.155,0.307,0.338,0.276,#N/A
7/19/2020 3:00 PM,0.156,0.312,0.339,0.279,#N/A
7/19/2020 4:00 PM,0.156,0.310,0.339,0.280,#N/A
7/19/2020 5:00 PM,0.156,0.311,0.339,0.281,#N/A
7/19/2020 6:00 PM,0.156,0.311,0.339,0.281,#N/A
7/19/2020 7:00 PM,0.156,0.310,0.338,0.282,#N/A
7/19/2020 8:00 PM,0.156,0.309,0.338,0.282,#N/A
7/19/2020 9:00 PM,0.156,0.309,0.337,0.284,#N/A
7/19/2020 10:00 PM,0.155,0.310,0.337,0.297,#N/A
7/19/2020 11:00 PM,0.154,0.310,0.336,0.287,#N/A
7/20/2020 12:00 AM,0.154,0.310,0.336,0.281,#N/A
7/20/2020 1:00 AM,0.153,0.309,0.335,0.281,#N/A
7/20/2020 2:00 AM,0.152,0.306,0.335,0.278,#N/A
7/20/2020 3:00 AM,0.152,0.305,0.335,0.276,#N/A
7/20/2020 4:00 AM,0.151,0.304,0.333,0.276,#N/A
7/20/2020 5:00 AM,0.151,0.302,0.333,0.276,#N/A
7/20/2020 6:00 AM,0.151,0.302,0.333,0.275,#N/A
7/20/2020 7:00 AM,0.149,0.301,0.332,0.273,#N/A
7/20/2020 8:00 AM,0.149,0.299,0.332,0.273,#N/A
7/20/2020 9:00 AM,0.149,0.299,0.333,0.267,#N/A
7/20/2020 10:00 AM,0.150,0.298,0.333,0.265,#N/A
7/20/2020 11:00 AM,0.151,0.298,0.333,0.267,#N/A
7/20/2020 12:00 PM,0.151,0.302,0.335,0.270,#N/A
7/20/2020 1:00 PM,0.153,0.301,0.336,0.271,#N/A
7/20/2020 2:00 PM,0.154,0.304,0.337,0.274,#N/A
7/20/2020 3:00 PM,0.155,0.306,0.337,0.275,#N/A
7/20/2020 4:00 PM,0.156,0.310,0.338,0.277,#N/A
7/20/2020 5:00 PM,0.156,0.310,0.338,0.279,#N/A
7/20/2020 6:00 PM,0.156,0.310,0.338,0.281,#N/A
7/20/2020 7:00 PM,0.156,0.309,0.337,0.282,#N/A
7/20/2020 8:00 PM,0.156,0.309,0.337,0.298,#N/A
7/20/2020 9:00 PM,0.155,0.308,0.336,0.293,#N/A
7/20/2020 10:00 PM,0.154,0.308,0.336,0.286,#N/A
7/20/2020 11:00 PM,0.154,0.307,0.335,0.313,#N/A
7/21/2020 12:00 AM,0.153,0.310,0.335,0.280,#N/A
7/21/2020 1:00 AM,0.152,0.307,0.334,0.279,#N/A
7/21/2020 2:00 AM,0.152,0.304,0.333,0.277,#N/A
7/21/2020 3:00 AM,0.151,0.304,0.333,0.275,#N/A
7/21/2020 4:00 AM,0.151,0.301,0.332,0.273,#N/A
7/21/2020 5:00 AM,0.150,0.304,0.332,0.272,#N/A
7/21/2020 6:00 AM,0.149,0.302,0.331,0.271,#N/A
7/21/2020 7:00 AM,0.149,0.300,0.331,0.270,#N/A
7/21/2020 8:00 AM,0.148,0.298,0.331,0.270,#N/A
7/21/2020 9:00 AM,0.148,0.298,0.331,0.266,#N/A
7/21/2020 10:00 AM,0.149,0.298,0.332,0.265,#N/A
7/21/2020 11:00 AM,0.150,0.298,0.333,0.266,#N/A
7/21/2020 12:00 PM,0.151,0.299,0.334,0.268,#N/A
7/21/2020 1:00 PM,0.152,0.303,0.335,0.270,#N/A
7/21/2020 2:00 PM,0.153,0.304,0.336,0.272,#N/A
7/21/2020 3:00 PM,0.154,0.308,0.336,0.274,#N/A
7/21/2020 4:00 PM,0.155,0.310,0.337,0.275,#N/A
7/21/2020 5:00 PM,0.156,0.308,0.337,0.278,#N/A
7/21/2020 6:00 PM,0.156,0.309,0.337,0.283,#N/A
7/21/2020 7:00 PM,0.155,0.308,0.336,0.315,#N/A
7/21/2020 8:00 PM,0.154,0.307,0.336,0.304,#N/A
7/21/2020 9:00 PM,0.154,0.305,0.335,0.283,#N/A
7/21/2020 10:00 PM,0.154,0.304,0.335,0.282,#N/A
7/21/2020 11:00 PM,0.152,0.303,0.334,0.281,#N/A
7/22/2020 12:00 AM,0.152,0.304,0.333,0.279,#N/A
7/22/2020 1:00 AM,0.151,0.303,0.333,0.277,#N/A
7/22/2020 2:00 AM,0.151,0.303,0.332,0.275,#N/A
7/22/2020 3:00 AM,0.151,0.302,0.332,0.275,#N/A
7/22/2020 4:00 AM,0.149,0.298,0.331,0.273,#N/A
7/22/2020 5:00 AM,0.149,0.298,0.331,0.280,#N/A
7/22/2020 6:00 AM,0.149,0.300,0.330,0.279,#N/A
7/22/2020 7:00 AM,0.148,0.298,0.330,0.276,#N/A
7/22/2020 8:00 AM,0.147,0.297,0.330,0.273,#N/A
7/22/2020 9:00 AM,0.147,0.297,0.330,0.265,#N/A
7/22/2020 10:00 AM,0.148,0.299,0.331,0.263,#N/A
7/22/2020 11:00 AM,0.148,0.300,0.331,0.264,#N/A
7/22/2020 12:00 PM,0.150,0.298,0.332,0.266,#N/A
7/22/2020 1:00 PM,0.151,0.301,0.333,0.268,#N/A
7/22/2020 2:00 PM,0.152,0.302,0.334,0.270,#N/A
7/22/2020 3:00 PM,0.152,0.307,0.335,0.272,#N/A
7/22/2020 4:00 PM,0.154,0.306,0.335,0.274,#N/A
7/22/2020 5:00 PM,0.154,0.306,0.336,0.277,#N/A
7/22/2020 6:00 PM,0.154,0.307,0.335,0.284,#N/A
7/22/2020 7:00 PM,0.153,0.306,0.335,0.283,#N/A
7/22/2020 8:00 PM,0.152,0.304,0.333,0.280,#N/A
7/22/2020 9:00 PM,0.152,0.305,0.333,0.280,#N/A
7/22/2020 10:00 PM,0.152,0.304,0.333,0.278,#N/A
7/22/2020 11:00 PM,0.151,0.304,0.332,0.275,#N/A
7/23/2020 12:00 AM,0.151,0.302,0.331,0.273,#N/A
7/23/2020 1:00 AM,0.150,0.301,0.331,0.270,#N/A
7/23/2020 2:00 AM,0.149,0.298,0.331,0.270,#N/A
7/23/2020 3:00 AM,0.149,0.298,0.330,0.269,#N/A
7/23/2020 4:00 AM,0.148,0.298,0.329,0.267,#N/A
7/23/2020 5:00 AM,0.147,0.298,0.329,0.266,#N/A
7/23/2020 6:00 AM,0.146,0.298,0.329,0.265,#N/A
7/23/2020 7:00 AM,0.145,0.295,0.328,0.264,#N/A
7/23/2020 8:00 AM,0.145,0.293,0.328,0.270,#N/A
7/23/2020 9:00 AM,0.145,0.294,0.329,0.267,#N/A
7/23/2020 10:00 AM,0.146,0.292,0.329,0.265,#N/A
7/23/2020 11:00 AM,0.146,0.294,0.330,0.265,#N/A
7/23/2020 12:00 PM,0.148,0.295,0.331,0.268,#N/A
7/23/2020 1:00 PM,0.149,0.297,0.332,0.270,#N/A
7/23/2020 2:00 PM,0.150,0.299,0.332,0.271,#N/A
7/23/2020 3:00 PM,0.151,0.301,0.333,0.273,#N/A
7/23/2020 4:00 PM,0.151,0.304,0.333,0.275,#N/A
7/23/2020 5:00 PM,0.152,0.304,0.333,0.276,#N/A
7/23/2020 6:00 PM,0.152,0.304,0.333,0.280,#N/A
7/23/2020 7:00 PM,0.151,0.303,0.333,0.278,#N/A
7/23/2020 8:00 PM,0.151,0.301,0.332,0.278,#N/A
7/23/2020 9:00 PM,0.151,0.301,0.331,0.275,#N/A
7/23/2020 10:00 PM,0.151,0.302,0.331,0.274,#N/A
7/23/2020 11:00 PM,0.149,0.298,0.331,0.272,#N/A
7/24/2020 12:00 AM,0.149,0.296,0.330,0.270,#N/A
7/24/2020 1:00 AM,0.148,0.298,0.329,0.271,#N/A
7/24/2020 2:00 AM,0.147,0.300,0.329,0.270,#N/A
7/24/2020 3:00 AM,0.147,0.298,0.329,0.269,#N/A
7/24/2020 4:00 AM,0.145,0.299,0.328,0.268,#N/A
7/24/2020 5:00 AM,0.145,0.299,0.328,0.266,#N/A
7/24/2020 6:00 AM,0.145,0.293,0.327,0.265,#N/A
7/24/2020 7:00 AM,0.145,0.292,0.327,0.264,#N/A
7/24/2020 8:00 AM,0.144,0.292,0.327,0.265,#N/A
7/24/2020 9:00 AM,0.144,0.292,0.327,0.263,#N/A
7/24/2020 10:00 AM,0.145,0.292,0.328,0.261,#N/A
7/24/2020 11:00 AM,0.145,0.292,0.329,0.261,#N/A
7/24/2020 12:00 PM,0.146,0.294,0.329,0.263,#N/A
7/24/2020 1:00 PM,0.148,0.292,0.331,0.265,#N/A
7/24/2020 2:00 PM,0.149,0.296,0.331,0.267,#N/A
7/24/2020 3:00 PM,0.150,0.299,0.331,0.269,#N/A
7/24/2020 4:00 PM,0.151,0.304,0.332,0.272,#N/A
7/24/2020 5:00 PM,0.151,0.302,0.332,0.280,#N/A
7/24/2020 6:00 PM,0.151,0.302,0.332,0.276,#N/A
7/24/2020 7:00 PM,0.151,0.300,0.331,0.276,#N/A
7/24/2020 8:00 PM,0.151,0.299,0.331,0.277,#N/A
7/24/2020 9:00 PM,0.150,0.300,0.331,0.275,#N/A
7/24/2020 10:00 PM,0.149,0.298,0.330,0.271,#N/A
7/24/2020 11:00 PM,0.149,0.298,0.330,0.270,#N/A
7/25/2020 12:00 AM,0.148,0.294,0.329,0.270,#N/A
7/25/2020 1:00 AM,0.147,0.295,0.329,0.275,#N/A
7/25/2020 2:00 AM,0.147,0.293,0.328,0.271,#N/A
7/25/2020 3:00 AM,0.145,0.296,0.328,0.270,#N/A
7/25/2020 4:00 AM,0.145,0.295,0.327,0.269,#N/A
7/25/2020 5:00 AM,0.145,0.292,0.327,0.267,#N/A
7/25/2020 6:00 AM,0.145,0.290,0.326,0.265,#N/A
7/25/2020 7:00 AM,0.144,0.289,0.326,0.265,#N/A
7/25/2020 8:00 AM,0.144,0.291,0.326,0.265,#N/A
7/25/2020 9:00 AM,0.144,0.290,0.327,0.260,#N/A
7/25/2020 10:00 AM,0.144,0.290,0.327,0.258,#N/A
7/25/2020 11:00 AM,0.145,0.292,0.328,0.260,#N/A
7/25/2020 12:00 PM,0.146,0.292,0.329,0.263,#N/A
7/25/2020 1:00 PM,0.147,0.293,0.330,0.264,#N/A
7/25/2020 2:00 PM,0.149,0.297,0.331,0.267,#N/A
7/25/2020 3:00 PM,0.149,0.298,0.331,0.270,#N/A
7/25/2020 4:00 PM,0.151,0.301,0.331,0.273,#N/A
7/25/2020 5:00 PM,0.151,0.299,0.331,0.275,#N/A
7/25/2020 6:00 PM,0.151,0.301,0.331,0.276,#N/A
7/25/2020 7:00 PM,0.151,0.301,0.331,0.274,#N/A
7/25/2020 8:00 PM,0.150,0.299,0.331,0.275,#N/A
7/25/2020 9:00 PM,0.149,0.300,0.330,0.274,#N/A
7/25/2020 10:00 PM,0.149,0.300,0.329,0.273,#N/A
7/25/2020 11:00 PM,0.149,0.298,0.329,0.273,#N/A
7/26/2020 12:00 AM,0.148,0.296,0.329,0.271,#N/A
7/26/2020 1:00 AM,0.147,0.297,0.328,0.272,#N/A
7/26/2020 2:00 AM,0.146,0.295,0.327,0.275,#N/A
7/26/2020 3:00 AM,0.145,0.294,0.327,0.273,#N/A
7/26/2020 4:00 AM,0.145,0.293,0.327,0.270,#N/A
7/26/2020 5:00 AM,0.145,0.292,0.326,0.269,#N/A
7/26/2020 6:00 AM,0.144,0.293,0.325,0.267,#N/A
7/26/2020 7:00 AM,0.143,0.288,0.325,0.265,#N/A
7/26/2020 8:00 AM,0.142,0.289,0.325,0.264,#N/A
7/26/2020 9:00 AM,0.143,0.290,0.326,0.257,#N/A
7/26/2020 10:00 AM,0.143,0.290,0.326,0.256,#N/A
7/26/2020 11:00 AM,0.145,0.290,0.328,0.257,#N/A
7/26/2020 12:00 PM,0.145,0.290,0.329,0.259,#N/A
7/26/2020 1:00 PM,0.147,0.294,0.330,0.262,#N/A
7/26/2020 2:00 PM,0.149,0.292,0.330,0.264,#N/A
7/26/2020 3:00 PM,0.150,0.297,0.331,0.266,#N/A
7/26/2020 4:00 PM,0.151,0.299,0.331,0.271,#N/A
7/26/2020 5:00 PM,0.151,0.304,0.331,0.275,#N/A
7/26/2020 6:00 PM,0.151,0.302,0.331,0.275,#N/A
7/26/2020 7:00 PM,0.151,0.300,0.331,0.275,#N/A
7/26/2020 8:00 PM,0.151,0.303,0.331,0.275,#N/A
7/26/2020 9:00 PM,0.150,0.299,0.330,0.273,#N/A
7/26/2020 10:00 PM,0.149,0.298,0.330,0.272,#N/A
7/26/2020 11:00 PM,0.149,0.298,0.329,0.272,#N/A
7/27/2020 12:00 AM,0.148,0.296,0.329,0.270,#N/A
7/27/2020 1:00 AM,0.147,0.296,0.328,0.269,#N/A
7/27/2020 2:00 AM,0.147,0.295,0.328,0.267,#N/A
7/27/2020 3:00 AM,0.145,0.293,0.327,0.276,#N/A
7/27/2020 4:00 AM,0.145,0.292,0.327,0.275,#N/A
7/27/2020 5:00 AM,0.145,0.294,0.327,0.274,#N/A
7/27/2020 6:00 AM,0.144,0.296,0.326,0.274,#N/A
7/27/2020 7:00 AM,0.144,0.293,0.325,0.270,#N/A
7/27/2020 8:00 AM,0.143,0.290,0.325,0.265,#N/A
7/27/2020 9:00 AM,0.143,0.292,0.326,0.259,#N/A
7/27/2020 10:00 AM,0.143,0.292,0.326,0.257,#N/A
7/27/2020 11:00 AM,0.145,0.289,0.327,0.258,#N/A
7/27/2020 12:00 PM,0.145,0.291,0.328,0.259,#N/A
7/27/2020 1:00 PM,0.146,0.291,0.329,0.261,#N/A
7/27/2020 2:00 PM,0.148,0.296,0.329,0.264,#N/A
