#,"Date Time, GMT-08:00",785,813,786,686,689
1,1/26/2021 11:53,0.0794,0.1783,0.2266,0.0949,0.14
2,1/26/2021 12:53,0.0803,0.1789,0.2266,0.0961,0.14
3,1/26/2021 13:53,0.081,0.1793,0.2269,0.0975,0.1405
4,1/26/2021 14:53,0.0822,0.1793,0.2269,0.0992,0.1416
5,1/26/2021 15:53,0.0829,0.1793,0.2269,0.1003,0.1421
6,1/26/2021 16:53,0.0829,0.1793,0.2266,0.0998,0.1421
7,1/26/2021 17:53,0.0829,0.1789,0.2266,0.0992,0.1421
8,1/26/2021 18:53,0.0822,0.1789,0.2266,0.0981,0.1425
9,1/26/2021 19:53,0.0822,0.1783,0.2266,0.0975,0.1421
10,1/26/2021 20:53,0.0822,0.1783,0.2266,0.0969,0.1421
11,1/26/2021 21:53,0.0816,0.1779,0.2266,0.0969,0.1421
12,1/26/2021 22:53,0.0816,0.1779,0.2262,0.0969,0.1416
13,1/26/2021 23:53,0.081,0.1779,0.2262,0.0969,0.1416
14,1/27/2021 0:53,0.081,0.1779,0.2262,0.0969,0.1412
15,1/27/2021 1:53,0.081,0.1779,0.2266,0.0969,0.1412
16,1/27/2021 2:53,0.0803,0.1797,0.2269,0.0969,0.1405
17,1/27/2021 3:53,0.0803,0.1797,0.2269,0.0975,0.1405
18,1/27/2021 4:53,0.0803,0.1793,0.2269,0.0975,0.1405
19,1/27/2021 5:53,0.0797,0.1793,0.2274,0.0975,0.14
20,1/27/2021 6:53,0.0797,0.1797,0.2274,0.0975,0.14
21,1/27/2021 7:53,0.0797,0.1797,0.2277,0.0975,0.14
22,1/27/2021 8:53,0.0797,0.1797,0.2277,0.0986,0.14
23,1/27/2021 9:53,0.0794,0.1797,0.2274,0.0992,0.1405
24,1/27/2021 10:53,0.0794,0.1797,0.2274,0.1003,0.1405
25,1/27/2021 11:53,0.0794,0.1797,0.2274,0.1009,0.1405
26,1/27/2021 12:53,0.0794,0.1797,0.2277,0.1014,0.1405
27,1/27/2021 13:53,0.0794,0.1797,0.2282,0.1009,0.1412
28,1/27/2021 14:53,0.0794,0.1797,0.2277,0.1014,0.1412
29,1/27/2021 15:53,0.0794,0.1797,0.2282,0.1014,0.1412
30,1/27/2021 16:53,0.0794,0.1797,0.2282,0.1014,0.1416
31,1/27/2021 17:53,0.0794,0.1797,0.2286,0.1014,0.1416
32,1/27/2021 18:53,0.0794,0.1797,0.2286,0.102,0.1421
33,1/27/2021 19:53,0.0794,0.1797,0.2286,0.1014,0.1416
34,1/27/2021 20:53,0.0794,0.1797,0.2286,0.1014,0.1421
35,1/27/2021 21:53,0.0794,0.1797,0.2286,0.1014,0.1421
36,1/27/2021 22:53,0.0794,0.1797,0.2291,0.1014,0.1421
37,1/27/2021 23:53,0.0794,0.1797,0.2286,0.1014,0.1421
38,1/28/2021 0:53,0.0787,0.1797,0.2291,0.102,0.1421
39,1/28/2021 1:53,0.0794,0.1797,0.2291,0.102,0.1421
40,1/28/2021 2:53,0.0794,0.1797,0.2291,0.102,0.1421
41,1/28/2021 3:53,0.0794,0.1797,0.2291,0.102,0.1421
42,1/28/2021 4:53,0.0794,0.1797,0.2291,0.102,0.1421
43,1/28/2021 5:53,0.0794,0.1797,0.2291,0.102,0.1421
44,1/28/2021 6:53,0.0794,0.1797,0.2294,0.102,0.1421
45,1/28/2021 7:53,0.0794,0.1797,0.2294,0.102,0.1421
46,1/28/2021 8:53,0.0794,0.1797,0.2294,0.1025,0.1421
47,1/28/2021 9:53,0.0794,0.1803,0.2294,0.1025,0.1421
48,1/28/2021 10:53,0.0794,0.1803,0.2299,0.1031,0.1421
49,1/28/2021 11:53,0.0794,0.1803,0.2299,0.1036,0.1421
50,1/28/2021 12:53,0.0794,0.1797,0.2303,0.1036,0.1425
51,1/28/2021 13:53,0.0797,0.1803,0.2303,0.1036,0.143
52,1/28/2021 14:53,0.0797,0.1797,0.2303,0.1036,0.143
53,1/28/2021 15:53,0.0797,0.1797,0.2303,0.1036,0.143
54,1/28/2021 16:53,0.0797,0.1797,0.2303,0.1031,0.1434
55,1/28/2021 17:53,0.0797,0.2052,0.2303,0.1053,0.1551
56,1/28/2021 18:53,0.0794,0.3249,0.2942,0.1366,0.1652
57,1/28/2021 19:53,0.0794,0.3688,0.3286,0.202,0.1876
58,1/28/2021 20:53,0.0781,0.3746,0.3299,0.2274,0.1963
59,1/28/2021 21:53,0.0781,0.374,0.3308,0.243,0.2109
60,1/28/2021 22:53,0.0787,0.3699,0.3295,0.2546,0.2229
61,1/28/2021 23:53,0.0794,0.3611,0.3269,0.2635,0.2299
62,1/29/2021 0:53,0.0797,0.3716,0.3282,0.2756,0.2374
63,1/29/2021 1:53,0.0822,0.3762,0.3367,0.2928,0.2532
64,1/29/2021 2:53,0.0841,0.3611,0.3304,0.2955,0.2557
65,1/29/2021 3:53,0.0844,0.3506,0.3269,0.2966,0.2582
66,1/29/2021 4:53,0.085,0.3461,0.3249,0.2966,0.2607
67,1/29/2021 5:53,0.0863,0.3427,0.3235,0.2973,0.2639
68,1/29/2021 6:53,0.0875,0.3403,0.3223,0.2973,0.266
69,1/29/2021 7:53,0.0893,0.3371,0.3211,0.297,0.268
70,1/29/2021 8:53,0.0902,0.3335,0.3199,0.2963,0.2698
71,1/29/2021 9:53,0.0914,0.3308,0.3192,0.2952,0.2715
72,1/29/2021 10:53,0.0926,0.329,0.3183,0.2946,0.2729
73,1/29/2021 11:53,0.0937,0.3269,0.3175,0.2938,0.2739
74,1/29/2021 12:53,0.0949,0.3256,0.3171,0.2938,0.2749
75,1/29/2021 13:53,0.0961,0.3249,0.3163,0.2938,0.2759
76,1/29/2021 14:53,0.0969,0.3244,0.316,0.2935,0.2766
77,1/29/2021 15:53,0.0981,0.3231,0.3151,0.2928,0.2773
78,1/29/2021 16:53,0.0992,0.3219,0.3148,0.2919,0.2773
79,1/29/2021 17:53,0.0998,0.3207,0.3144,0.2914,0.2776
80,1/29/2021 18:53,0.1009,0.3199,0.3136,0.2911,0.278
81,1/29/2021 19:53,0.102,0.3187,0.3133,0.2904,0.278
82,1/29/2021 20:53,0.1031,0.3178,0.3128,0.2901,0.2783
83,1/29/2021 21:53,0.1036,0.3168,0.3121,0.2898,0.2783
84,1/29/2021 22:53,0.1042,0.316,0.3118,0.2895,0.2786
85,1/29/2021 23:53,0.1053,0.3148,0.3113,0.2895,0.279
86,1/30/2021 0:53,0.1053,0.314,0.311,0.289,0.2786
87,1/30/2021 1:53,0.1064,0.3133,0.3106,0.2887,0.2786
88,1/30/2021 2:53,0.1069,0.3128,0.3102,0.2887,0.2786
89,1/30/2021 3:53,0.1075,0.3121,0.3098,0.2884,0.279
90,1/30/2021 4:53,0.108,0.3113,0.3095,0.2884,0.279
91,1/30/2021 5:53,0.1085,0.3106,0.3092,0.2881,0.279
92,1/30/2021 6:53,0.1091,0.3098,0.3087,0.2853,0.279
93,1/30/2021 7:53,0.1101,0.3095,0.3084,0.2857,0.279
94,1/30/2021 8:53,0.1107,0.3092,0.3084,0.2847,0.2793
95,1/30/2021 9:53,0.1117,0.3092,0.3084,0.2847,0.2793
96,1/30/2021 10:53,0.1122,0.3087,0.3084,0.285,0.279
97,1/30/2021 11:53,0.1133,0.3087,0.3084,0.285,0.2793
98,1/30/2021 12:53,0.1143,0.3084,0.3084,0.2847,0.2793
99,1/30/2021 13:53,0.1153,0.3084,0.308,0.2844,0.2793
100,1/30/2021 14:53,0.1169,0.3084,0.3077,0.2837,0.2793
101,1/30/2021 15:53,0.1174,0.308,0.3072,0.283,0.2793
102,1/30/2021 16:53,0.1179,0.3072,0.3069,0.2824,0.279
103,1/30/2021 17:53,0.1184,0.3066,0.3066,0.2817,0.2786
104,1/30/2021 18:53,0.1189,0.3062,0.3066,0.281,0.2783
105,1/30/2021 19:53,0.1189,0.3054,0.3062,0.2803,0.2783
106,1/30/2021 20:53,0.1189,0.3051,0.3058,0.2803,0.2776
107,1/30/2021 21:53,0.1189,0.3043,0.3054,0.28,0.2773
108,1/30/2021 22:53,0.1189,0.304,0.3051,0.28,0.277
109,1/30/2021 23:53,0.1189,0.3033,0.3048,0.2796,0.2766
110,1/31/2021 0:53,0.1189,0.3033,0.3048,0.2796,0.2763
111,1/31/2021 1:53,0.1189,0.3026,0.3043,0.2796,0.2763
112,1/31/2021 2:53,0.1189,0.3022,0.3043,0.2796,0.2759
113,1/31/2021 3:53,0.1194,0.3019,0.304,0.2796,0.2759
114,1/31/2021 4:53,0.1194,0.3015,0.304,0.2793,0.2759
115,1/31/2021 5:53,0.1194,0.3011,0.3037,0.2793,0.2756
116,1/31/2021 6:53,0.1194,0.3008,0.3037,0.2793,0.2759
117,1/31/2021 7:53,0.1199,0.3005,0.3037,0.2793,0.2759
118,1/31/2021 8:53,0.1204,0.3005,0.3037,0.2796,0.2763
119,1/31/2021 9:53,0.1204,0.3001,0.3033,0.28,0.2759
120,1/31/2021 10:53,0.1209,0.2997,0.3033,0.2796,0.2759
121,1/31/2021 11:53,0.1214,0.3001,0.3033,0.2796,0.2763
122,1/31/2021 12:53,0.1214,0.2997,0.3029,0.2793,0.2759
123,1/31/2021 13:53,0.1219,0.2997,0.3029,0.2793,0.2763
124,1/31/2021 14:53,0.1224,0.2994,0.3029,0.279,0.2756
125,1/31/2021 15:53,0.1224,0.299,0.3026,0.2783,0.2756
126,1/31/2021 16:53,0.1229,0.299,0.3022,0.278,0.2756
127,1/31/2021 17:53,0.1229,0.2984,0.3022,0.2773,0.2753
128,1/31/2021 18:53,0.1229,0.2979,0.3019,0.2773,0.2753
129,1/31/2021 19:53,0.1237,0.2979,0.3019,0.2766,0.2749
130,1/31/2021 20:53,0.1237,0.2976,0.3015,0.2766,0.2746
131,1/31/2021 21:53,0.1237,0.2973,0.3015,0.2763,0.2743
132,1/31/2021 22:53,0.1237,0.2973,0.3011,0.2759,0.2739
133,1/31/2021 23:53,0.1237,0.297,0.3011,0.2759,0.2739
134,2/1/2021 0:53,0.1237,0.2966,0.3008,0.2759,0.2739
135,2/1/2021 1:53,0.1237,0.2966,0.3008,0.2756,0.2736
136,2/1/2021 2:53,0.1237,0.2963,0.3005,0.2753,0.2732
137,2/1/2021 3:53,0.1237,0.2959,0.3005,0.2753,0.2732
138,2/1/2021 4:53,0.1242,0.2959,0.3005,0.2753,0.2732
139,2/1/2021 5:53,0.1237,0.2955,0.3005,0.2749,0.2729
140,2/1/2021 6:53,0.1242,0.2955,0.3001,0.2749,0.2729
141,2/1/2021 7:53,0.1242,0.2952,0.3001,0.2749,0.2729
142,2/1/2021 8:53,0.1242,0.2949,0.3001,0.2749,0.2729
143,2/1/2021 9:53,0.1242,0.2949,0.2997,0.2746,0.2729
144,2/1/2021 10:53,0.1251,0.2949,0.2997,0.2749,0.2732
145,2/1/2021 11:53,0.1251,0.2946,0.2997,0.2749,0.2729
146,2/1/2021 12:53,0.1256,0.2949,0.2997,0.2749,0.2732
147,2/1/2021 13:53,0.1256,0.2946,0.2997,0.2749,0.2729
148,2/1/2021 14:53,0.1256,0.2946,0.2994,0.2749,0.2729
149,2/1/2021 15:53,0.1261,0.2942,0.2994,0.2743,0.2729
150,2/1/2021 16:53,0.1266,0.2935,0.299,0.2739,0.2729
151,2/1/2021 17:53,0.1266,0.2935,0.299,0.2732,0.2726
152,2/1/2021 18:53,0.1266,0.2932,0.2987,0.2729,0.2726
153,2/1/2021 19:53,0.1271,0.2928,0.2987,0.2726,0.2722
154,2/1/2021 20:53,0.1266,0.2928,0.2984,0.2722,0.2719
155,2/1/2021 21:53,0.1266,0.2925,0.2984,0.2722,0.2715
156,2/1/2021 22:53,0.1266,0.2922,0.2979,0.2719,0.2712
157,2/1/2021 23:53,0.1266,0.2922,0.2979,0.2719,0.2712
158,2/2/2021 0:53,0.1266,0.2919,0.2979,0.2719,0.2708
159,2/2/2021 1:53,0.1266,0.2914,0.2976,0.2715,0.2705
160,2/2/2021 2:53,0.1266,0.2914,0.2976,0.2715,0.2705
161,2/2/2021 3:53,0.1266,0.2911,0.2973,0.2715,0.2701
162,2/2/2021 4:53,0.1261,0.2911,0.2973,0.2712,0.2701
163,2/2/2021 5:53,0.1261,0.2908,0.2973,0.2712,0.2701
164,2/2/2021 6:53,0.1261,0.2908,0.2973,0.2712,0.2698
165,2/2/2021 7:53,0.1266,0.2908,0.2973,0.2715,0.2701
166,2/2/2021 8:53,0.1271,0.2908,0.2973,0.2705,0.2701
167,2/2/2021 9:53,0.1276,0.2908,0.2973,0.2705,0.2705
168,2/2/2021 10:53,0.1276,0.2908,0.2973,0.2705,0.2705
169,2/2/2021 11:53,0.1281,0.2904,0.2973,0.2708,0.2705
170,2/2/2021 12:53,0.1285,0.2904,0.2973,0.2708,0.2705
171,2/2/2021 13:53,0.1297,0.2904,0.2973,0.2705,0.2705
172,2/2/2021 14:53,0.1302,0.2901,0.297,0.2701,0.2708
173,2/2/2021 15:53,0.1312,0.2898,0.297,0.2694,0.2708
174,2/2/2021 16:53,0.1317,0.2895,0.2966,0.2687,0.2708
175,2/2/2021 17:53,0.1317,0.289,0.2966,0.268,0.2708
176,2/2/2021 18:53,0.1317,0.2887,0.2963,0.2677,0.2705
177,2/2/2021 19:53,0.1312,0.2887,0.2963,0.2673,0.2701
178,2/2/2021 20:53,0.1312,0.2884,0.2959,0.267,0.2698
179,2/2/2021 21:53,0.1312,0.2881,0.2959,0.267,0.2694
180,2/2/2021 22:53,0.1307,0.2877,0.2955,0.267,0.2691
181,2/2/2021 23:53,0.1307,0.2877,0.2952,0.267,0.2687
182,2/3/2021 0:53,0.1302,0.2874,0.2952,0.267,0.2684
183,2/3/2021 1:53,0.1302,0.2871,0.2949,0.267,0.268
184,2/3/2021 2:53,0.1297,0.2871,0.2949,0.2666,0.2677
185,2/3/2021 3:53,0.1297,0.2868,0.2946,0.267,0.2673
186,2/3/2021 4:53,0.129,0.2868,0.2946,0.267,0.2673
187,2/3/2021 5:53,0.129,0.2864,0.2946,0.267,0.2673
188,2/3/2021 6:53,0.129,0.2864,0.2946,0.267,0.267
189,2/3/2021 7:53,0.129,0.2861,0.2946,0.267,0.267
190,2/3/2021 8:53,0.1297,0.2861,0.2946,0.2673,0.2673
191,2/3/2021 9:53,0.1302,0.2864,0.2949,0.2677,0.2673
192,2/3/2021 10:53,0.1302,0.2864,0.2946,0.2673,0.2673
193,2/3/2021 11:53,0.1307,0.2864,0.2946,0.2677,0.2673
194,2/3/2021 12:53,0.1312,0.2861,0.2946,0.2677,0.2673
195,2/3/2021 13:53,0.1317,0.2861,0.2946,0.267,0.2673
196,2/3/2021 14:53,0.1326,0.2861,0.2946,0.266,0.2673
197,2/3/2021 15:53,0.1331,0.2857,0.2946,0.2657,0.2673
198,2/3/2021 16:53,0.1335,0.2853,0.2942,0.265,0.2673
199,2/3/2021 17:53,0.1335,0.285,0.2942,0.2646,0.2673
200,2/3/2021 18:53,0.1335,0.285,0.2938,0.2642,0.267
201,2/3/2021 19:53,0.1335,0.2847,0.2938,0.2635,0.2666
202,2/3/2021 20:53,0.1335,0.2844,0.2938,0.2635,0.2666
203,2/3/2021 21:53,0.1331,0.284,0.2935,0.2635,0.2664
204,2/3/2021 22:53,0.1331,0.284,0.2932,0.2635,0.266
205,2/3/2021 23:53,0.1326,0.2837,0.2932,0.2639,0.2657
206,2/4/2021 0:53,0.1321,0.2834,0.2928,0.2639,0.2653
207,2/4/2021 1:53,0.1321,0.2834,0.2928,0.2639,0.265
208,2/4/2021 2:53,0.1317,0.283,0.2925,0.2635,0.2646
209,2/4/2021 3:53,0.1312,0.283,0.2925,0.2639,0.2646
210,2/4/2021 4:53,0.1312,0.2827,0.2922,0.2639,0.2642
211,2/4/2021 5:53,0.1307,0.2824,0.2922,0.2639,0.2642
212,2/4/2021 6:53,0.1307,0.2824,0.2922,0.2639,0.2642
213,2/4/2021 7:53,0.1312,0.2824,0.2925,0.2642,0.2642
214,2/4/2021 8:53,0.1317,0.2824,0.2925,0.2646,0.2642
215,2/4/2021 9:53,0.1317,0.2824,0.2925,0.2646,0.2646
216,2/4/2021 10:53,0.1317,0.2824,0.2925,0.2642,0.2642
217,2/4/2021 11:53,0.1317,0.2824,0.2925,0.2642,0.2642
218,2/4/2021 12:53,0.1321,0.2824,0.2925,0.2642,0.2642
219,2/4/2021 13:53,0.1331,0.2824,0.2925,0.2635,0.2646
220,2/4/2021 14:53,0.1335,0.2824,0.2922,0.2632,0.2642
221,2/4/2021 15:53,0.1342,0.2821,0.2922,0.2624,0.2646
222,2/4/2021 16:53,0.1342,0.2817,0.2922,0.2618,0.2642
223,2/4/2021 17:53,0.1342,0.2813,0.2919,0.2611,0.2642
224,2/4/2021 18:53,0.1347,0.281,0.2919,0.2607,0.2639
225,2/4/2021 19:53,0.1342,0.281,0.2914,0.2607,0.2635
226,2/4/2021 20:53,0.1342,0.2806,0.2914,0.2607,0.2635
227,2/4/2021 21:53,0.1335,0.2803,0.2911,0.2607,0.2632
228,2/4/2021 22:53,0.1331,0.28,0.2911,0.2607,0.2628
229,2/4/2021 23:53,0.1331,0.28,0.2908,0.2611,0.2624
230,2/5/2021 0:53,0.1326,0.2796,0.2908,0.2611,0.2621
231,2/5/2021 1:53,0.1326,0.2796,0.2904,0.2611,0.2621
232,2/5/2021 2:53,0.1321,0.2793,0.2904,0.2611,0.2618
233,2/5/2021 3:53,0.1321,0.2793,0.2904,0.2615,0.2618
234,2/5/2021 4:53,0.1317,0.279,0.2904,0.2611,0.2615
235,2/5/2021 5:53,0.1317,0.279,0.2901,0.2611,0.2615
236,2/5/2021 6:53,0.1317,0.2786,0.2901,0.2611,0.2615
237,2/5/2021 7:53,0.1321,0.279,0.2904,0.2615,0.2618
238,2/5/2021 8:53,0.1326,0.279,0.2904,0.2611,0.2618
239,2/5/2021 9:53,0.1326,0.2793,0.2904,0.2615,0.2621
240,2/5/2021 10:53,0.1326,0.279,0.2904,0.2615,0.2621
241,2/5/2021 11:53,0.1331,0.2793,0.2904,0.2615,0.2621
242,2/5/2021 12:53,0.1335,0.2793,0.2904,0.2615,0.2621
243,2/5/2021 13:53,0.1347,0.279,0.2904,0.2607,0.2621
244,2/5/2021 14:53,0.1352,0.2786,0.2904,0.26,0.2624
245,2/5/2021 15:53,0.1361,0.2786,0.2904,0.2596,0.2624
246,2/5/2021 16:53,0.1366,0.2783,0.2901,0.2589,0.2624
247,2/5/2021 17:53,0.1366,0.278,0.2901,0.2582,0.2624
248,2/5/2021 18:53,0.1366,0.2776,0.2898,0.2579,0.2621
249,2/5/2021 19:53,0.1366,0.2773,0.2898,0.2575,0.2621
250,2/5/2021 20:53,0.1361,0.2773,0.2898,0.2575,0.2618
251,2/5/2021 21:53,0.1361,0.277,0.2895,0.2575,0.2615
252,2/5/2021 22:53,0.1357,0.2766,0.289,0.2575,0.2611
253,2/5/2021 23:53,0.1352,0.2766,0.289,0.2575,0.2607
254,2/6/2021 0:53,0.1347,0.2763,0.2887,0.2575,0.2604
255,2/6/2021 1:53,0.1347,0.2759,0.2887,0.2575,0.26
256,2/6/2021 2:53,0.1342,0.2759,0.2884,0.2579,0.2596
257,2/6/2021 3:53,0.1335,0.2759,0.2884,0.2582,0.2592
258,2/6/2021 4:53,0.1335,0.2756,0.2884,0.2582,0.2592
259,2/6/2021 5:53,0.1331,0.2756,0.2884,0.2582,0.2589
260,2/6/2021 6:53,0.1331,0.2756,0.2881,0.2582,0.2589
261,2/6/2021 7:53,0.1335,0.2756,0.2884,0.2582,0.2589
262,2/6/2021 8:53,0.1342,0.2759,0.2884,0.2585,0.2592
263,2/6/2021 9:53,0.1342,0.2756,0.2884,0.2585,0.2596
264,2/6/2021 10:53,0.1342,0.2756,0.2884,0.2582,0.2592
265,2/6/2021 11:53,0.1347,0.2756,0.2884,0.2582,0.2596
266,2/6/2021 12:53,0.1352,0.2756,0.2884,0.2579,0.2596
267,2/6/2021 13:53,0.1361,0.2756,0.2884,0.2571,0.2596
268,2/6/2021 14:53,0.137,0.2753,0.2884,0.2564,0.2596
269,2/6/2021 15:53,0.1382,0.2749,0.2881,0.2564,0.26
270,2/6/2021 16:53,0.1382,0.2746,0.2881,0.2557,0.26
271,2/6/2021 17:53,0.1382,0.2743,0.2877,0.2553,0.26
272,2/6/2021 18:53,0.1382,0.2743,0.2881,0.2546,0.26
273,2/6/2021 19:53,0.1382,0.2739,0.2877,0.2542,0.2596
274,2/6/2021 20:53,0.1375,0.2736,0.2877,0.2542,0.2592
275,2/6/2021 21:53,0.137,0.2732,0.2874,0.2546,0.2589
276,2/6/2021 22:53,0.1366,0.2729,0.2871,0.2546,0.2585
277,2/6/2021 23:53,0.1366,0.2729,0.2871,0.2546,0.2582
278,2/7/2021 0:53,0.1361,0.2726,0.2868,0.255,0.2575
279,2/7/2021 1:53,0.1357,0.2722,0.2868,0.2553,0.2575
280,2/7/2021 2:53,0.1352,0.2722,0.2864,0.2553,0.2571
281,2/7/2021 3:53,0.1352,0.2719,0.2864,0.2553,0.2567
282,2/7/2021 4:53,0.1347,0.2719,0.2861,0.2557,0.2567
283,2/7/2021 5:53,0.1342,0.2715,0.2861,0.2557,0.2564
284,2/7/2021 6:53,0.1342,0.2715,0.2861,0.2553,0.2564
285,2/7/2021 7:53,0.1347,0.2715,0.2861,0.2553,0.2567
286,2/7/2021 8:53,0.1352,0.2719,0.2861,0.2557,0.2567
287,2/7/2021 9:53,0.1352,0.2719,0.2861,0.2557,0.2571
288,2/7/2021 10:53,0.1352,0.2719,0.2861,0.2553,0.2571
289,2/7/2021 11:53,0.1352,0.2715,0.2861,0.255,0.2571
290,2/7/2021 12:53,0.1357,0.2715,0.2861,0.2546,0.2571
291,2/7/2021 13:53,0.1366,0.2715,0.2861,0.2538,0.2571
292,2/7/2021 14:53,0.1375,0.2712,0.2857,0.2532,0.2575
293,2/7/2021 15:53,0.1382,0.2708,0.2857,0.2528,0.2575
294,2/7/2021 16:53,0.1387,0.2705,0.2857,0.2524,0.2575
295,2/7/2021 17:53,0.1387,0.2705,0.2853,0.252,0.2575
296,2/7/2021 18:53,0.1387,0.2701,0.2853,0.2516,0.2571
297,2/7/2021 19:53,0.1382,0.2698,0.2853,0.2512,0.2567
298,2/7/2021 20:53,0.1382,0.2698,0.285,0.2509,0.2567
299,2/7/2021 21:53,0.1375,0.2694,0.285,0.2512,0.2564
300,2/7/2021 22:53,0.137,0.2691,0.2847,0.2516,0.256
301,2/7/2021 23:53,0.137,0.2691,0.2844,0.2516,0.2557
302,2/8/2021 0:53,0.1361,0.2687,0.2844,0.252,0.2553
303,2/8/2021 1:53,0.1361,0.2684,0.2844,0.252,0.255
304,2/8/2021 2:53,0.1357,0.2684,0.284,0.2524,0.255
305,2/8/2021 3:53,0.1352,0.268,0.284,0.2524,0.2546
306,2/8/2021 4:53,0.1352,0.268,0.284,0.2524,0.2542
307,2/8/2021 5:53,0.1347,0.2677,0.284,0.2524,0.2542
308,2/8/2021 6:53,0.1347,0.2677,0.2837,0.2528,0.2542
309,2/8/2021 7:53,0.1347,0.2677,0.284,0.2528,0.2542
310,2/8/2021 8:53,0.1352,0.268,0.284,0.2528,0.2546
311,2/8/2021 9:53,0.1352,0.268,0.284,0.2528,0.2546
312,2/8/2021 10:53,0.1352,0.268,0.284,0.2524,0.2546
313,2/8/2021 11:53,0.1357,0.2677,0.284,0.2524,0.2546
314,2/8/2021 12:53,0.1361,0.2677,0.284,0.2516,0.2546
315,2/8/2021 13:53,0.1366,0.2677,0.284,0.2512,0.2546
316,2/8/2021 14:53,0.137,0.2673,0.2837,0.2502,0.255
317,2/8/2021 15:53,0.1375,0.267,0.2837,0.2494,0.255
318,2/8/2021 16:53,0.1375,0.2666,0.2834,0.249,0.2546
319,2/8/2021 17:53,0.1382,0.2664,0.2834,0.2483,0.2546
320,2/8/2021 18:53,0.1375,0.266,0.283,0.2479,0.2546
321,2/8/2021 19:53,0.1375,0.266,0.283,0.2479,0.2542
322,2/8/2021 20:53,0.1375,0.266,0.283,0.2479,0.2538
323,2/8/2021 21:53,0.137,0.2657,0.2827,0.2479,0.2534
324,2/8/2021 22:53,0.1366,0.2653,0.2827,0.2483,0.2532
325,2/8/2021 23:53,0.1361,0.2653,0.2824,0.2487,0.2528
326,2/9/2021 0:53,0.1361,0.265,0.2824,0.2487,0.2528
327,2/9/2021 1:53,0.1357,0.265,0.2821,0.249,0.2524
328,2/9/2021 2:53,0.1357,0.265,0.2821,0.2494,0.2524
329,2/9/2021 3:53,0.1352,0.265,0.2821,0.2494,0.252
330,2/9/2021 4:53,0.1352,0.2646,0.2821,0.249,0.2516
331,2/9/2021 5:53,0.1347,0.2646,0.2821,0.249,0.2516
332,2/9/2021 6:53,0.1347,0.2646,0.2821,0.249,0.2516
333,2/9/2021 7:53,0.1347,0.2646,0.2821,0.2494,0.2516
334,2/9/2021 8:53,0.1347,0.2646,0.2821,0.2494,0.2516
335,2/9/2021 9:53,0.1347,0.2642,0.2821,0.2494,0.2516
336,2/9/2021 10:53,0.1347,0.2646,0.2821,0.2494,0.252
337,2/9/2021 11:53,0.1347,0.2646,0.2821,0.2487,0.252
338,2/9/2021 12:53,0.1347,0.2642,0.2821,0.2483,0.252
339,2/9/2021 13:53,0.1352,0.2642,0.2821,0.2483,0.252
340,2/9/2021 14:53,0.1357,0.2642,0.2821,0.2479,0.252
341,2/9/2021 15:53,0.1357,0.2639,0.2821,0.2475,0.252
342,2/9/2021 16:53,0.1357,0.2635,0.2817,0.2471,0.2516
343,2/9/2021 17:53,0.1357,0.2635,0.2817,0.2464,0.2516
344,2/9/2021 18:53,0.1357,0.2632,0.2817,0.2464,0.2516
345,2/9/2021 19:53,0.1357,0.2632,0.2813,0.246,0.2512
346,2/9/2021 20:53,0.1357,0.2632,0.2813,0.246,0.2512
347,2/9/2021 21:53,0.1357,0.2628,0.2813,0.246,0.2509
348,2/9/2021 22:53,0.1352,0.2628,0.281,0.2464,0.2505
349,2/9/2021 23:53,0.1352,0.2624,0.281,0.2464,0.2502
350,2/10/2021 0:53,0.1347,0.2624,0.281,0.2468,0.2502
351,2/10/2021 1:53,0.1347,0.2624,0.281,0.2468,0.2498
352,2/10/2021 2:53,0.1347,0.2624,0.2806,0.2471,0.2502
353,2/10/2021 3:53,0.1342,0.2624,0.2806,0.2471,0.2498
354,2/10/2021 4:53,0.1342,0.2621,0.2806,0.2471,0.2502
355,2/10/2021 5:53,0.1342,0.2621,0.2806,0.2471,0.2502
356,2/10/2021 6:53,0.1342,0.2621,0.2806,0.2471,0.2498
357,2/10/2021 7:53,0.1342,0.2621,0.2806,0.2471,0.2498
358,2/10/2021 8:53,0.1342,0.2621,0.2806,0.2471,0.2502
359,2/10/2021 9:53,0.1347,0.2624,0.281,0.2475,0.2505
360,2/10/2021 10:53,0.1347,0.2621,0.281,0.2471,0.2505
361,2/10/2021 11:53,0.1352,0.2621,0.2806,0.2464,0.2505
362,2/10/2021 12:53,0.1352,0.2618,0.2806,0.246,0.2505
363,2/10/2021 13:53,0.1361,0.2618,0.2806,0.2452,0.2509
364,2/10/2021 14:53,0.1366,0.2615,0.2806,0.2445,0.2509
365,2/10/2021 15:53,0.1366,0.2611,0.2803,0.2441,0.2509
366,2/10/2021 16:53,0.137,0.2607,0.2803,0.2434,0.2512
367,2/10/2021 17:53,0.137,0.2607,0.2803,0.2425,0.2509
368,2/10/2021 18:53,0.137,0.2604,0.28,0.2421,0.2509
369,2/10/2021 19:53,0.137,0.2604,0.28,0.2418,0.2505
370,2/10/2021 20:53,0.1366,0.26,0.2796,0.2421,0.2502
371,2/10/2021 21:53,0.1366,0.26,0.2796,0.2421,0.2502
372,2/10/2021 22:53,0.1361,0.2596,0.2796,0.2421,0.2494
373,2/10/2021 23:53,0.1361,0.2596,0.2793,0.2425,0.249
374,2/11/2021 0:53,0.1357,0.2592,0.2793,0.243,0.249
375,2/11/2021 1:53,0.1352,0.2592,0.2793,0.2434,0.2487
376,2/11/2021 2:53,0.1352,0.2592,0.279,0.2434,0.2483
377,2/11/2021 3:53,0.1347,0.2592,0.279,0.2434,0.2479
378,2/11/2021 4:53,0.1347,0.2589,0.279,0.2434,0.2479
379,2/11/2021 5:53,0.1342,0.2589,0.279,0.2437,0.2479
380,2/11/2021 6:53,0.1342,0.2589,0.279,0.2437,0.2475
381,2/11/2021 7:53,0.1342,0.2589,0.279,0.2441,0.2479
382,2/11/2021 8:53,0.1347,0.2589,0.2793,0.2445,0.2483
383,2/11/2021 9:53,0.1347,0.2589,0.2793,0.2445,0.2483
384,2/11/2021 10:53,0.1352,0.2589,0.2793,0.2441,0.2487
385,2/11/2021 11:53,0.1352,0.2585,0.279,0.2434,0.2487
386,2/11/2021 12:53,0.1357,0.2582,0.279,0.2425,0.2487
387,2/11/2021 13:53,0.1361,0.2579,0.279,0.2418,0.249
388,2/11/2021 14:53,0.1366,0.2575,0.2786,0.2406,0.249
389,2/11/2021 15:53,0.137,0.2575,0.2786,0.2394,0.249
390,2/11/2021 16:53,0.1375,0.2571,0.2786,0.239,0.249
391,2/11/2021 17:53,0.1375,0.2571,0.2783,0.2387,0.249
392,2/11/2021 18:53,0.1375,0.2567,0.2783,0.2383,0.249
393,2/11/2021 19:53,0.1375,0.2567,0.2783,0.2379,0.249
394,2/11/2021 20:53,0.137,0.2567,0.278,0.2379,0.2487
395,2/11/2021 21:53,0.1366,0.2564,0.278,0.2379,0.2483
396,2/11/2021 22:53,0.1366,0.2564,0.278,0.2379,0.2479
397,2/11/2021 23:53,0.1361,0.2564,0.2776,0.2383,0.2475
398,2/12/2021 0:53,0.1361,0.256,0.2776,0.2387,0.2471
399,2/12/2021 1:53,0.1357,0.256,0.2773,0.239,0.2468
400,2/12/2021 2:53,0.1357,0.256,0.2773,0.2394,0.2468
401,2/12/2021 3:53,0.1352,0.2557,0.2773,0.2399,0.2464
402,2/12/2021 4:53,0.1352,0.2557,0.2773,0.2399,0.2464
403,2/12/2021 5:53,0.1347,0.2557,0.277,0.2399,0.246
404,2/12/2021 6:53,0.1347,0.2557,0.277,0.2399,0.246
405,2/12/2021 7:53,0.1352,0.2557,0.277,0.2403,0.246
406,2/12/2021 8:53,0.1352,0.2557,0.2773,0.2403,0.246
407,2/12/2021 9:53,0.1352,0.2557,0.2773,0.2399,0.246
408,2/12/2021 10:53,0.1352,0.2557,0.2773,0.2399,0.2464
409,2/12/2021 11:53,0.1357,0.2553,0.277,0.239,0.2464
410,2/12/2021 12:53,0.1361,0.255,0.277,0.2383,0.2464
411,2/12/2021 13:53,0.1366,0.255,0.277,0.2374,0.2464
412,2/12/2021 14:53,0.137,0.2546,0.277,0.2363,0.2468
413,2/12/2021 15:53,0.1375,0.2546,0.2766,0.2355,0.2468
414,2/12/2021 16:53,0.1382,0.2538,0.2766,0.2351,0.2468
415,2/12/2021 17:53,0.1382,0.2538,0.2766,0.2347,0.2468
416,2/12/2021 18:53,0.1375,0.2534,0.2763,0.2339,0.2468
417,2/12/2021 19:53,0.1375,0.2534,0.2763,0.2339,0.2468
418,2/12/2021 20:53,0.1375,0.2532,0.2763,0.2344,0.2464
419,2/12/2021 21:53,0.137,0.2528,0.2759,0.2347,0.246
420,2/12/2021 22:53,0.1366,0.2528,0.2759,0.2351,0.2456
421,2/12/2021 23:53,0.1361,0.2524,0.2756,0.2355,0.2452
422,2/13/2021 0:53,0.1357,0.2524,0.2756,0.2355,0.2449
423,2/13/2021 1:53,0.1357,0.252,0.2756,0.2358,0.2449
424,2/13/2021 2:53,0.1352,0.252,0.2753,0.2363,0.2445
425,2/13/2021 3:53,0.1352,0.252,0.2756,0.2367,0.2441
426,2/13/2021 4:53,0.1347,0.252,0.2756,0.2367,0.2441
427,2/13/2021 5:53,0.1347,0.2516,0.2753,0.2367,0.2441
428,2/13/2021 6:53,0.1342,0.2516,0.2753,0.2371,0.2441
429,2/13/2021 7:53,0.1347,0.2516,0.2753,0.2374,0.2441
430,2/13/2021 8:53,0.1347,0.2516,0.2753,0.2371,0.2445
431,2/13/2021 9:53,0.1347,0.2516,0.2753,0.2367,0.2445
432,2/13/2021 10:53,0.1347,0.2512,0.2753,0.2363,0.2445
433,2/13/2021 11:53,0.1352,0.2512,0.2753,0.2355,0.2445
434,2/13/2021 12:53,0.1352,0.2509,0.2749,0.2351,0.2445
435,2/13/2021 13:53,0.1357,0.2505,0.2749,0.2339,0.2445
436,2/13/2021 14:53,0.1366,0.2505,0.2749,0.2327,0.2449
437,2/13/2021 15:53,0.137,0.2502,0.2746,0.2315,0.2449
438,2/13/2021 16:53,0.137,0.2498,0.2746,0.2306,0.2449
439,2/13/2021 17:53,0.137,0.2498,0.2746,0.2303,0.2449
440,2/13/2021 18:53,0.137,0.2494,0.2743,0.2294,0.2445
441,2/13/2021 19:53,0.137,0.2494,0.2743,0.2294,0.2445
442,2/13/2021 20:53,0.1366,0.249,0.2743,0.2299,0.2441
443,2/13/2021 21:53,0.1366,0.249,0.2739,0.2299,0.2437
444,2/13/2021 22:53,0.1361,0.2487,0.2739,0.2303,0.2434
445,2/13/2021 23:53,0.1361,0.2487,0.2739,0.2306,0.243
446,2/14/2021 0:53,0.1357,0.2483,0.2736,0.2311,0.2425
447,2/14/2021 1:53,0.1357,0.2483,0.2736,0.2311,0.2425
448,2/14/2021 2:53,0.1352,0.2483,0.2736,0.2315,0.2421
449,2/14/2021 3:53,0.1352,0.2479,0.2736,0.2318,0.2418
450,2/14/2021 4:53,0.1347,0.2479,0.2732,0.2318,0.2418
451,2/14/2021 5:53,0.1342,0.2479,0.2732,0.2318,0.2414
452,2/14/2021 6:53,0.1342,0.2479,0.2732,0.2318,0.2418
453,2/14/2021 7:53,0.1342,0.2479,0.2732,0.2323,0.2418
454,2/14/2021 8:53,0.1342,0.2475,0.2732,0.2318,0.2418
455,2/14/2021 9:53,0.1342,0.2475,0.2732,0.2315,0.2418
456,2/14/2021 10:53,0.1342,0.2471,0.2732,0.2306,0.2421
457,2/14/2021 11:53,0.1347,0.2471,0.2732,0.2303,0.2421
458,2/14/2021 12:53,0.1352,0.2471,0.2729,0.2294,0.2421
459,2/14/2021 13:53,0.1357,0.2468,0.2729,0.2286,0.2425
460,2/14/2021 14:53,0.1361,0.2464,0.2729,0.2277,0.2425
461,2/14/2021 15:53,0.1366,0.246,0.2726,0.2269,0.2421
462,2/14/2021 16:53,0.1366,0.2456,0.2726,0.2262,0.2421
463,2/14/2021 17:53,0.1366,0.2452,0.2722,0.2254,0.2421
464,2/14/2021 18:53,0.1366,0.2452,0.2719,0.2254,0.2421
465,2/14/2021 19:53,0.1366,0.2452,0.2719,0.2249,0.2418
466,2/14/2021 20:53,0.1361,0.2449,0.2715,0.2254,0.2414
467,2/14/2021 21:53,0.1361,0.2445,0.2715,0.2257,0.2414
468,2/14/2021 22:53,0.1357,0.2445,0.2715,0.2262,0.241
469,2/14/2021 23:53,0.1352,0.2445,0.2712,0.2266,0.2406
470,2/15/2021 0:53,0.1352,0.2445,0.2712,0.2269,0.2403
471,2/15/2021 1:53,0.1347,0.2441,0.2712,0.2269,0.2399
472,2/15/2021 2:53,0.1347,0.2441,0.2708,0.2274,0.2399
473,2/15/2021 3:53,0.1342,0.2437,0.2708,0.2274,0.2394
474,2/15/2021 4:53,0.1342,0.2437,0.2708,0.2277,0.239
475,2/15/2021 5:53,0.1335,0.2437,0.2708,0.2277,0.239
476,2/15/2021 6:53,0.1335,0.2434,0.2708,0.2282,0.239
477,2/15/2021 7:53,0.1335,0.2434,0.2708,0.2286,0.2394
478,2/15/2021 8:53,0.1335,0.2437,0.2708,0.2286,0.2399
479,2/15/2021 9:53,0.1335,0.2434,0.2708,0.2282,0.2394
480,2/15/2021 10:53,0.1335,0.2434,0.2705,0.2277,0.2394
481,2/15/2021 11:53,0.1342,0.2434,0.2705,0.2269,0.2394
482,2/15/2021 12:53,0.1342,0.243,0.2705,0.2262,0.2394
483,2/15/2021 13:53,0.1347,0.243,0.2701,0.2254,0.2394
484,2/15/2021 14:53,0.1352,0.2425,0.2701,0.2241,0.2399
485,2/15/2021 15:53,0.1357,0.2425,0.2701,0.2232,0.2399
486,2/15/2021 16:53,0.1357,0.2421,0.2698,0.2219,0.2399
487,2/15/2021 17:53,0.1357,0.2418,0.2698,0.2216,0.2399
488,2/15/2021 18:53,0.1357,0.2418,0.2694,0.2211,0.2399
489,2/15/2021 19:53,0.1357,0.2418,0.2694,0.2208,0.2394
490,2/15/2021 20:53,0.1352,0.2418,0.2694,0.2208,0.239
491,2/15/2021 21:53,0.1352,0.2414,0.2691,0.2208,0.2387
492,2/15/2021 22:53,0.1347,0.2414,0.2691,0.2211,0.2383
493,2/15/2021 23:53,0.1347,0.241,0.2691,0.2216,0.2383
494,2/16/2021 0:53,0.1347,0.241,0.2687,0.2219,0.2379
495,2/16/2021 1:53,0.1342,0.2406,0.2687,0.2224,0.2374
496,2/16/2021 2:53,0.1335,0.2406,0.2687,0.2229,0.2371
497,2/16/2021 3:53,0.1335,0.2406,0.2687,0.2232,0.2371
498,2/16/2021 4:53,0.1331,0.2403,0.2684,0.2237,0.2371
499,2/16/2021 5:53,0.1331,0.2403,0.2684,0.2241,0.2367
500,2/16/2021 6:53,0.1326,0.2403,0.2684,0.2245,0.2371
501,2/16/2021 7:53,0.1331,0.2406,0.2687,0.2245,0.2371
502,2/16/2021 8:53,0.1331,0.2403,0.2687,0.2245,0.2374
503,2/16/2021 9:53,0.1331,0.2406,0.2684,0.2245,0.2374
504,2/16/2021 10:53,0.1331,0.2403,0.2684,0.2237,0.2374
505,2/16/2021 11:53,0.1335,0.2403,0.2684,0.2224,0.2374
506,2/16/2021 12:53,0.1342,0.2403,0.268,0.2216,0.2374
507,2/16/2021 13:53,0.1352,0.2399,0.268,0.2203,0.2379
508,2/16/2021 14:53,0.1357,0.2394,0.268,0.219,0.2379
509,2/16/2021 15:53,0.1361,0.2394,0.2677,0.2182,0.2379
510,2/16/2021 16:53,0.1361,0.239,0.2673,0.2174,0.2379
511,2/16/2021 17:53,0.1361,0.2387,0.2673,0.2164,0.2379
512,2/16/2021 18:53,0.1361,0.2387,0.2673,0.2161,0.2379
513,2/16/2021 19:53,0.1361,0.2383,0.2673,0.2156,0.2379
514,2/16/2021 20:53,0.1357,0.2383,0.2673,0.2156,0.2379
515,2/16/2021 21:53,0.1357,0.2379,0.267,0.2161,0.2374
516,2/16/2021 22:53,0.1352,0.2379,0.267,0.2164,0.2371
517,2/16/2021 23:53,0.1347,0.2374,0.2666,0.2169,0.2367
518,2/17/2021 0:53,0.1347,0.2374,0.2666,0.2174,0.2363
519,2/17/2021 1:53,0.1342,0.2374,0.2666,0.2177,0.2358
520,2/17/2021 2:53,0.1335,0.2371,0.2664,0.2182,0.2355
521,2/17/2021 3:53,0.1335,0.2371,0.2664,0.2185,0.2351
522,2/17/2021 4:53,0.1331,0.2371,0.2664,0.219,0.2347
523,2/17/2021 5:53,0.1331,0.2367,0.2664,0.2195,0.2351
524,2/17/2021 6:53,0.1326,0.2367,0.2664,0.2195,0.2347
525,2/17/2021 7:53,0.1326,0.2371,0.266,0.2198,0.2351
526,2/17/2021 8:53,0.1326,0.2367,0.266,0.219,0.2351
527,2/17/2021 9:53,0.1326,0.2367,0.266,0.2185,0.2351
528,2/17/2021 10:53,0.1326,0.2363,0.2657,0.2182,0.2351
529,2/17/2021 11:53,0.1331,0.2363,0.2657,0.2174,0.2351
530,2/17/2021 12:53,0.1335,0.2363,0.2653,0.2161,0.2351
531,2/17/2021 13:53,0.1342,0.2358,0.2653,0.2148,0.2351
532,2/17/2021 14:53,0.1347,0.2355,0.265,0.2134,0.2351
533,2/17/2021 15:53,0.1347,0.2355,0.265,0.2126,0.2351
534,2/17/2021 16:53,0.1352,0.2351,0.2646,0.2117,0.2351
535,2/17/2021 17:53,0.1352,0.2351,0.2646,0.2112,0.2351
536,2/17/2021 18:53,0.1352,0.2347,0.2646,0.2109,0.2351
537,2/17/2021 19:53,0.1347,0.2347,0.2646,0.2109,0.2351
538,2/17/2021 20:53,0.1347,0.2344,0.2642,0.2109,0.2347
539,2/17/2021 21:53,0.1342,0.2344,0.2642,0.2112,0.2344
540,2/17/2021 22:53,0.1342,0.2339,0.2639,0.2117,0.2339
541,2/17/2021 23:53,0.1335,0.2339,0.2639,0.2122,0.2335
542,2/18/2021 0:53,0.1331,0.2335,0.2639,0.2126,0.233
543,2/18/2021 1:53,0.1326,0.2335,0.2635,0.2131,0.2327
544,2/18/2021 2:53,0.1326,0.233,0.2635,0.2134,0.2323
545,2/18/2021 3:53,0.1321,0.233,0.2635,0.2139,0.2323
546,2/18/2021 4:53,0.1321,0.2327,0.2635,0.2143,0.2323
547,2/18/2021 5:53,0.1317,0.2327,0.2635,0.2143,0.2323
548,2/18/2021 6:53,0.1317,0.2327,0.2632,0.2148,0.2323
549,2/18/2021 7:53,0.1321,0.2327,0.2635,0.2143,0.2327
550,2/18/2021 8:53,0.1321,0.2327,0.2632,0.2143,0.2327
551,2/18/2021 9:53,0.1321,0.2327,0.2632,0.2139,0.2323
552,2/18/2021 10:53,0.1321,0.2323,0.2628,0.2131,0.2323
553,2/18/2021 11:53,0.1326,0.2323,0.2624,0.2122,0.2323
554,2/18/2021 12:53,0.1331,0.2323,0.2624,0.2112,0.2323
555,2/18/2021 13:53,0.1335,0.2323,0.2621,0.21,0.2323
556,2/18/2021 14:53,0.1347,0.2318,0.2621,0.2092,0.2323
557,2/18/2021 15:53,0.1347,0.2318,0.2621,0.2083,0.2327
558,2/18/2021 16:53,0.1352,0.2311,0.2618,0.2073,0.2327
559,2/18/2021 17:53,0.1352,0.2311,0.2618,0.2064,0.2327
560,2/18/2021 18:53,0.1352,0.2311,0.2618,0.2056,0.2327
561,2/18/2021 19:53,0.1347,0.2306,0.2615,0.2056,0.2327
562,2/18/2021 20:53,0.1347,0.2306,0.2611,0.2056,0.2327
563,2/18/2021 21:53,0.1342,0.2303,0.2611,0.2056,0.2318
564,2/18/2021 22:53,0.1335,0.2299,0.2611,0.2061,0.2315
565,2/18/2021 23:53,0.1331,0.2299,0.2607,0.2064,0.2311
566,2/19/2021 0:53,0.1331,0.2294,0.2607,0.2073,0.2306
567,2/19/2021 1:53,0.1326,0.2291,0.2607,0.2078,0.2303
568,2/19/2021 2:53,0.1321,0.2291,0.2604,0.2083,0.2299
569,2/19/2021 3:53,0.1317,0.2286,0.2604,0.2087,0.2294
570,2/19/2021 4:53,0.1317,0.2286,0.2604,0.2092,0.2294
571,2/19/2021 5:53,0.1312,0.2282,0.2604,0.2092,0.2294
572,2/19/2021 6:53,0.1312,0.2282,0.2604,0.2095,0.2294
573,2/19/2021 7:53,0.1312,0.2286,0.2604,0.2109,0.2294
574,2/19/2021 8:53,0.1317,0.2286,0.2604,0.2109,0.2299
575,2/19/2021 9:53,0.1312,0.2286,0.26,0.2104,0.2294
576,2/19/2021 10:53,0.1317,0.2282,0.2596,0.2095,0.2291
577,2/19/2021 11:53,0.1317,0.2282,0.2596,0.2083,0.2291
578,2/19/2021 12:53,0.1326,0.2282,0.2592,0.207,0.2291
579,2/19/2021 13:53,0.1331,0.2277,0.2592,0.2056,0.2291
580,2/19/2021 14:53,0.1335,0.2277,0.2589,0.2038,0.2291
581,2/19/2021 15:53,0.1342,0.2274,0.2585,0.2029,0.2291
582,2/19/2021 16:53,0.1347,0.2274,0.2585,0.2026,0.2294
583,2/19/2021 17:53,0.1347,0.2274,0.2585,0.202,0.2299
584,2/19/2021 18:53,0.1347,0.2269,0.2585,0.2017,0.2299
585,2/19/2021 19:53,0.1347,0.2269,0.2585,0.2008,0.2299
586,2/19/2021 20:53,0.1347,0.2269,0.2582,0.2003,0.2299
587,2/19/2021 21:53,0.1342,0.2266,0.2582,0.2003,0.2294
588,2/19/2021 22:53,0.1335,0.2266,0.2582,0.2003,0.2291
589,2/19/2021 23:53,0.1331,0.2262,0.2579,0.2003,0.2291
590,2/20/2021 0:53,0.1331,0.2262,0.2579,0.2008,0.2282
591,2/20/2021 1:53,0.1326,0.2257,0.2579,0.2012,0.2282
592,2/20/2021 2:53,0.1321,0.2257,0.2575,0.202,0.2274
593,2/20/2021 3:53,0.1321,0.2257,0.2575,0.2026,0.2269
594,2/20/2021 4:53,0.1317,0.2254,0.2575,0.2029,0.2266
595,2/20/2021 5:53,0.1317,0.2254,0.2571,0.2035,0.2262
596,2/20/2021 6:53,0.1312,0.2254,0.2571,0.2043,0.2262
597,2/20/2021 7:53,0.1317,0.2254,0.2571,0.2043,0.2262
598,2/20/2021 8:53,0.1317,0.2254,0.2571,0.2043,0.2257
599,2/20/2021 9:53,0.1317,0.2254,0.2567,0.2038,0.2257
600,2/20/2021 10:53,0.1317,0.2254,0.2564,0.2029,0.2254
601,2/20/2021 11:53,0.1317,0.2249,0.2564,0.2017,0.2249
602,2/20/2021 12:53,0.1321,0.2249,0.256,0.2003,0.2254
603,2/20/2021 13:53,0.1326,0.2249,0.256,0.199,0.2249
604,2/20/2021 14:53,0.1331,0.2245,0.2557,0.1981,0.2254
605,2/20/2021 15:53,0.1335,0.2241,0.2557,0.1976,0.2254
606,2/20/2021 16:53,0.1335,0.2241,0.2557,0.1972,0.2254
607,2/20/2021 17:53,0.1335,0.2241,0.2557,0.1967,0.2257
608,2/20/2021 18:53,0.1331,0.2237,0.2557,0.1958,0.2262
609,2/20/2021 19:53,0.1331,0.2237,0.2553,0.1958,0.2257
610,2/20/2021 20:53,0.1331,0.2232,0.2553,0.1958,0.2257
611,2/20/2021 21:53,0.1326,0.2232,0.255,0.1958,0.2254
612,2/20/2021 22:53,0.1321,0.2229,0.255,0.1963,0.2249
613,2/20/2021 23:53,0.1317,0.2229,0.255,0.1972,0.2245
614,2/21/2021 0:53,0.1317,0.2224,0.2546,0.1976,0.2237
615,2/21/2021 1:53,0.1312,0.2224,0.2546,0.1981,0.2232
616,2/21/2021 2:53,0.1307,0.2219,0.2546,0.199,0.2229
617,2/21/2021 3:53,0.1307,0.2219,0.2546,0.199,0.2224
618,2/21/2021 4:53,0.1302,0.2219,0.2542,0.1999,0.2224
619,2/21/2021 5:53,0.1297,0.2216,0.2542,0.2003,0.2224
620,2/21/2021 6:53,0.1297,0.2216,0.2542,0.2003,0.2224
621,2/21/2021 7:53,0.1302,0.2219,0.2542,0.2012,0.2224
622,2/21/2021 8:53,0.1302,0.2219,0.2538,0.2012,0.2219
623,2/21/2021 9:53,0.1302,0.2219,0.2534,0.2008,0.2219
624,2/21/2021 10:53,0.1302,0.2216,0.2534,0.1999,0.2216
625,2/21/2021 11:53,0.1307,0.2216,0.2532,0.199,0.2211
626,2/21/2021 12:53,0.1312,0.2216,0.2528,0.1976,0.2211
627,2/21/2021 13:53,0.1317,0.2211,0.2524,0.1958,0.2208
628,2/21/2021 14:53,0.1321,0.2211,0.2524,0.1948,0.2211
629,2/21/2021 15:53,0.1326,0.2211,0.2524,0.1939,0.2211
630,2/21/2021 16:53,0.1326,0.2208,0.2524,0.1935,0.2216
631,2/21/2021 17:53,0.1326,0.2203,0.2524,0.1926,0.2219
632,2/21/2021 18:53,0.1326,0.2208,0.2524,0.1923,0.2219
633,2/21/2021 19:53,0.1326,0.2203,0.2524,0.1917,0.2219
634,2/21/2021 20:53,0.1326,0.2198,0.252,0.1913,0.2219
635,2/21/2021 21:53,0.1321,0.2198,0.252,0.1913,0.2216
636,2/21/2021 22:53,0.1317,0.2195,0.252,0.1917,0.2211
637,2/21/2021 23:53,0.1312,0.2195,0.2516,0.1923,0.2208
638,2/22/2021 0:53,0.1312,0.219,0.2516,0.1932,0.2203
639,2/22/2021 1:53,0.1307,0.219,0.2516,0.1935,0.2198
640,2/22/2021 2:53,0.1302,0.2185,0.2516,0.1939,0.2195
641,2/22/2021 3:53,0.1302,0.2185,0.2512,0.1945,0.2185
642,2/22/2021 4:53,0.1297,0.2185,0.2512,0.1948,0.2185
643,2/22/2021 5:53,0.1297,0.2182,0.2509,0.1954,0.2182
644,2/22/2021 6:53,0.129,0.2182,0.2509,0.1958,0.2182
645,2/22/2021 7:53,0.1297,0.2185,0.2509,0.1967,0.2182
646,2/22/2021 8:53,0.1297,0.2185,0.2505,0.1967,0.2177
647,2/22/2021 9:53,0.1297,0.2185,0.2502,0.1958,0.2174
648,2/22/2021 10:53,0.1297,0.2182,0.2498,0.1948,0.2169
649,2/22/2021 11:53,0.1302,0.2182,0.2494,0.1939,0.2164
650,2/22/2021 12:53,0.1307,0.2182,0.249,0.1926,0.2164
651,2/22/2021 13:53,0.1317,0.2182,0.249,0.1913,0.2161
652,2/22/2021 14:53,0.1321,0.2182,0.249,0.1904,0.2164
653,2/22/2021 15:53,0.1321,0.2177,0.249,0.1898,0.2169
654,2/22/2021 16:53,0.1326,0.2174,0.249,0.1895,0.2174
655,2/22/2021 17:53,0.1326,0.2174,0.249,0.1891,0.2177
656,2/22/2021 18:53,0.1326,0.2174,0.249,0.1881,0.2182
657,2/22/2021 19:53,0.1321,0.2169,0.249,0.1872,0.2182
658,2/22/2021 20:53,0.1321,0.2169,0.2487,0.1872,0.2182
659,2/22/2021 21:53,0.1321,0.2164,0.2487,0.1866,0.2177
660,2/22/2021 22:53,0.1317,0.2164,0.2487,0.1866,0.2177
661,2/22/2021 23:53,0.1312,0.2161,0.2483,0.1866,0.2169
662,2/23/2021 0:53,0.1307,0.2156,0.2483,0.1872,0.2164
663,2/23/2021 1:53,0.1302,0.2156,0.2479,0.1876,0.2161
664,2/23/2021 2:53,0.1302,0.2153,0.2479,0.1885,0.2156
665,2/23/2021 3:53,0.1297,0.2153,0.2479,0.1891,0.2148
666,2/23/2021 4:53,0.1297,0.2148,0.2475,0.1895,0.2143
667,2/23/2021 5:53,0.129,0.2148,0.2475,0.1898,0.2139
668,2/23/2021 6:53,0.1285,0.2148,0.2475,0.1908,0.2139
669,2/23/2021 7:53,0.129,0.2148,0.2475,0.1913,0.2134
670,2/23/2021 8:53,0.129,0.2148,0.2471,0.1917,0.2131
671,2/23/2021 9:53,0.1297,0.2148,0.2468,0.1913,0.2126
672,2/23/2021 10:53,0.1297,0.2148,0.246,0.1904,0.2122
673,2/23/2021 11:53,0.1302,0.2148,0.2456,0.1891,0.2117
674,2/23/2021 12:53,0.1307,0.2148,0.2456,0.1876,0.2117
675,2/23/2021 13:53,0.1317,0.2153,0.2456,0.1866,0.2117
676,2/23/2021 14:53,0.1321,0.2148,0.2456,0.1866,0.2122
677,2/23/2021 15:53,0.1326,0.2148,0.2456,0.1862,0.2126
678,2/23/2021 16:53,0.1331,0.2143,0.2456,0.1859,0.2134
679,2/23/2021 17:53,0.1331,0.2143,0.2456,0.1849,0.2143
680,2/23/2021 18:53,0.1331,0.2143,0.2456,0.1843,0.2148
681,2/23/2021 19:53,0.1331,0.2143,0.2456,0.1836,0.2148
682,2/23/2021 20:53,0.1331,0.2139,0.2452,0.183,0.2148
683,2/23/2021 21:53,0.1326,0.2134,0.2452,0.1826,0.2143
684,2/23/2021 22:53,0.1321,0.2134,0.2452,0.182,0.2143
685,2/23/2021 23:53,0.1317,0.2131,0.2449,0.1816,0.2139
686,2/24/2021 0:53,0.1312,0.2126,0.2449,0.1816,0.2134
687,2/24/2021 1:53,0.1307,0.2126,0.2449,0.182,0.2126
688,2/24/2021 2:53,0.1307,0.2122,0.2445,0.182,0.2122
689,2/24/2021 3:53,0.1302,0.2117,0.2445,0.183,0.2112
690,2/24/2021 4:53,0.1297,0.2117,0.2441,0.1836,0.2109
691,2/24/2021 5:53,0.1297,0.2112,0.2441,0.184,0.2104
692,2/24/2021 6:53,0.129,0.2112,0.2437,0.1843,0.2095
693,2/24/2021 7:53,0.1297,0.2117,0.2437,0.1859,0.2092
694,2/24/2021 8:53,0.129,0.2117,0.2434,0.1859,0.2087
695,2/24/2021 9:53,0.1297,0.2117,0.243,0.1859,0.2078
696,2/24/2021 10:53,0.1297,0.2112,0.2425,0.1843,0.207
697,2/24/2021 11:53,0.1297,0.2112,0.2421,0.1826,0.2064
698,2/24/2021 12:53,0.1302,0.2112,0.2418,0.182,0.2064
699,2/24/2021 13:53,0.1312,0.2112,0.2418,0.182,0.2064
700,2/24/2021 14:53,0.1317,0.2112,0.2418,0.182,0.207
701,2/24/2021 15:53,0.1321,0.2109,0.2418,0.1816,0.2073
702,2/24/2021 16:53,0.1321,0.2109,0.2421,0.1813,0.2083
703,2/24/2021 17:53,0.1326,0.2109,0.2421,0.1803,0.2087
704,2/24/2021 18:53,0.1326,0.2109,0.2421,0.1793,0.2087
705,2/24/2021 19:53,0.1321,0.2104,0.2421,0.1783,0.2087
706,2/24/2021 20:53,0.1317,0.2104,0.2418,0.1779,0.2087
707,2/24/2021 21:53,0.1317,0.21,0.2418,0.1775,0.2083
708,2/24/2021 22:53,0.1312,0.2095,0.2418,0.1775,0.2078
709,2/24/2021 23:53,0.1307,0.2095,0.2414,0.1775,0.207
710,2/25/2021 0:53,0.1302,0.2092,0.2414,0.1779,0.2064
711,2/25/2021 1:53,0.1297,0.2092,0.241,0.1783,0.2056
712,2/25/2021 2:53,0.1297,0.2087,0.241,0.1789,0.2052
713,2/25/2021 3:53,0.129,0.2087,0.241,0.1793,0.2047
714,2/25/2021 4:53,0.1285,0.2083,0.2406,0.1797,0.2038
715,2/25/2021 5:53,0.1281,0.2078,0.2406,0.1797,0.2038
716,2/25/2021 6:53,0.1281,0.2078,0.2403,0.1803,0.2035
717,2/25/2021 7:53,0.1281,0.2083,0.2403,0.1813,0.2029
718,2/25/2021 8:53,0.1281,0.2083,0.2399,0.1813,0.2026
719,2/25/2021 9:53,0.1281,0.2083,0.2394,0.1813,0.202
720,2/25/2021 10:53,0.1281,0.2083,0.239,0.1803,0.2012
721,2/25/2021 11:53,0.1281,0.2083,0.2387,0.1797,0.2008
722,2/25/2021 12:53,0.1285,0.2083,0.2387,0.1783,0.2008
723,2/25/2021 13:53,0.1297,0.2083,0.2387,0.1775,0.2008
724,2/25/2021 14:53,0.1302,0.2083,0.2383,0.1769,0.2008
725,2/25/2021 15:53,0.1302,0.2078,0.2387,0.1765,0.2012
726,2/25/2021 16:53,0.1307,0.2078,0.2387,0.1762,0.2017
727,2/25/2021 17:53,0.1307,0.2078,0.2387,0.1752,0.202
728,2/25/2021 18:53,0.1307,0.2073,0.2387,0.1746,0.202
729,2/25/2021 19:53,0.1302,0.2073,0.2387,0.1738,0.2017
730,2/25/2021 20:53,0.1297,0.207,0.2387,0.1732,0.2017
731,2/25/2021 21:53,0.1297,0.2064,0.2383,0.1732,0.2008
732,2/25/2021 22:53,0.129,0.2064,0.2383,0.1738,0.2003
733,2/25/2021 23:53,0.1285,0.2061,0.2379,0.1738,0.1999
734,2/26/2021 0:53,0.1281,0.2056,0.2379,0.1746,0.1994
735,2/26/2021 1:53,0.1281,0.2056,0.2374,0.1752,0.199
736,2/26/2021 2:53,0.1276,0.2052,0.2374,0.1762,0.1985
737,2/26/2021 3:53,0.1276,0.2052,0.2374,0.1765,0.1985
738,2/26/2021 4:53,0.1271,0.2047,0.2371,0.1765,0.1981
739,2/26/2021 5:53,0.1266,0.2047,0.2371,0.1769,0.1976
740,2/26/2021 6:53,0.1266,0.2047,0.2371,0.1775,0.1976
741,2/26/2021 7:53,0.1266,0.2052,0.2367,0.1783,0.1976
742,2/26/2021 8:53,0.1266,0.2052,0.2363,0.1783,0.1972
743,2/26/2021 9:53,0.1271,0.2052,0.2358,0.1783,0.1963
744,2/26/2021 10:53,0.1271,0.2052,0.2355,0.1779,0.1958
745,2/26/2021 11:53,0.1276,0.2056,0.2351,0.1765,0.1958
746,2/26/2021 12:53,0.1281,0.2056,0.2351,0.1756,0.1954
747,2/26/2021 13:53,0.1285,0.2056,0.2351,0.1746,0.1958
748,2/26/2021 14:53,0.1297,0.2056,0.2351,0.1746,0.1963
749,2/26/2021 15:53,0.1302,0.2056,0.2355,0.1752,0.1967
750,2/26/2021 16:53,0.1302,0.2052,0.2355,0.1742,0.1972
751,2/26/2021 17:53,0.1302,0.2052,0.2355,0.1732,0.1976
752,2/26/2021 18:53,0.1302,0.2052,0.2355,0.1728,0.1976
753,2/26/2021 19:53,0.1302,0.2047,0.2355,0.1714,0.1976
754,2/26/2021 20:53,0.1297,0.2043,0.2355,0.1703,0.1972
755,2/26/2021 21:53,0.129,0.2038,0.2351,0.1699,0.1967
756,2/26/2021 22:53,0.1285,0.2038,0.2351,0.1699,0.1963
757,2/26/2021 23:53,0.1281,0.2035,0.2351,0.1699,0.1954
758,2/27/2021 0:53,0.1281,0.2029,0.2347,0.1703,0.1945
759,2/27/2021 1:53,0.1276,0.2026,0.2347,0.1709,0.1939
760,2/27/2021 2:53,0.1271,0.2026,0.2344,0.1714,0.1935
761,2/27/2021 3:53,0.1266,0.202,0.2344,0.1724,0.1935
762,2/27/2021 4:53,0.1266,0.202,0.2339,0.1728,0.1932
763,2/27/2021 5:53,0.1261,0.202,0.2339,0.1732,0.1926
764,2/27/2021 6:53,0.1256,0.2017,0.2335,0.1738,0.1923
765,2/27/2021 7:53,0.1261,0.202,0.2335,0.1746,0.1923
766,2/27/2021 8:53,0.1261,0.202,0.233,0.1752,0.1917
767,2/27/2021 9:53,0.1261,0.2026,0.2327,0.1752,0.1913
768,2/27/2021 10:53,0.1261,0.2026,0.2327,0.1742,0.1908
769,2/27/2021 11:53,0.1261,0.2029,0.2323,0.1732,0.1908
770,2/27/2021 12:53,0.1271,0.2035,0.2323,0.1724,0.1908
771,2/27/2021 13:53,0.1276,0.2035,0.2323,0.1714,0.1908
772,2/27/2021 14:53,0.1281,0.2029,0.2323,0.1709,0.1908
773,2/27/2021 15:53,0.1285,0.2029,0.2323,0.1703,0.1913
774,2/27/2021 16:53,0.1285,0.2029,0.2327,0.1695,0.1917
775,2/27/2021 17:53,0.1285,0.2026,0.2327,0.1689,0.1923
776,2/27/2021 18:53,0.1285,0.2026,0.2327,0.1681,0.1923
777,2/27/2021 19:53,0.1285,0.202,0.2327,0.1671,0.1917
778,2/27/2021 20:53,0.1281,0.202,0.2327,0.1667,0.1913
779,2/27/2021 21:53,0.1281,0.2017,0.2323,0.1663,0.1908
780,2/27/2021 22:53,0.1276,0.2017,0.2323,0.1663,0.1904
781,2/27/2021 23:53,0.1271,0.2012,0.2318,0.1663,0.1898
782,2/28/2021 0:53,0.1266,0.2008,0.2318,0.1667,0.1895
783,2/28/2021 1:53,0.1261,0.2008,0.2318,0.1667,0.1895
784,2/28/2021 2:53,0.1261,0.2008,0.2315,0.1671,0.1891
785,2/28/2021 3:53,0.1256,0.2003,0.2315,0.1677,0.1885
786,2/28/2021 4:53,0.1251,0.1999,0.2311,0.1677,0.1885
787,2/28/2021 5:53,0.1251,0.1994,0.2311,0.1681,0.1881
788,2/28/2021 6:53,0.1246,0.1994,0.2311,0.1689,0.1876
789,2/28/2021 7:53,0.1251,0.1999,0.2306,0.1699,0.1876
790,2/28/2021 8:53,0.1246,0.1999,0.2306,0.1709,0.1872
791,2/28/2021 9:53,0.1246,0.2003,0.2303,0.1709,0.1866
792,2/28/2021 10:53,0.1246,0.2003,0.2299,0.1703,0.1862
793,2/28/2021 11:53,0.1251,0.2003,0.2294,0.1695,0.1862
794,2/28/2021 12:53,0.1256,0.2008,0.2294,0.1685,0.1862
795,2/28/2021 13:53,0.1261,0.2008,0.2294,0.1677,0.1862
796,2/28/2021 14:53,0.1266,0.2008,0.2294,0.1667,0.1862
797,2/28/2021 15:53,0.1266,0.2008,0.2299,0.1663,0.1866
798,2/28/2021 16:53,0.1266,0.2008,0.2299,0.1656,0.1866
799,2/28/2021 17:53,0.1271,0.2003,0.2299,0.1652,0.1872
800,2/28/2021 18:53,0.1266,0.1999,0.2299,0.1642,0.1872
801,2/28/2021 19:53,0.1266,0.1999,0.2299,0.1638,0.1866
802,2/28/2021 20:53,0.1261,0.1994,0.2299,0.1634,0.1862
803,2/28/2021 21:53,0.1261,0.199,0.2294,0.1629,0.1859
804,2/28/2021 22:53,0.1256,0.1985,0.2294,0.1634,0.1853
805,2/28/2021 23:53,0.1251,0.1985,0.2291,0.1638,0.1849
806,3/1/2021 0:53,0.1246,0.1981,0.2291,0.1642,0.1849
807,3/1/2021 1:53,0.1246,0.1976,0.2286,0.1652,0.1843
808,3/1/2021 2:53,0.1242,0.1976,0.2286,0.1656,0.184
809,3/1/2021 3:53,0.1237,0.1972,0.2286,0.1667,0.1836
810,3/1/2021 4:53,0.1229,0.1972,0.2282,0.1667,0.1836
811,3/1/2021 5:53,0.1224,0.1967,0.2277,0.1671,0.183
812,3/1/2021 6:53,0.1224,0.1967,0.2277,0.1681,0.183
813,3/1/2021 7:53,0.1229,0.1972,0.2277,0.1689,0.183
814,3/1/2021 8:53,0.1229,0.1976,0.2274,0.1695,0.1826
815,3/1/2021 9:53,0.1229,0.1976,0.2269,0.1695,0.1826
816,3/1/2021 10:53,0.1229,0.1976,0.2266,0.1689,0.182
817,3/1/2021 11:53,0.1237,0.1981,0.2266,0.1681,0.182
818,3/1/2021 12:53,0.1242,0.1985,0.2266,0.1671,0.182
819,3/1/2021 13:53,0.1251,0.199,0.2266,0.1656,0.1826
820,3/1/2021 14:53,0.1256,0.199,0.2266,0.1648,0.1826
821,3/1/2021 15:53,0.1261,0.199,0.2269,0.1642,0.183
822,3/1/2021 16:53,0.1261,0.1985,0.2269,0.1638,0.1836
823,3/1/2021 17:53,0.1261,0.1985,0.2274,0.1634,0.1836
824,3/1/2021 18:53,0.1261,0.1985,0.2274,0.1623,0.184
825,3/1/2021 19:53,0.1261,0.1981,0.2274,0.1608,0.1836
826,3/1/2021 20:53,0.1256,0.1976,0.2274,0.1604,0.183
827,3/1/2021 21:53,0.1256,0.1972,0.2274,0.16,0.1826
828,3/1/2021 22:53,0.1251,0.1967,0.2269,0.16,0.182
829,3/1/2021 23:53,0.1246,0.1963,0.2266,0.16,0.1816
830,3/2/2021 0:53,0.1242,0.1958,0.2266,0.1604,0.1813
831,3/2/2021 1:53,0.1237,0.1958,0.2266,0.1615,0.1807
832,3/2/2021 2:53,0.1229,0.1954,0.2262,0.1619,0.1803
833,3/2/2021 3:53,0.1229,0.1954,0.2262,0.1629,0.1803
834,3/2/2021 4:53,0.1224,0.1948,0.2257,0.1629,0.1797
835,3/2/2021 5:53,0.1224,0.1948,0.2257,0.1634,0.1793
836,3/2/2021 6:53,0.1219,0.1945,0.2254,0.1638,0.1793
837,3/2/2021 7:53,0.1224,0.1948,0.2254,0.1652,0.1793
838,3/2/2021 8:53,0.1224,0.1958,0.2249,0.1663,0.1793
839,3/2/2021 9:53,0.1224,0.1958,0.2245,0.1663,0.1789
840,3/2/2021 10:53,0.1224,0.1958,0.2245,0.1656,0.1783
841,3/2/2021 11:53,0.1229,0.1963,0.2241,0.1648,0.1783
842,3/2/2021 12:53,0.1237,0.1967,0.2241,0.1629,0.1789
843,3/2/2021 13:53,0.1246,0.1972,0.2241,0.1623,0.1793
844,3/2/2021 14:53,0.1251,0.1972,0.2245,0.1623,0.1793
845,3/2/2021 15:53,0.1256,0.1972,0.2249,0.1623,0.1797
846,3/2/2021 16:53,0.1256,0.1967,0.2249,0.1615,0.1803
847,3/2/2021 17:53,0.1261,0.1967,0.2254,0.1608,0.1807
848,3/2/2021 18:53,0.1256,0.1963,0.2254,0.1596,0.1803
849,3/2/2021 19:53,0.1256,0.1958,0.2254,0.1585,0.1803
850,3/2/2021 20:53,0.1251,0.1958,0.2254,0.1577,0.1797
851,3/2/2021 21:53,0.1251,0.1954,0.2249,0.157,0.1793
852,3/2/2021 22:53,0.1246,0.1948,0.2249,0.157,0.1789
853,3/2/2021 23:53,0.1242,0.1945,0.2245,0.1566,0.1779
854,3/3/2021 0:53,0.1237,0.1939,0.2245,0.157,0.1775
855,3/3/2021 1:53,0.1229,0.1935,0.2241,0.1577,0.1775
856,3/3/2021 2:53,0.1224,0.1935,0.2241,0.1581,0.1769
857,3/3/2021 3:53,0.1219,0.1932,0.2237,0.1585,0.1765
858,3/3/2021 4:53,0.1214,0.1926,0.2232,0.1596,0.1762
859,3/3/2021 5:53,0.1214,0.1926,0.2232,0.16,0.1762
860,3/3/2021 6:53,0.1214,0.1923,0.2232,0.1608,0.1756
861,3/3/2021 7:53,0.1214,0.1926,0.2229,0.1619,0.1756
862,3/3/2021 8:53,0.1209,0.1926,0.2229,0.1619,0.1752
863,3/3/2021 9:53,0.1204,0.1926,0.2224,0.1619,0.1752
864,3/3/2021 10:53,0.1204,0.1923,0.2224,0.1619,0.1752
865,3/3/2021 11:53,0.1204,0.1926,0.2219,0.1615,0.1746
866,3/3/2021 12:53,0.1199,0.1923,0.2219,0.1619,0.1752
867,3/3/2021 13:53,0.1204,0.1926,0.2219,0.1619,0.1752
868,3/3/2021 14:53,0.1204,0.1926,0.2219,0.1619,0.1756
869,3/3/2021 15:53,0.1204,0.1932,0.2224,0.1619,0.1756
870,3/3/2021 16:53,0.1204,0.1926,0.2224,0.1615,0.1756
871,3/3/2021 17:53,0.1199,0.1926,0.2219,0.1608,0.1756
872,3/3/2021 18:53,0.1199,0.1926,0.2219,0.1604,0.1756
873,3/3/2021 19:53,0.1199,0.1926,0.2219,0.16,0.1756
874,3/3/2021 20:53,0.1199,0.1923,0.2219,0.16,0.1752
875,3/3/2021 21:53,0.1194,0.1923,0.2219,0.16,0.1752
876,3/3/2021 22:53,0.1194,0.1917,0.2216,0.1604,0.1746
877,3/3/2021 23:53,0.1194,0.1917,0.2216,0.1604,0.1746
878,3/4/2021 0:53,0.1189,0.1913,0.2216,0.1608,0.1746
879,3/4/2021 1:53,0.1189,0.1913,0.2216,0.1615,0.1746
880,3/4/2021 2:53,0.1184,0.1908,0.2216,0.1615,0.1742
881,3/4/2021 3:53,0.1184,0.1908,0.2216,0.1615,0.1742
882,3/4/2021 4:53,0.1179,0.1908,0.2216,0.1619,0.1742
883,3/4/2021 5:53,0.1179,0.1904,0.2211,0.1619,0.1738
884,3/4/2021 6:53,0.1179,0.1904,0.2211,0.1623,0.1732
885,3/4/2021 7:53,0.1179,0.1908,0.2208,0.1629,0.1738
886,3/4/2021 8:53,0.1184,0.1913,0.2211,0.1638,0.1738
887,3/4/2021 9:53,0.1184,0.1917,0.2211,0.1642,0.1742
888,3/4/2021 10:53,0.1189,0.1923,0.2208,0.1642,0.1742
889,3/4/2021 11:53,0.1189,0.1923,0.2208,0.1638,0.1738
890,3/4/2021 12:53,0.1194,0.1926,0.2208,0.1634,0.1742
891,3/4/2021 13:53,0.1204,0.1932,0.2208,0.1623,0.1746
892,3/4/2021 14:53,0.1209,0.1935,0.2211,0.1615,0.1752
893,3/4/2021 15:53,0.1214,0.1935,0.2216,0.16,0.1756
894,3/4/2021 16:53,0.1219,0.1932,0.2216,0.1585,0.1762
895,3/4/2021 17:53,0.1219,0.1932,0.2219,0.1577,0.1765
896,3/4/2021 18:53,0.1219,0.1932,0.2219,0.1566,0.1765
897,3/4/2021 19:53,0.1219,0.1926,0.2219,0.1558,0.1762
898,3/4/2021 20:53,0.1214,0.1926,0.2224,0.1547,0.1762
899,3/4/2021 21:53,0.1214,0.1923,0.2219,0.1542,0.1756
900,3/4/2021 22:53,0.1209,0.1923,0.2219,0.1538,0.1752
901,3/4/2021 23:53,0.1209,0.1917,0.2219,0.1538,0.1746
902,3/5/2021 0:53,0.1204,0.1917,0.2216,0.1538,0.1746
903,3/5/2021 1:53,0.1199,0.1913,0.2216,0.1538,0.1742
904,3/5/2021 2:53,0.1199,0.1908,0.2216,0.1542,0.1738
905,3/5/2021 3:53,0.1194,0.1908,0.2211,0.1547,0.1732
906,3/5/2021 4:53,0.1194,0.1908,0.2211,0.1551,0.1732
907,3/5/2021 5:53,0.1189,0.1904,0.2208,0.1558,0.1728
908,3/5/2021 6:53,0.1189,0.1904,0.2208,0.1562,0.1728
909,3/5/2021 7:53,0.1194,0.1908,0.2211,0.157,0.1732
910,3/5/2021 8:53,0.1194,0.1913,0.2208,0.1581,0.1728
911,3/5/2021 9:53,0.1194,0.1917,0.2203,0.1581,0.1732
912,3/5/2021 10:53,0.1194,0.1923,0.2198,0.1577,0.1728
913,3/5/2021 11:53,0.1204,0.1926,0.2198,0.157,0.1732
914,3/5/2021 12:53,0.1209,0.1935,0.2198,0.157,0.1738
915,3/5/2021 13:53,0.1219,0.1939,0.2203,0.1577,0.1746
916,3/5/2021 14:53,0.1224,0.1935,0.2203,0.1577,0.1746
917,3/5/2021 15:53,0.1229,0.1939,0.2208,0.1577,0.1756
918,3/5/2021 16:53,0.1237,0.1935,0.2211,0.157,0.1762
919,3/5/2021 17:53,0.1237,0.1935,0.2216,0.1562,0.1762
920,3/5/2021 18:53,0.1237,0.1932,0.2216,0.1551,0.1765
921,3/5/2021 19:53,0.1237,0.1932,0.2216,0.1542,0.1762
922,3/5/2021 20:53,0.1229,0.1926,0.2216,0.1532,0.1756
923,3/5/2021 21:53,0.1229,0.1923,0.2211,0.1523,0.1752
924,3/5/2021 22:53,0.1224,0.1917,0.2211,0.1519,0.1746
925,3/5/2021 23:53,0.1219,0.1913,0.2211,0.1514,0.1742
926,3/6/2021 0:53,0.1214,0.1913,0.2211,0.1514,0.1738
927,3/6/2021 1:53,0.1214,0.1908,0.2208,0.1514,0.1728
928,3/6/2021 2:53,0.1204,0.1904,0.2203,0.1514,0.1728
929,3/6/2021 3:53,0.1204,0.1898,0.2203,0.1519,0.1724
930,3/6/2021 4:53,0.1199,0.1898,0.2203,0.1523,0.1718
931,3/6/2021 5:53,0.1194,0.1895,0.2198,0.1523,0.1714
932,3/6/2021 6:53,0.1194,0.1895,0.2198,0.1532,0.1714
933,3/6/2021 7:53,0.1199,0.1898,0.2198,0.1547,0.1714
934,3/6/2021 8:53,0.1194,0.1904,0.219,0.1551,0.1714
935,3/6/2021 9:53,0.1194,0.1904,0.219,0.1551,0.1709
936,3/6/2021 10:53,0.1194,0.1904,0.2185,0.1551,0.1709
937,3/6/2021 11:53,0.1199,0.1913,0.2185,0.1542,0.1709
938,3/6/2021 12:53,0.1204,0.1917,0.219,0.1538,0.1714
939,3/6/2021 13:53,0.1214,0.1917,0.219,0.1542,0.1718
940,3/6/2021 14:53,0.1219,0.1917,0.2195,0.1542,0.1724
941,3/6/2021 15:53,0.1224,0.1917,0.2195,0.1542,0.1728
942,3/6/2021 16:53,0.1224,0.1917,0.2198,0.1538,0.1728
943,3/6/2021 17:53,0.1224,0.1917,0.2198,0.1527,0.1732
944,3/6/2021 18:53,0.1224,0.1913,0.2203,0.1519,0.1732
945,3/6/2021 19:53,0.1224,0.1913,0.2203,0.1514,0.1728
946,3/6/2021 20:53,0.1219,0.1908,0.2198,0.1503,0.1724
947,3/6/2021 21:53,0.1214,0.1908,0.2198,0.1499,0.1718
948,3/6/2021 22:53,0.1214,0.1904,0.2198,0.149,0.1718
949,3/6/2021 23:53,0.1209,0.1904,0.2198,0.149,0.1714
950,3/7/2021 0:53,0.1204,0.1898,0.2195,0.1484,0.1709
951,3/7/2021 1:53,0.1204,0.1895,0.2195,0.1484,0.1703
952,3/7/2021 2:53,0.1199,0.1895,0.219,0.149,0.1703
953,3/7/2021 3:53,0.1194,0.1891,0.219,0.149,0.1699
954,3/7/2021 4:53,0.1194,0.1891,0.219,0.149,0.1695
955,3/7/2021 5:53,0.1189,0.1885,0.2185,0.1495,0.1689
956,3/7/2021 6:53,0.1189,0.1885,0.2185,0.1499,0.1689
957,3/7/2021 7:53,0.1189,0.1885,0.2182,0.1503,0.1689
958,3/7/2021 8:53,0.1189,0.1891,0.2182,0.1514,0.1689
959,3/7/2021 9:53,0.1184,0.1891,0.2182,0.1519,0.1689
960,3/7/2021 10:53,0.1189,0.1891,0.2177,0.1519,0.1689
961,3/7/2021 11:53,0.1189,0.1895,0.2177,0.1519,0.1689
962,3/7/2021 12:53,0.1194,0.1898,0.2177,0.1514,0.1689
963,3/7/2021 13:53,0.1194,0.1898,0.2177,0.1503,0.1689
964,3/7/2021 14:53,0.1199,0.1898,0.2182,0.1499,0.1695
965,3/7/2021 15:53,0.1199,0.1898,0.2182,0.1499,0.1695
966,3/7/2021 16:53,0.1199,0.1898,0.2182,0.1495,0.1695
967,3/7/2021 17:53,0.1199,0.1895,0.2185,0.149,0.1695
968,3/7/2021 18:53,0.1199,0.1895,0.2185,0.1484,0.1699
969,3/7/2021 19:53,0.1199,0.1895,0.2185,0.1479,0.1699
970,3/7/2021 20:53,0.1199,0.1895,0.2185,0.1475,0.1695
971,3/7/2021 21:53,0.1194,0.1895,0.2185,0.147,0.1695
972,3/7/2021 22:53,0.1194,0.1891,0.2182,0.147,0.1695
973,3/7/2021 23:53,0.1194,0.1891,0.2182,0.1466,0.1689
974,3/8/2021 0:53,0.1189,0.1885,0.2182,0.1466,0.1689
975,3/8/2021 1:53,0.1189,0.1885,0.2182,0.1466,0.1685
976,3/8/2021 2:53,0.1189,0.1885,0.2182,0.1459,0.1685
977,3/8/2021 3:53,0.1184,0.1885,0.2182,0.1459,0.1685
978,3/8/2021 4:53,0.1184,0.1885,0.2177,0.1459,0.1685
979,3/8/2021 5:53,0.1184,0.1881,0.2182,0.1459,0.1685
980,3/8/2021 6:53,0.1184,0.1885,0.2177,0.1459,0.1681
981,3/8/2021 7:53,0.1179,0.1881,0.2177,0.1459,0.1681
982,3/8/2021 8:53,0.1184,0.1891,0.2177,0.1466,0.1685
983,3/8/2021 9:53,0.1179,0.1891,0.2177,0.147,0.1681
984,3/8/2021 10:53,0.1184,0.1895,0.2174,0.1479,0.1685
985,3/8/2021 11:53,0.1189,0.1895,0.2174,0.1484,0.1685
986,3/8/2021 12:53,0.1194,0.1904,0.2177,0.1495,0.1689
987,3/8/2021 13:53,0.1199,0.1904,0.2177,0.1499,0.1695
988,3/8/2021 14:53,0.1204,0.1904,0.2182,0.1503,0.1703
989,3/8/2021 15:53,0.1204,0.1898,0.2182,0.1499,0.1703
990,3/8/2021 16:53,0.1204,0.1898,0.2185,0.149,0.1703
991,3/8/2021 17:53,0.1204,0.1898,0.2185,0.1484,0.1699
992,3/8/2021 18:53,0.1204,0.1895,0.2185,0.1475,0.1699
993,3/8/2021 19:53,0.1199,0.1891,0.2185,0.147,0.1699
994,3/8/2021 20:53,0.1199,0.1885,0.2185,0.1459,0.1689
995,3/8/2021 21:53,0.1199,0.1885,0.2182,0.1455,0.1689
996,3/8/2021 22:53,0.1194,0.1881,0.2182,0.145,0.1685
997,3/8/2021 23:53,0.1189,0.1881,0.2182,0.145,0.1681
998,3/9/2021 0:53,0.1184,0.1876,0.2177,0.145,0.1677
999,3/9/2021 1:53,0.1179,0.1876,0.2177,0.145,0.1677
1000,3/9/2021 2:53,0.1179,0.1872,0.2174,0.1455,0.1667
1001,3/9/2021 3:53,0.1174,0.1866,0.2174,0.1455,0.1667
1002,3/9/2021 4:53,0.1174,0.1862,0.2174,0.1466,0.1663
1003,3/9/2021 5:53,0.1169,0.1862,0.2169,0.1466,0.1656
1004,3/9/2021 6:53,0.1169,0.1862,0.2164,0.147,0.1656
1005,3/9/2021 7:53,0.1169,0.1862,0.2164,0.1479,0.1656
1006,3/9/2021 8:53,0.1169,0.1866,0.2164,0.149,0.1656
1007,3/9/2021 9:53,0.1169,0.1872,0.2164,0.1495,0.1656
1008,3/9/2021 10:53,0.1169,0.1872,0.2161,0.1495,0.1656
1009,3/9/2021 11:53,0.1174,0.1876,0.2161,0.149,0.1663
1010,3/9/2021 12:53,0.1179,0.1881,0.2164,0.1484,0.1667
1011,3/9/2021 13:53,0.1184,0.1881,0.2164,0.1475,0.1671
1012,3/9/2021 14:53,0.1189,0.1881,0.2169,0.147,0.1677
1013,3/9/2021 15:53,0.1189,0.1881,0.2169,0.147,0.1677
1014,3/9/2021 16:53,0.1194,0.1876,0.2174,0.1459,0.1677
1015,3/9/2021 17:53,0.1194,0.1876,0.2174,0.1455,0.1677
1016,3/9/2021 18:53,0.1189,0.1876,0.2174,0.1446,0.1677
1017,3/9/2021 19:53,0.1189,0.1872,0.2174,0.1441,0.1677
1018,3/9/2021 20:53,0.1189,0.1872,0.2174,0.1434,0.1671
1019,3/9/2021 21:53,0.1184,0.1866,0.2174,0.143,0.1667
1020,3/9/2021 22:53,0.1184,0.1866,0.2169,0.143,0.1667
1021,3/9/2021 23:53,0.1179,0.1866,0.2169,0.1425,0.1663
1022,3/10/2021 0:53,0.1179,0.1866,0.2169,0.1425,0.1663
1023,3/10/2021 1:53,0.1164,0.1885,0.2182,0.145,0.1762
1024,3/10/2021 2:53,0.1159,0.1881,0.2177,0.1459,0.1756
1025,3/10/2021 3:53,0.1153,0.1876,0.2174,0.1466,0.1752
1026,3/10/2021 4:53,0.1148,0.1885,0.2182,0.1484,0.1769
1027,3/10/2021 5:53,0.1143,0.1881,0.2177,0.1484,0.1765
1028,3/10/2021 6:53,0.1143,0.1876,0.2174,0.1484,0.1762
1029,3/10/2021 7:53,0.1143,0.1876,0.2177,0.149,0.1762
1030,3/10/2021 8:53,0.1148,0.1876,0.2177,0.1495,0.1762
1031,3/10/2021 9:53,0.1148,0.1876,0.2177,0.1495,0.1756
1032,3/10/2021 10:53,0.1143,0.1872,0.2177,0.1495,0.1756
1033,3/10/2021 11:53,0.1148,0.1876,0.2177,0.1495,0.1756
1034,3/10/2021 12:53,0.1148,0.1876,0.2174,0.149,0.1756
1035,3/10/2021 13:53,0.1153,0.1881,0.2177,0.1484,0.1762
1036,3/10/2021 14:53,0.1153,0.1876,0.2177,0.1479,0.1762
1037,3/10/2021 15:53,0.1148,0.1881,0.2177,0.1479,0.1762
1038,3/10/2021 16:53,0.1148,0.1881,0.2177,0.1484,0.1762
1039,3/10/2021 17:53,0.1148,0.1876,0.2177,0.1479,0.1765
1040,3/10/2021 18:53,0.1143,0.1876,0.2177,0.1475,0.1762
1041,3/10/2021 19:53,0.1143,0.1872,0.2174,0.147,0.1762
1042,3/10/2021 20:53,0.1143,0.1872,0.2174,0.1475,0.1756
1043,3/10/2021 21:53,0.1138,0.1872,0.2174,0.1475,0.1756
1044,3/10/2021 22:53,0.1138,0.1872,0.2174,0.1479,0.1752
1045,3/10/2021 23:53,0.1138,0.1866,0.2169,0.1479,0.1752
1046,3/11/2021 0:53,0.1133,0.1866,0.2169,0.1479,0.1746
1047,3/11/2021 1:53,0.1128,0.1862,0.2164,0.1484,0.1746
1048,3/11/2021 2:53,0.1128,0.1862,0.2164,0.1484,0.1742
1049,3/11/2021 3:53,0.1128,0.1859,0.2164,0.149,0.1742
1050,3/11/2021 4:53,0.1122,0.1859,0.2161,0.1495,0.1738
1051,3/11/2021 5:53,0.1122,0.1859,0.2161,0.1499,0.1738
1052,3/11/2021 6:53,0.1117,0.1859,0.2161,0.1503,0.1732
1053,3/11/2021 7:53,0.1117,0.1859,0.2161,0.1514,0.1732
1054,3/11/2021 8:53,0.1117,0.1859,0.2161,0.1519,0.1732
1055,3/11/2021 9:53,0.1122,0.1866,0.2169,0.1532,0.1732
1056,3/11/2021 10:53,0.1128,0.1872,0.2174,0.1538,0.1738
1057,3/11/2021 11:53,0.1128,0.1872,0.2169,0.1532,0.1738
1058,3/11/2021 12:53,0.1133,0.1872,0.2169,0.1523,0.1738
1059,3/11/2021 13:53,0.1133,0.1872,0.2169,0.1514,0.1742
1060,3/11/2021 14:53,0.1138,0.1876,0.2169,0.1503,0.1746
1061,3/11/2021 15:53,0.1138,0.1876,0.2174,0.1499,0.1752
1062,3/11/2021 16:53,0.1138,0.1876,0.2174,0.1495,0.1752
1063,3/11/2021 17:53,0.1133,0.1881,0.2174,0.1495,0.1746
1064,3/11/2021 18:53,0.1133,0.1885,0.2174,0.1499,0.1752
1065,3/11/2021 19:53,0.1128,0.1881,0.2174,0.1499,0.1756
1066,3/11/2021 20:53,0.1128,0.1881,0.2169,0.1495,0.1756
1067,3/11/2021 21:53,0.1128,0.1881,0.2169,0.1495,0.1756
1068,3/11/2021 22:53,0.1122,0.1876,0.2169,0.1495,0.1752
1069,3/11/2021 23:53,0.1122,0.1872,0.2164,0.1495,0.1756
1070,3/12/2021 0:53,0.1117,0.1872,0.2164,0.1499,0.1742
1071,3/12/2021 1:53,0.1117,0.1866,0.2161,0.1503,0.1738
1072,3/12/2021 2:53,0.1117,0.1866,0.2161,0.1503,0.1738
1073,3/12/2021 3:53,0.1112,0.1862,0.2161,0.1508,0.1738
1074,3/12/2021 4:53,0.1112,0.1862,0.2156,0.1514,0.1732
1075,3/12/2021 5:53,0.1107,0.1859,0.2156,0.1514,0.1732
1076,3/12/2021 6:53,0.1107,0.1862,0.2156,0.1519,0.1728
1077,3/12/2021 7:53,0.1107,0.1866,0.2161,0.1527,0.1728
1078,3/12/2021 8:53,0.1112,0.1872,0.2164,0.1538,0.1728
1079,3/12/2021 9:53,0.1112,0.1872,0.2164,0.1547,0.1728
1080,3/12/2021 10:53,0.1117,0.1876,0.2169,0.1551,0.1728
1081,3/12/2021 11:53,0.1117,0.1881,0.2169,0.1547,0.1732
1082,3/12/2021 12:53,0.1128,0.1885,0.2174,0.1542,0.1738
1083,3/12/2021 13:53,0.1133,0.1885,0.2177,0.1532,0.1742
1084,3/12/2021 14:53,0.1138,0.1891,0.2177,0.1523,0.1752
1085,3/12/2021 15:53,0.1138,0.1891,0.2182,0.1519,0.1756
1086,3/12/2021 16:53,0.1143,0.1891,0.2182,0.1508,0.1756
1087,3/12/2021 17:53,0.1143,0.1891,0.2182,0.1499,0.1756
1088,3/12/2021 18:53,0.1138,0.1885,0.2182,0.1495,0.1756
1089,3/12/2021 19:53,0.1138,0.1885,0.2182,0.149,0.1752
1090,3/12/2021 20:53,0.1138,0.1881,0.2177,0.1484,0.1752
1091,3/12/2021 21:53,0.1133,0.1881,0.2177,0.1484,0.1746
1092,3/12/2021 22:53,0.1133,0.1881,0.2177,0.149,0.1742
1093,3/12/2021 23:53,0.1133,0.1881,0.2174,0.149,0.1742
1094,3/13/2021 0:53,0.1128,0.1876,0.2174,0.1495,0.1738
1095,3/13/2021 1:53,0.1122,0.1876,0.2174,0.1495,0.1732
1096,3/13/2021 2:53,0.1122,0.1872,0.2169,0.1499,0.1732
1097,3/13/2021 3:53,0.1122,0.1872,0.2169,0.1499,0.1728
1098,3/13/2021 4:53,0.1117,0.1872,0.2169,0.1503,0.1728
1099,3/13/2021 5:53,0.1117,0.1872,0.2169,0.1508,0.1724
1100,3/13/2021 6:53,0.1112,0.1872,0.2164,0.1514,0.1724
1101,3/13/2021 7:53,0.1117,0.1876,0.2169,0.1523,0.1724
1102,3/13/2021 8:53,0.1117,0.1876,0.2169,0.1538,0.1724
1103,3/13/2021 9:53,0.1122,0.1885,0.2174,0.1542,0.1724
1104,3/13/2021 10:53,0.1122,0.1891,0.2174,0.1542,0.1724
1105,3/13/2021 11:53,0.1128,0.1895,0.2174,0.1542,0.1728
1106,3/13/2021 12:53,0.1133,0.1898,0.2182,0.1538,0.1732
1107,3/13/2021 13:53,0.1143,0.1904,0.2185,0.1532,0.1738
1108,3/13/2021 14:53,0.1148,0.1908,0.2185,0.1527,0.1746
1109,3/13/2021 15:53,0.1153,0.1908,0.219,0.1523,0.1752
1110,3/13/2021 16:53,0.1159,0.1908,0.2195,0.1514,0.1756
1111,3/13/2021 17:53,0.1159,0.1908,0.2195,0.1503,0.1762
1112,3/13/2021 18:53,0.1153,0.1908,0.2195,0.1495,0.1762
1113,3/13/2021 19:53,0.1153,0.1908,0.2195,0.149,0.1756
1114,3/13/2021 20:53,0.1153,0.1908,0.2195,0.1484,0.1756
1115,3/13/2021 21:53,0.1153,0.1904,0.2195,0.1479,0.1752
1116,3/13/2021 22:53,0.1148,0.1904,0.219,0.1475,0.1752
1117,3/13/2021 23:53,0.1143,0.1898,0.219,0.1475,0.1746
1118,3/14/2021 0:53,0.1143,0.1898,0.2185,0.1479,0.1742
1119,3/14/2021 1:53,0.1143,0.1895,0.2185,0.1484,0.1738
1120,3/14/2021 2:53,0.1138,0.1895,0.2185,0.1484,0.1738
1121,3/14/2021 3:53,0.1138,0.1895,0.2182,0.149,0.1738
1122,3/14/2021 4:53,0.1133,0.1895,0.2182,0.1495,0.1738
1123,3/14/2021 5:53,0.1133,0.1895,0.2182,0.1495,0.1732
1124,3/14/2021 6:53,0.1133,0.1891,0.2182,0.1495,0.1732
1125,3/14/2021 7:53,0.1133,0.1895,0.2182,0.1499,0.1732
1126,3/14/2021 8:53,0.1133,0.1898,0.2182,0.1508,0.1738
1127,3/14/2021 9:53,0.1138,0.1904,0.2185,0.1514,0.1738
1128,3/14/2021 10:53,0.1138,0.1908,0.2185,0.1514,0.1738
1129,3/14/2021 11:53,0.1143,0.1913,0.2185,0.1514,0.1742
1130,3/14/2021 12:53,0.1148,0.1917,0.219,0.1519,0.1746
1131,3/14/2021 13:53,0.1153,0.1917,0.219,0.1519,0.1746
1132,3/14/2021 14:53,0.1159,0.1917,0.2195,0.1523,0.1756
1133,3/14/2021 15:53,0.1164,0.1923,0.2198,0.1523,0.1765
1134,3/14/2021 16:53,0.1164,0.1923,0.2198,0.1519,0.1765
1135,3/14/2021 17:53,0.1164,0.1923,0.2198,0.1508,0.1765
1136,3/14/2021 18:53,0.1164,0.1917,0.2203,0.1503,0.1765
1137,3/14/2021 19:53,0.1164,0.1917,0.2203,0.1495,0.1765
1138,3/14/2021 20:53,0.1164,0.1917,0.2203,0.149,0.1762
1139,3/14/2021 21:53,0.1159,0.1917,0.2198,0.149,0.1762
1140,3/14/2021 22:53,0.1159,0.1913,0.2198,0.1484,0.1756
1141,3/14/2021 23:53,0.1159,0.1913,0.2198,0.1479,0.1756
1142,3/15/2021 0:53,0.1153,0.1913,0.2198,0.1479,0.1752
1143,3/15/2021 1:53,0.1153,0.1913,0.2195,0.1479,0.1752
1144,3/15/2021 2:53,0.1148,0.1908,0.2195,0.1479,0.1746
1145,3/15/2021 3:53,0.1148,0.1908,0.219,0.1479,0.1742
1146,3/15/2021 4:53,0.1143,0.1908,0.2185,0.1484,0.1742
1147,3/15/2021 5:53,0.1143,0.1908,0.2182,0.149,0.1738
1148,3/15/2021 6:53,0.1143,0.1904,0.2182,0.1495,0.1738
1149,3/15/2021 7:53,0.1143,0.1908,0.2182,0.1499,0.1738
1150,3/15/2021 8:53,0.1143,0.1904,0.2182,0.1503,0.1738
1151,3/15/2021 9:53,0.1148,0.1904,0.2182,0.1503,0.1732
1152,3/15/2021 10:53,0.1148,0.1908,0.2185,0.1508,0.1738
1153,3/15/2021 11:53,0.1138,0.1923,0.219,0.1527,0.1756
1154,3/15/2021 12:53,0.1143,0.1923,0.2185,0.1527,0.1762
1155,3/15/2021 13:53,0.1143,0.1923,0.2185,0.1523,0.1762
1156,3/15/2021 14:53,0.1148,0.1923,0.219,0.1519,0.1762
1157,3/15/2021 15:53,0.1148,0.1923,0.219,0.1514,0.1762
1158,3/15/2021 16:53,0.1143,0.1917,0.2185,0.1508,0.1762
1159,3/15/2021 17:53,0.1143,0.1913,0.2182,0.1508,0.1756
1160,3/15/2021 18:53,0.1138,0.1913,0.2182,0.1503,0.1756
1161,3/15/2021 19:53,0.1138,0.1908,0.2182,0.1503,0.1756
1162,3/15/2021 20:53,0.1138,0.1908,0.2182,0.1503,0.1752
1163,3/15/2021 21:53,0.1133,0.1908,0.2177,0.1508,0.1746
1164,3/15/2021 22:53,0.1133,0.1904,0.2177,0.1514,0.1746
1165,3/15/2021 23:53,0.1133,0.1904,0.2177,0.1519,0.1742
1166,3/16/2021 0:53,0.1128,0.1898,0.2177,0.1519,0.1742
1167,3/16/2021 1:53,0.1122,0.1898,0.2174,0.1523,0.1738
1168,3/16/2021 2:53,0.1122,0.1895,0.2169,0.1527,0.1738
1169,3/16/2021 3:53,0.1117,0.1895,0.2169,0.1532,0.1732
1170,3/16/2021 4:53,0.1117,0.1891,0.2169,0.1538,0.1732
1171,3/16/2021 5:53,0.1117,0.1891,0.2169,0.1538,0.1728
1172,3/16/2021 6:53,0.1117,0.1891,0.2169,0.1542,0.1728
1173,3/16/2021 7:53,0.1117,0.1895,0.2174,0.1558,0.1724
1174,3/16/2021 8:53,0.1117,0.1895,0.2174,0.1562,0.1728
1175,3/16/2021 9:53,0.1122,0.1904,0.2177,0.157,0.1724
1176,3/16/2021 10:53,0.1122,0.1904,0.2177,0.1577,0.1724
1177,3/16/2021 11:53,0.1128,0.1908,0.2182,0.157,0.1732
1178,3/16/2021 12:53,0.1138,0.1913,0.2182,0.1566,0.1732
1179,3/16/2021 13:53,0.1143,0.1917,0.2185,0.1558,0.1742
1180,3/16/2021 14:53,0.1148,0.1923,0.219,0.1547,0.1742
1181,3/16/2021 15:53,0.1153,0.1923,0.219,0.1542,0.1752
1182,3/16/2021 16:53,0.1153,0.1917,0.2195,0.1532,0.1752
1183,3/16/2021 17:53,0.1159,0.1917,0.2195,0.1523,0.1756
1184,3/16/2021 18:53,0.1153,0.1917,0.2195,0.1514,0.1756
1185,3/16/2021 19:53,0.1153,0.1913,0.2195,0.1508,0.1752
1186,3/16/2021 20:53,0.1153,0.1913,0.2195,0.1503,0.1752
1187,3/16/2021 21:53,0.1148,0.1908,0.219,0.1499,0.1746
1188,3/16/2021 22:53,0.1148,0.1908,0.219,0.1503,0.1746
1189,3/16/2021 23:53,0.1143,0.1904,0.219,0.1503,0.1738
1190,3/17/2021 0:53,0.1143,0.1904,0.2185,0.1508,0.1738
1191,3/17/2021 1:53,0.1138,0.1898,0.2185,0.1514,0.1732
1192,3/17/2021 2:53,0.1133,0.1898,0.2182,0.1519,0.1732
1193,3/17/2021 3:53,0.1133,0.1895,0.2182,0.1523,0.1728
1194,3/17/2021 4:53,0.1128,0.1895,0.2177,0.1527,0.1724
1195,3/17/2021 5:53,0.1128,0.1891,0.2177,0.1532,0.1718
1196,3/17/2021 6:53,0.1128,0.1895,0.2177,0.1538,0.1718
1197,3/17/2021 7:53,0.1128,0.1895,0.2177,0.1547,0.1718
1198,3/17/2021 8:53,0.1128,0.1898,0.2182,0.1558,0.1724
1199,3/17/2021 9:53,0.1133,0.1908,0.2182,0.1562,0.1724
1200,3/17/2021 10:53,0.1133,0.1913,0.2182,0.1566,0.1724
1201,3/17/2021 11:53,0.1138,0.1917,0.2185,0.1562,0.1728
1202,3/17/2021 12:53,0.1148,0.1923,0.2185,0.1558,0.1732
1203,3/17/2021 13:53,0.1153,0.1926,0.2185,0.1551,0.1738
1204,3/17/2021 14:53,0.1164,0.1932,0.2195,0.1558,0.1742
1205,3/17/2021 15:53,0.1169,0.1932,0.2195,0.1551,0.1752
1206,3/17/2021 16:53,0.1169,0.1932,0.2198,0.1547,0.1756
1207,3/17/2021 17:53,0.1174,0.1932,0.2198,0.1538,0.1756
1208,3/17/2021 18:53,0.1174,0.1932,0.2203,0.1527,0.1756
1209,3/17/2021 19:53,0.1169,0.1932,0.2198,0.1523,0.1756
1210,3/17/2021 20:53,0.1169,0.1926,0.2198,0.1514,0.1756
1211,3/17/2021 21:53,0.1169,0.1926,0.2198,0.1508,0.1752
1212,3/17/2021 22:53,0.1164,0.1923,0.2198,0.1503,0.1746
1213,3/17/2021 23:53,0.1164,0.1923,0.2198,0.1499,0.1742
1214,3/18/2021 0:53,0.1159,0.1917,0.2195,0.1503,0.1738
1215,3/18/2021 1:53,0.1159,0.1917,0.2195,0.1503,0.1738
1216,3/18/2021 2:53,0.1153,0.1913,0.219,0.1503,0.1732
1217,3/18/2021 3:53,0.1153,0.1913,0.219,0.1503,0.1728
1218,3/18/2021 4:53,0.1148,0.1908,0.219,0.1508,0.1728
1219,3/18/2021 5:53,0.1148,0.1908,0.2185,0.1508,0.1728
1220,3/18/2021 6:53,0.1143,0.1908,0.219,0.1514,0.1724
1221,3/18/2021 7:53,0.1148,0.1908,0.219,0.1514,0.1724
1222,3/18/2021 8:53,0.1153,0.1917,0.219,0.1527,0.1728
1223,3/18/2021 9:53,0.1153,0.1923,0.219,0.1532,0.1728
1224,3/18/2021 10:53,0.1153,0.1926,0.219,0.1532,0.1728
1225,3/18/2021 11:53,0.1159,0.1932,0.219,0.1532,0.1732
1226,3/18/2021 12:53,0.1169,0.1935,0.2195,0.1547,0.1742
1227,3/18/2021 13:53,0.1174,0.1939,0.2195,0.1551,0.1746
1228,3/18/2021 14:53,0.1179,0.1939,0.2198,0.1558,0.1752
1229,3/18/2021 15:53,0.1184,0.1939,0.2203,0.1558,0.1756
1230,3/18/2021 16:53,0.1184,0.1939,0.2203,0.1551,0.1762
1231,3/18/2021 17:53,0.1189,0.1939,0.2203,0.1542,0.1762
1232,3/18/2021 18:53,0.1184,0.1935,0.2208,0.1532,0.1762
1233,3/18/2021 19:53,0.1184,0.1932,0.2203,0.1523,0.1756
1234,3/18/2021 20:53,0.1184,0.1932,0.2203,0.1514,0.1752
1235,3/18/2021 21:53,0.1179,0.1926,0.2203,0.1508,0.1746
1236,3/18/2021 22:53,0.1179,0.1926,0.2203,0.1503,0.1746
1237,3/18/2021 23:53,0.1174,0.1923,0.2198,0.1499,0.1742
1238,3/19/2021 0:53,0.1169,0.1917,0.2198,0.1499,0.1738
1239,3/19/2021 1:53,0.1164,0.1917,0.2195,0.1503,0.1732
1240,3/19/2021 2:53,0.1164,0.1913,0.2195,0.1503,0.1728
1241,3/19/2021 3:53,0.1159,0.1913,0.219,0.1503,0.1724
1242,3/19/2021 4:53,0.1153,0.1908,0.219,0.1508,0.1718
1243,3/19/2021 5:53,0.1153,0.1908,0.219,0.1514,0.1718
1244,3/19/2021 6:53,0.1153,0.1908,0.219,0.1519,0.1718
1245,3/19/2021 7:53,0.1153,0.1908,0.219,0.1527,0.1718
1246,3/19/2021 8:53,0.1159,0.1917,0.219,0.1532,0.1718
1247,3/19/2021 9:53,0.1159,0.1917,0.2185,0.1538,0.1718
1248,3/19/2021 10:53,0.1159,0.1923,0.2185,0.1532,0.1718
1249,3/19/2021 11:53,0.1164,0.1926,0.219,0.1532,0.1718
1250,3/19/2021 12:53,0.1169,0.1932,0.2195,0.1542,0.1724
1251,3/19/2021 13:53,0.1179,0.1932,0.2195,0.1547,0.1732
1252,3/19/2021 14:53,0.1184,0.1935,0.2198,0.1551,0.1742
1253,3/19/2021 15:53,0.1189,0.1935,0.2198,0.1551,0.1742
1254,3/19/2021 16:53,0.1189,0.1935,0.2203,0.1547,0.1746
1255,3/19/2021 17:53,0.1194,0.1935,0.2203,0.1538,0.1752
1256,3/19/2021 18:53,0.1194,0.1932,0.2203,0.1527,0.1752
1257,3/19/2021 19:53,0.1189,0.1932,0.2203,0.1523,0.1746
1258,3/19/2021 20:53,0.1189,0.1932,0.2203,0.1514,0.1742
1259,3/19/2021 21:53,0.1184,0.1926,0.2203,0.1508,0.1742
1260,3/19/2021 22:53,0.1184,0.1926,0.2203,0.1508,0.1742
1261,3/19/2021 23:53,0.1184,0.1926,0.2198,0.1503,0.1738
1262,3/20/2021 0:53,0.1179,0.1923,0.2198,0.1503,0.1732
1263,3/20/2021 1:53,0.1179,0.1923,0.2198,0.1499,0.1732
1264,3/20/2021 2:53,0.1174,0.1923,0.2195,0.1499,0.1728
1265,3/20/2021 3:53,0.1174,0.1923,0.219,0.1499,0.1728
1266,3/20/2021 4:53,0.1174,0.1917,0.219,0.1499,0.1724
1267,3/20/2021 5:53,0.1169,0.1917,0.219,0.1499,0.1724
1268,3/20/2021 6:53,0.1169,0.1917,0.219,0.1495,0.1724
1269,3/20/2021 7:53,0.1169,0.1917,0.219,0.1499,0.1724
1270,3/20/2021 8:53,0.1169,0.1923,0.2195,0.1503,0.1724
1271,3/20/2021 9:53,0.1174,0.1926,0.2195,0.1508,0.1724
1272,3/20/2021 10:53,0.1179,0.1926,0.2198,0.1519,0.1728
1273,3/20/2021 11:53,0.1179,0.1935,0.2198,0.1527,0.1728
1274,3/20/2021 12:53,0.1184,0.1935,0.2198,0.1538,0.1732
1275,3/20/2021 13:53,0.1194,0.1939,0.2198,0.1542,0.1738
1276,3/20/2021 14:53,0.1199,0.1939,0.2203,0.1547,0.1738
1277,3/20/2021 15:53,0.1199,0.1939,0.2203,0.1542,0.1742
1278,3/20/2021 16:53,0.1199,0.1935,0.2203,0.1532,0.1742
1279,3/20/2021 17:53,0.1199,0.1932,0.2203,0.1523,0.1746
1280,3/20/2021 18:53,0.1199,0.1932,0.2208,0.1514,0.1746
1281,3/20/2021 19:53,0.1199,0.1926,0.2208,0.1508,0.1742
1282,3/20/2021 20:53,0.1194,0.1923,0.2203,0.1499,0.1738
1283,3/20/2021 21:53,0.1194,0.1917,0.2203,0.149,0.1732
1284,3/20/2021 22:53,0.1189,0.1913,0.2198,0.149,0.1728
1285,3/20/2021 23:53,0.1184,0.1908,0.2198,0.149,0.1724
1286,3/21/2021 0:53,0.1179,0.1908,0.2195,0.149,0.1718
1287,3/21/2021 1:53,0.1179,0.1904,0.2195,0.149,0.1714
1288,3/21/2021 2:53,0.1174,0.1904,0.2195,0.149,0.1709
1289,3/21/2021 3:53,0.1169,0.1898,0.219,0.1495,0.1709
1290,3/21/2021 4:53,0.1164,0.1895,0.219,0.1495,0.1703
1291,3/21/2021 5:53,0.1164,0.1895,0.2185,0.1499,0.1699
1292,3/21/2021 6:53,0.1164,0.1895,0.2185,0.1503,0.1699
1293,3/21/2021 7:53,0.1164,0.1895,0.2185,0.1514,0.1699
1294,3/21/2021 8:53,0.1164,0.1898,0.2182,0.1519,0.1699
1295,3/21/2021 9:53,0.1164,0.1904,0.2182,0.1519,0.1699
1296,3/21/2021 10:53,0.1169,0.1904,0.2182,0.1519,0.1699
1297,3/21/2021 11:53,0.1169,0.1913,0.2185,0.1514,0.1703
1298,3/21/2021 12:53,0.1179,0.1917,0.2185,0.1519,0.1709
1299,3/21/2021 13:53,0.1184,0.1923,0.2185,0.1523,0.1714
1300,3/21/2021 14:53,0.1189,0.1923,0.219,0.1527,0.1718
1301,3/21/2021 15:53,0.1194,0.1923,0.219,0.1523,0.1724
1302,3/21/2021 16:53,0.1194,0.1917,0.2195,0.1514,0.1724
1303,3/21/2021 17:53,0.1194,0.1917,0.2195,0.1508,0.1724
1304,3/21/2021 18:53,0.1199,0.1913,0.2195,0.1499,0.1728
1305,3/21/2021 19:53,0.1194,0.1913,0.2195,0.149,0.1718
1306,3/21/2021 20:53,0.1189,0.1908,0.2195,0.1479,0.1714
1307,3/21/2021 21:53,0.1189,0.1904,0.2195,0.1475,0.1709
1308,3/21/2021 22:53,0.1184,0.1904,0.219,0.1475,0.1709
1309,3/21/2021 23:53,0.1179,0.1898,0.219,0.147,0.1703
1310,3/22/2021 0:53,0.1179,0.1895,0.219,0.147,0.1699
1311,3/22/2021 1:53,0.1174,0.1895,0.2185,0.147,0.1699
1312,3/22/2021 2:53,0.1169,0.1891,0.2185,0.147,0.1695
1313,3/22/2021 3:53,0.1169,0.1885,0.2182,0.147,0.1689
1314,3/22/2021 4:53,0.1164,0.1885,0.2182,0.147,0.1689
1315,3/22/2021 5:53,0.1164,0.1885,0.2182,0.1475,0.1689
1316,3/22/2021 6:53,0.1164,0.1885,0.2182,0.1479,0.1685
1317,3/22/2021 7:53,0.1164,0.1891,0.2177,0.1484,0.1685
1318,3/22/2021 8:53,0.1164,0.1891,0.2177,0.149,0.1685
1319,3/22/2021 9:53,0.1169,0.1898,0.2177,0.1495,0.1689
1320,3/22/2021 10:53,0.1169,0.1898,0.2177,0.1495,0.1689
1321,3/22/2021 11:53,0.1169,0.1898,0.2177,0.1495,0.1689
1322,3/22/2021 12:53,0.1179,0.1908,0.2177,0.1508,0.1699
1323,3/22/2021 13:53,0.1184,0.1913,0.2182,0.1514,0.1703
1324,3/22/2021 14:53,0.1189,0.1913,0.2182,0.1514,0.1709
1325,3/22/2021 15:53,0.1194,0.1908,0.2185,0.1508,0.1714
1326,3/22/2021 16:53,0.1194,0.1908,0.2185,0.1503,0.1714
1327,3/22/2021 17:53,0.1194,0.1908,0.2185,0.1495,0.1714
1328,3/22/2021 18:53,0.1194,0.1904,0.219,0.149,0.1714
1329,3/22/2021 19:53,0.1189,0.1904,0.219,0.1479,0.1714
1330,3/22/2021 20:53,0.1189,0.1898,0.2185,0.147,0.1709
1331,3/22/2021 21:53,0.1184,0.1895,0.2185,0.1466,0.1703
1332,3/22/2021 22:53,0.1184,0.1891,0.2185,0.1459,0.1699
1333,3/22/2021 23:53,0.1179,0.1891,0.2182,0.1455,0.1699
1334,3/23/2021 0:53,0.1179,0.1885,0.2182,0.1455,0.1695
1335,3/23/2021 1:53,0.1174,0.1881,0.2177,0.1455,0.1689
1336,3/23/2021 2:53,0.1169,0.1881,0.2177,0.1459,0.1685
1337,3/23/2021 3:53,0.1169,0.1876,0.2177,0.1459,0.1681
1338,3/23/2021 4:53,0.1164,0.1876,0.2174,0.1466,0.1681
1339,3/23/2021 5:53,0.1159,0.1872,0.2174,0.1466,0.1677
1340,3/23/2021 6:53,0.1159,0.1872,0.2169,0.147,0.1677
1341,3/23/2021 7:53,0.1164,0.1876,0.2174,0.1479,0.1681
1342,3/23/2021 8:53,0.1164,0.1876,0.2169,0.1484,0.1677
1343,3/23/2021 9:53,0.1164,0.1881,0.2169,0.149,0.1677
1344,3/23/2021 10:53,0.1164,0.1885,0.2169,0.149,0.1681
1345,3/23/2021 11:53,0.1169,0.1895,0.2169,0.1484,0.1685
1346,3/23/2021 12:53,0.1174,0.1895,0.2174,0.1484,0.1685
1347,3/23/2021 13:53,0.1179,0.1898,0.2174,0.149,0.1689
1348,3/23/2021 14:53,0.1184,0.1898,0.2177,0.149,0.1695
1349,3/23/2021 15:53,0.1189,0.1898,0.2177,0.1484,0.1699
1350,3/23/2021 16:53,0.1189,0.1895,0.2177,0.1475,0.1699
1351,3/23/2021 17:53,0.1189,0.1895,0.2177,0.147,0.1699
1352,3/23/2021 18:53,0.1189,0.1891,0.2182,0.1466,0.1699
1353,3/23/2021 19:53,0.1184,0.1891,0.2177,0.1459,0.1695
1354,3/23/2021 20:53,0.1184,0.1885,0.2177,0.145,0.1695
1355,3/23/2021 21:53,0.1179,0.1885,0.2177,0.145,0.1689
1356,3/23/2021 22:53,0.1179,0.1881,0.2174,0.1446,0.1685
1357,3/23/2021 23:53,0.1174,0.1876,0.2174,0.1441,0.1685
1358,3/24/2021 0:53,0.1169,0.1872,0.2174,0.1441,0.1681
1359,3/24/2021 1:53,0.1169,0.1872,0.2169,0.1441,0.1677
1360,3/24/2021 2:53,0.1164,0.1866,0.2169,0.1441,0.1677
1361,3/24/2021 3:53,0.1159,0.1862,0.2164,0.1441,0.1671
1362,3/24/2021 4:53,0.1159,0.1862,0.2164,0.1446,0.1667
1363,3/24/2021 5:53,0.1153,0.1859,0.2164,0.145,0.1663
1364,3/24/2021 6:53,0.1153,0.1862,0.2161,0.1455,0.1663
1365,3/24/2021 7:53,0.1159,0.1862,0.2164,0.1466,0.1667
1366,3/24/2021 8:53,0.1159,0.1866,0.2161,0.1475,0.1667
1367,3/24/2021 9:53,0.1159,0.1872,0.2161,0.1475,0.1667
1368,3/24/2021 10:53,0.1159,0.1876,0.2164,0.1475,0.1667
1369,3/24/2021 11:53,0.1164,0.1881,0.2164,0.1475,0.1671
1370,3/24/2021 12:53,0.1174,0.1885,0.2164,0.1484,0.1677
1371,3/24/2021 13:53,0.1179,0.1891,0.2164,0.149,0.1685
1372,3/24/2021 14:53,0.1189,0.1891,0.2169,0.1495,0.1685
1373,3/24/2021 15:53,0.1189,0.1891,0.2174,0.149,0.1689
1374,3/24/2021 16:53,0.1194,0.1891,0.2174,0.1484,0.1695
1375,3/24/2021 17:53,0.1194,0.1885,0.2174,0.1475,0.1695
1376,3/24/2021 18:53,0.1194,0.1885,0.2177,0.1466,0.1695
1377,3/24/2021 19:53,0.1194,0.1881,0.2177,0.1455,0.1695
1378,3/24/2021 20:53,0.1189,0.1876,0.2174,0.145,0.1689
1379,3/24/2021 21:53,0.1189,0.1876,0.2174,0.1441,0.1685
1380,3/24/2021 22:53,0.1184,0.1872,0.2174,0.1434,0.1681
1381,3/24/2021 23:53,0.1179,0.1872,0.2169,0.143,0.1677
1382,3/25/2021 0:53,0.1179,0.1862,0.2169,0.143,0.1677
1383,3/25/2021 1:53,0.1174,0.1859,0.2164,0.143,0.1667
1384,3/25/2021 2:53,0.1169,0.1859,0.2164,0.143,0.1667
1385,3/25/2021 3:53,0.1164,0.1853,0.2161,0.1434,0.1663
1386,3/25/2021 4:53,0.1159,0.1849,0.2161,0.1434,0.1656
1387,3/25/2021 5:53,0.1159,0.1849,0.2161,0.1434,0.1652
1388,3/25/2021 6:53,0.1159,0.1849,0.2156,0.1446,0.1652
1389,3/25/2021 7:53,0.1159,0.1853,0.2156,0.145,0.1652
1390,3/25/2021 8:53,0.1153,0.1849,0.2156,0.1455,0.1652
1391,3/25/2021 9:53,0.1153,0.1853,0.2153,0.1459,0.1652
1392,3/25/2021 10:53,0.1153,0.1853,0.2153,0.1459,0.1652
1393,3/25/2021 11:53,0.1159,0.1859,0.2153,0.1459,0.1656
1394,3/25/2021 12:53,0.1159,0.1853,0.2153,0.145,0.1652
1395,3/25/2021 13:53,0.1164,0.1862,0.2156,0.145,0.1656
1396,3/25/2021 14:53,0.1164,0.1859,0.2156,0.1446,0.1663
1397,3/25/2021 15:53,0.1169,0.1859,0.2156,0.1441,0.1663
1398,3/25/2021 16:53,0.1169,0.1859,0.2161,0.1441,0.1667
1399,3/25/2021 17:53,0.1169,0.1859,0.2161,0.1434,0.1663
1400,3/25/2021 18:53,0.1164,0.1859,0.2161,0.143,0.1663
1401,3/25/2021 19:53,0.1164,0.1859,0.2161,0.1425,0.1663
1402,3/25/2021 20:53,0.1164,0.1853,0.2156,0.1425,0.1663
1403,3/25/2021 21:53,0.1159,0.1853,0.2156,0.1421,0.1663
1404,3/25/2021 22:53,0.1159,0.1849,0.2156,0.1416,0.1656
1405,3/25/2021 23:53,0.1153,0.1849,0.2156,0.1412,0.1652
1406,3/26/2021 0:53,0.1153,0.1843,0.2153,0.1412,0.1652
1407,3/26/2021 1:53,0.1148,0.1843,0.2153,0.1412,0.1652
1408,3/26/2021 2:53,0.1148,0.1843,0.2153,0.1412,0.1648
1409,3/26/2021 3:53,0.1148,0.184,0.2148,0.1412,0.1642
1410,3/26/2021 4:53,0.1143,0.184,0.2148,0.1416,0.1642
1411,3/26/2021 5:53,0.1143,0.184,0.2148,0.1416,0.1642
1412,3/26/2021 6:53,0.1143,0.184,0.2143,0.1421,0.1642
1413,3/26/2021 7:53,0.1143,0.1843,0.2148,0.143,0.1642
1414,3/26/2021 8:53,0.1143,0.1843,0.2148,0.143,0.1642
1415,3/26/2021 9:53,0.1148,0.1853,0.2148,0.1441,0.1648
1416,3/26/2021 10:53,0.1148,0.1853,0.2148,0.1441,0.1648
1417,3/26/2021 11:53,0.1148,0.1859,0.2153,0.1441,0.1652
1418,3/26/2021 12:53,0.1159,0.1862,0.2153,0.1446,0.1656
1419,3/26/2021 13:53,0.1164,0.1866,0.2153,0.145,0.1663
1420,3/26/2021 14:53,0.1169,0.1866,0.2156,0.1455,0.1667
1421,3/26/2021 15:53,0.1169,0.1866,0.2156,0.1455,0.1667
1422,3/26/2021 16:53,0.1174,0.1866,0.2156,0.145,0.1671
1423,3/26/2021 17:53,0.1174,0.1866,0.2156,0.1446,0.1671
1424,3/26/2021 18:53,0.1174,0.1862,0.2161,0.1441,0.1671
1425,3/26/2021 19:53,0.1174,0.1862,0.2161,0.1434,0.1671
1426,3/26/2021 20:53,0.1174,0.1859,0.2161,0.1425,0.1671
1427,3/26/2021 21:53,0.1169,0.1859,0.2161,0.1421,0.1667
1428,3/26/2021 22:53,0.1164,0.1853,0.2156,0.1416,0.1663
1429,3/26/2021 23:53,0.1164,0.1849,0.2156,0.1412,0.1663
1430,3/27/2021 0:53,0.1159,0.1849,0.2153,0.1412,0.1656
1431,3/27/2021 1:53,0.1159,0.1843,0.2153,0.1412,0.1652
1432,3/27/2021 2:53,0.1153,0.184,0.2153,0.1405,0.1648
1433,3/27/2021 3:53,0.1148,0.184,0.2148,0.1412,0.1648
1434,3/27/2021 4:53,0.1148,0.1836,0.2148,0.1412,0.1642
1435,3/27/2021 5:53,0.1143,0.1836,0.2148,0.1412,0.1642
1436,3/27/2021 6:53,0.1143,0.1836,0.2148,0.1416,0.1638
1437,3/27/2021 7:53,0.1143,0.184,0.2148,0.143,0.1642
1438,3/27/2021 8:53,0.1148,0.1843,0.2148,0.1434,0.1642
1439,3/27/2021 9:53,0.1148,0.1849,0.2148,0.1441,0.1648
1440,3/27/2021 10:53,0.1153,0.1853,0.2148,0.1441,0.1648
1441,3/27/2021 11:53,0.1159,0.1862,0.2153,0.1446,0.1656
1442,3/27/2021 12:53,0.1169,0.1866,0.2153,0.1459,0.1663
1443,3/27/2021 13:53,0.1174,0.1872,0.2156,0.147,0.1671
1444,3/27/2021 14:53,0.1179,0.1872,0.2156,0.1475,0.1677
1445,3/27/2021 15:53,0.1184,0.1872,0.2161,0.1484,0.1681
1446,3/27/2021 16:53,0.1189,0.1872,0.2161,0.1479,0.1685
1447,3/27/2021 17:53,0.1194,0.1872,0.2164,0.147,0.1689
1448,3/27/2021 18:53,0.1189,0.1866,0.2164,0.1459,0.1689
1449,3/27/2021 19:53,0.1189,0.1866,0.2164,0.1455,0.1685
1450,3/27/2021 20:53,0.1189,0.1862,0.2164,0.143,0.1681
1451,3/27/2021 21:53,0.1184,0.1859,0.2164,0.1425,0.1677
1452,3/27/2021 22:53,0.1184,0.1859,0.2161,0.1421,0.1671
1453,3/27/2021 23:53,0.1179,0.1853,0.2161,0.1412,0.1671
1454,3/28/2021 0:53,0.1174,0.1849,0.2161,0.1405,0.1667
1455,3/28/2021 1:53,0.1174,0.1843,0.2156,0.1405,0.1663
1456,3/28/2021 2:53,0.1169,0.184,0.2156,0.14,0.1663
1457,3/28/2021 3:53,0.1164,0.184,0.2156,0.14,0.1656
1458,3/28/2021 4:53,0.1164,0.1836,0.2153,0.1396,0.1652
1459,3/28/2021 5:53,0.1159,0.1836,0.2153,0.14,0.1652
1460,3/28/2021 6:53,0.1159,0.1836,0.2153,0.1405,0.1652
1461,3/28/2021 7:53,0.1164,0.184,0.2153,0.1412,0.1652
1462,3/28/2021 8:53,0.1164,0.1843,0.2153,0.1421,0.1652
1463,3/28/2021 9:53,0.1164,0.1849,0.2153,0.1421,0.1652
1464,3/28/2021 10:53,0.1169,0.1853,0.2153,0.143,0.1656
1465,3/28/2021 11:53,0.1174,0.1862,0.2153,0.1446,0.1663
1466,3/28/2021 12:53,0.1184,0.1866,0.2156,0.1459,0.1671
1467,3/28/2021 13:53,0.1189,0.1872,0.2156,0.147,0.1681
1468,3/28/2021 14:53,0.1194,0.1872,0.2161,0.1475,0.1689
1469,3/28/2021 15:53,0.1199,0.1872,0.2161,0.1475,0.1695
1470,3/28/2021 16:53,0.1204,0.1872,0.2161,0.1479,0.1699
1471,3/28/2021 17:53,0.1209,0.1866,0.2164,0.147,0.1699
1472,3/28/2021 18:53,0.1209,0.1866,0.2164,0.1459,0.1699
1473,3/28/2021 19:53,0.1204,0.1862,0.2164,0.145,0.1695
1474,3/28/2021 20:53,0.1204,0.1859,0.2164,0.1434,0.1689
1475,3/28/2021 21:53,0.1199,0.1853,0.2164,0.1416,0.1685
1476,3/28/2021 22:53,0.1194,0.1849,0.2164,0.1412,0.1681
1477,3/28/2021 23:53,0.1189,0.1843,0.2161,0.1405,0.1681
1478,3/29/2021 0:53,0.1189,0.184,0.2161,0.14,0.1677
1479,3/29/2021 1:53,0.1184,0.1836,0.2156,0.1396,0.1667
1480,3/29/2021 2:53,0.1179,0.1836,0.2156,0.1391,0.1667
1481,3/29/2021 3:53,0.1174,0.183,0.2153,0.1391,0.1663
1482,3/29/2021 4:53,0.1174,0.1826,0.2153,0.1387,0.1656
1483,3/29/2021 5:53,0.1169,0.1826,0.2153,0.1387,0.1652
1484,3/29/2021 6:53,0.1169,0.183,0.2148,0.1391,0.1652
1485,3/29/2021 7:53,0.1169,0.1836,0.2148,0.14,0.1656
1486,3/29/2021 8:53,0.1169,0.1836,0.2148,0.1405,0.1656
1487,3/29/2021 9:53,0.1169,0.184,0.2148,0.1412,0.1656
1488,3/29/2021 10:53,0.1174,0.1843,0.2148,0.1421,0.1663
1489,3/29/2021 11:53,0.1179,0.1849,0.2148,0.1434,0.1667
1490,3/29/2021 12:53,0.1184,0.1853,0.2153,0.1446,0.1671
1491,3/29/2021 13:53,0.1194,0.1859,0.2153,0.1455,0.1677
1492,3/29/2021 14:53,0.1199,0.1859,0.2156,0.1459,0.1685
1493,3/29/2021 15:53,0.1204,0.1859,0.2156,0.1455,0.1689
1494,3/29/2021 16:53,0.1209,0.1859,0.2161,0.145,0.1695
1495,3/29/2021 17:53,0.1209,0.1853,0.2161,0.1441,0.1695
1496,3/29/2021 18:53,0.1209,0.1849,0.2161,0.143,0.1695
1497,3/29/2021 19:53,0.1204,0.1849,0.2161,0.1416,0.1689
1498,3/29/2021 20:53,0.1204,0.1843,0.2161,0.1412,0.1685
1499,3/29/2021 21:53,0.1199,0.184,0.2161,0.14,0.1681
1500,3/29/2021 22:53,0.1194,0.1836,0.2156,0.1396,0.1681
1501,3/29/2021 23:53,0.1189,0.183,0.2156,0.1387,0.1677
1502,3/30/2021 0:53,0.1189,0.1826,0.2156,0.1382,0.1671
1503,3/30/2021 1:53,0.1184,0.1826,0.2153,0.1382,0.1667
1504,3/30/2021 2:53,0.1179,0.182,0.2153,0.1375,0.1663
1505,3/30/2021 3:53,0.1179,0.182,0.2148,0.1375,0.1663
1506,3/30/2021 4:53,0.1174,0.1816,0.2143,0.137,0.1656
1507,3/30/2021 5:53,0.1169,0.1813,0.2143,0.137,0.1656
1508,3/30/2021 6:53,0.1169,0.1816,0.2143,0.1375,0.1656
1509,3/30/2021 7:53,0.1174,0.182,0.2143,0.1382,0.1656
1510,3/30/2021 8:53,0.1174,0.1826,0.2143,0.1382,0.1656
1511,3/30/2021 9:53,0.1174,0.1826,0.2139,0.1391,0.1656
1512,3/30/2021 10:53,0.1179,0.183,0.2139,0.14,0.1656
1513,3/30/2021 11:53,0.1179,0.184,0.2143,0.1412,0.1663
1514,3/30/2021 12:53,0.1184,0.184,0.2143,0.1421,0.1667
1515,3/30/2021 13:53,0.1194,0.1849,0.2143,0.1425,0.1671
1516,3/30/2021 14:53,0.1199,0.1843,0.2148,0.1425,0.1677
1517,3/30/2021 15:53,0.1204,0.1843,0.2148,0.1421,0.1681
1518,3/30/2021 16:53,0.1204,0.184,0.2153,0.1416,0.1685
1519,3/30/2021 17:53,0.1204,0.184,0.2153,0.1405,0.1685
1520,3/30/2021 18:53,0.1204,0.1836,0.2153,0.14,0.1681
1521,3/30/2021 19:53,0.1204,0.1836,0.2153,0.1396,0.1685
1522,3/30/2021 20:53,0.1199,0.183,0.2153,0.1382,0.1681
1523,3/30/2021 21:53,0.1194,0.182,0.2153,0.1375,0.1677
1524,3/30/2021 22:53,0.1189,0.182,0.2148,0.137,0.1677
1525,3/30/2021 23:53,0.1189,0.1816,0.2148,0.1366,0.1671
1526,3/31/2021 0:53,0.1184,0.1813,0.2148,0.1361,0.1667
1527,3/31/2021 1:53,0.1179,0.1807,0.2143,0.1357,0.1663
1528,3/31/2021 2:53,0.1174,0.1807,0.2143,0.1357,0.1656
1529,3/31/2021 3:53,0.1169,0.1803,0.2139,0.1352,0.1656
1530,3/31/2021 4:53,0.1169,0.1797,0.2139,0.1352,0.1652
1531,3/31/2021 5:53,0.1164,0.1797,0.2134,0.1352,0.1648
1532,3/31/2021 6:53,0.1164,0.1797,0.2134,0.1357,0.1648
1533,3/31/2021 7:53,0.1169,0.1803,0.2131,0.1361,0.1648
1534,3/31/2021 8:53,0.1164,0.1803,0.2131,0.1366,0.1648
1535,3/31/2021 9:53,0.1164,0.1807,0.2131,0.1366,0.1648
1536,3/31/2021 10:53,0.1164,0.1813,0.2131,0.1375,0.1648
1537,3/31/2021 11:53,0.1169,0.1816,0.2131,0.1382,0.1652
1538,3/31/2021 12:53,0.1174,0.1826,0.2134,0.1391,0.1663
1539,3/31/2021 13:53,0.1184,0.1826,0.2134,0.1396,0.1663
1540,3/31/2021 14:53,0.1189,0.183,0.2134,0.14,0.1667
1541,3/31/2021 15:53,0.1194,0.1826,0.2139,0.14,0.1671
1542,3/31/2021 16:53,0.1194,0.1826,0.2139,0.1396,0.1671
1543,3/31/2021 17:53,0.1194,0.1826,0.2143,0.1387,0.1677
1544,3/31/2021 18:53,0.1194,0.182,0.2143,0.1382,0.1677
1545,3/31/2021 19:53,0.1194,0.1816,0.2143,0.137,0.1671
1546,3/31/2021 20:53,0.1189,0.1813,0.2143,0.1361,0.1671
1547,3/31/2021 21:53,0.1189,0.1807,0.2139,0.1357,0.1667
1548,3/31/2021 22:53,0.1184,0.1803,0.2139,0.1352,0.1663
1549,3/31/2021 23:53,0.1179,0.1803,0.2139,0.1347,0.1656
1550,4/1/2021 0:53,0.1179,0.1797,0.2134,0.1342,0.1652
1551,4/1/2021 1:53,0.1174,0.1793,0.2134,0.1335,0.1648
1552,4/1/2021 2:53,0.1169,0.1793,0.2134,0.1335,0.1648
1553,4/1/2021 3:53,0.1169,0.1789,0.2131,0.1331,0.1642
1554,4/1/2021 4:53,0.1164,0.1783,0.2131,0.1331,0.1638
1555,4/1/2021 5:53,0.1159,0.1783,0.2126,0.1331,0.1634
1556,4/1/2021 6:53,0.1159,0.1789,0.2126,0.1331,0.1638
1557,4/1/2021 7:53,0.1159,0.1793,0.2126,0.1342,0.1638
1558,4/1/2021 8:53,0.1164,0.1793,0.2122,0.1347,0.1638
1559,4/1/2021 9:53,0.1164,0.1803,0.2122,0.1357,0.1638
1560,4/1/2021 10:53,0.1169,0.1803,0.2122,0.1366,0.1642
1561,4/1/2021 11:53,0.1174,0.1813,0.2126,0.1382,0.1648
1562,4/1/2021 12:53,0.1179,0.1816,0.2126,0.1391,0.1652
1563,4/1/2021 13:53,0.1189,0.1826,0.2131,0.14,0.1663
1564,4/1/2021 14:53,0.1194,0.1826,0.2134,0.14,0.1667
1565,4/1/2021 15:53,0.1199,0.182,0.2134,0.14,0.1671
1566,4/1/2021 16:53,0.1204,0.182,0.2134,0.1396,0.1681
1567,4/1/2021 17:53,0.1204,0.1816,0.2139,0.1387,0.1681
1568,4/1/2021 18:53,0.1204,0.1813,0.2139,0.1375,0.1681
1569,4/1/2021 19:53,0.1199,0.1807,0.2139,0.1366,0.1677
1570,4/1/2021 20:53,0.1199,0.1803,0.2139,0.1357,0.1671
1571,4/1/2021 21:53,0.1194,0.1797,0.2139,0.1347,0.1667
1572,4/1/2021 22:53,0.1189,0.1793,0.2134,0.1335,0.1663
1573,4/1/2021 23:53,0.1184,0.1789,0.2134,0.1331,0.1656
1574,4/2/2021 0:53,0.1179,0.1783,0.2131,0.1326,0.1652
1575,4/2/2021 1:53,0.1174,0.1769,0.2109,0.1321,0.1642
1576,4/2/2021 2:53,0.1153,0.1728,0.2052,0.1312,0.1608
1577,4/2/2021 3:53,0.1064,0.1585,0.1891,0.1242,0.1475
1578,4/2/2021 4:53,0.0949,0.1455,0.1756,0.1133,0.1335
1579,4/2/2021 5:53,0.0857,0.1342,0.1638,0.102,0.1219
1580,4/2/2021 6:53,0.1159,0.1769,0.2117,0.1317,0.1634
1581,4/2/2021 7:53,0.1164,0.1775,0.2117,0.1326,0.1634
1582,4/2/2021 8:53,0.1159,0.1775,0.2117,0.1331,0.1634
1583,4/2/2021 9:53,0.1159,0.1779,0.2112,0.1335,0.1634
1584,4/2/2021 10:53,0.1164,0.1783,0.2112,0.1347,0.1638
1585,4/2/2021 11:53,0.1164,0.1789,0.2117,0.1357,0.1638
1586,4/2/2021 12:53,0.1174,0.1793,0.2117,0.1366,0.1642
1587,4/2/2021 13:53,0.1179,0.1797,0.2122,0.137,0.1652
1588,4/2/2021 14:53,0.1184,0.1797,0.2126,0.1375,0.1656
1589,4/2/2021 15:53,0.1189,0.1797,0.2131,0.137,0.1663
1590,4/2/2021 16:53,0.1189,0.1797,0.2131,0.1366,0.1667
1591,4/2/2021 17:53,0.1189,0.1797,0.2131,0.1361,0.1667
1592,4/2/2021 18:53,0.1189,0.1793,0.2131,0.1352,0.1667
1593,4/2/2021 19:53,0.1189,0.1789,0.2131,0.1342,0.1663
1594,4/2/2021 20:53,0.1025,0.1532,0.183,0.1184,0.1425
1595,4/2/2021 21:53,0.0768,0.1224,0.1508,0.0902,0.1112
1596,4/2/2021 22:53,0.0671,0.1122,0.1391,0.0803,0.1003
1597,4/2/2021 23:53,0.0574,0.1003,0.1266,0.0702,0.0887
1598,4/3/2021 0:53,0.0544,0.0961,0.1214,0.0671,0.0844
1599,4/3/2021 1:53,0.0528,0.0943,0.1184,0.066,0.0829
1600,4/3/2021 2:53,0.0521,0.0926,0.1159,0.0653,0.0822
1601,4/3/2021 3:53,0.0521,0.0887,0.0975,0.0621,0.0762
1602,4/3/2021 4:53,0.0274,0.049,0.0517,0.0122,0.0297
1603,4/3/2021 5:53,-0.0167,0.0097,0.019,-0.0297,-0.0047
1604,4/3/2021 6:53,0.0664,0.1096,0.1387,0.0752,0.0963
1605,4/3/2021 7:53,0.1153,0.1756,0.2109,0.1307,0.1623
1606,4/3/2021 8:53,0.1153,0.1765,0.2109,0.1312,0.1629
1607,4/3/2021 9:53,0.1159,0.1765,0.2109,0.1317,0.1629
1608,4/3/2021 10:53,0.1174,0.1769,0.2109,0.1326,0.1634
1609,4/3/2021 11:53,0.1174,0.1775,0.2112,0.1335,0.1634
1610,4/3/2021 12:53,0.1184,0.1783,0.2112,0.1347,0.1638
1611,4/3/2021 13:53,0.1189,0.1783,0.2117,0.1357,0.1648
1612,4/3/2021 14:53,0.1194,0.1783,0.2117,0.1357,0.1652
1613,4/3/2021 15:53,0.1199,0.1783,0.2122,0.1352,0.1656
1614,4/3/2021 16:53,0.1199,0.1783,0.2122,0.1347,0.1656
1615,4/3/2021 17:53,0.1199,0.1779,0.2122,0.1342,0.1656
1616,4/3/2021 18:53,0.1189,0.1742,0.2061,0.1321,0.1629
1617,4/3/2021 19:53,0.0745,0.1184,0.1459,0.0863,0.1069
1618,4/3/2021 20:53,0.057,0.0969,0.1209,0.0684,0.0863
1619,4/3/2021 21:53,0.057,0.0932,0.1075,0.0671,0.0822
1620,4/3/2021 22:53,0.0274,0.0494,0.0517,0.0127,0.0306
1621,4/3/2021 23:53,-0.015,0.0122,0.0224,-0.0259,-0.0008
1622,4/4/2021 0:53,-0.0609,-0.0297,-0.0191,-0.0717,-0.0436
1623,4/4/2021 1:53,-0.1198,-0.0847,-0.0847,-0.1337,-0.1012
1624,4/4/2021 2:53,-0.185,-0.1517,-0.1528,-0.2025,-0.1616
1625,4/4/2021 3:53,-0.2334,-0.1912,-0.1743,-0.2462,-0.209
1626,4/4/2021 4:53,-0.2292,-0.1887,-0.1719,-0.2433,-0.2051
1627,4/4/2021 5:53,-0.2306,-0.1924,-0.1731,-0.2491,-0.209
1628,4/4/2021 6:53,0.0664,0.1031,0.1281,0.0738,0.092
1629,4/4/2021 7:53,0.1164,0.1742,0.2095,0.1285,0.1619
1630,4/4/2021 8:53,0.1164,0.1752,0.21,0.129,0.1619
1631,4/4/2021 9:53,0.1164,0.1756,0.2104,0.1302,0.1623
1632,4/4/2021 10:53,0.1169,0.1762,0.21,0.1312,0.1623
1633,4/4/2021 11:53,0.1174,0.1765,0.2104,0.1326,0.1629
1634,4/4/2021 12:53,0.1179,0.1769,0.2109,0.1331,0.1634
1635,4/4/2021 13:53,0.1184,0.1775,0.2109,0.1342,0.1642
1636,4/4/2021 14:53,0.1189,0.1775,0.2112,0.1347,0.1648
1637,4/4/2021 15:53,0.1194,0.1775,0.2112,0.1342,0.1652
1638,4/4/2021 16:53,0.1199,0.1775,0.2117,0.1335,0.1656
1639,4/4/2021 17:53,0.1138,0.1638,0.1948,0.1266,0.1542
1640,4/4/2021 18:53,0.0632,0.1031,0.129,0.0732,0.0932
1641,4/4/2021 19:53,0.0607,0.0969,0.1153,0.0708,0.0875
1642,4/4/2021 20:53,-0.0097,0.0186,0.0274,-0.0228,0.0056
1643,4/4/2021 21:53,-0.0976,-0.0632,-0.0601,-0.1169,-0.0805
1644,4/4/2021 22:53,-0.2012,-0.1639,-0.1572,-0.2196,-0.1743
1645,4/4/2021 23:53,-0.281,-0.2183,-0.1863,-0.281,-0.2462
1646,4/5/2021 0:53,-0.3038,-0.2447,-0.221,-0.2955,-0.2655
1647,4/5/2021 1:53,-0.3208,-0.2842,-0.2779,-0.3174,-0.281
1648,4/5/2021 2:53,-0.3385,-0.3005,-0.3038,-0.3385,-0.2988
1649,4/5/2021 3:53,-0.3569,-0.2939,-0.2972,-0.3625,-0.3156
1650,4/5/2021 4:53,-0.3682,-0.2972,-0.3191,-0.374,-0.3278
1651,4/5/2021 5:53,-0.3682,-0.3071,-0.3243,-0.3838,-0.326
1652,4/5/2021 6:53,-0.2858,-0.2292,-0.1937,-0.2939,-0.2535
1653,4/5/2021 7:53,0.0732,0.1112,0.1342,0.0797,0.1003
1654,4/5/2021 8:53,0.0932,0.143,0.1732,0.1009,0.1326
1655,4/5/2021 9:53,0.1159,0.1738,0.2095,0.1281,0.1619
1656,4/5/2021 10:53,0.1164,0.1742,0.2095,0.129,0.1623
1657,4/5/2021 11:53,0.1169,0.1746,0.2095,0.1302,0.1629
1658,4/5/2021 12:53,0.1174,0.1752,0.21,0.1312,0.1634
1659,4/5/2021 13:53,0.1174,0.1742,0.2073,0.1302,0.1634
1660,4/5/2021 14:53,0.1133,0.1629,0.1939,0.1219,0.1538
1661,4/5/2021 15:53,0.0781,0.1204,0.1495,0.0863,0.1101
1662,4/5/2021 16:53,0.0653,0.1031,0.1266,0.0752,0.0937
1663,4/5/2021 17:53,-0.045,-0.012,-0.0019,-0.0601,-0.024
1664,4/5/2021 18:53,-0.2433,-0.1924,-0.1662,-0.2535,-0.2116
1665,4/5/2021 19:53,-0.3156,-0.2794,-0.2763,-0.3156,-0.2732
1666,4/5/2021 20:53,-0.3569,-0.2858,-0.3038,-0.3625,-0.3139
1667,4/5/2021 21:53,-0.3702,-0.3105,-0.3226,-0.3858,-0.3243
1668,4/5/2021 22:53,-0.3838,-0.3174,-0.3296,-0.3958,-0.3385
1669,4/5/2021 23:53,-0.3958,-0.3278,-0.3476,-0.4019,-0.3494
1670,4/6/2021 0:53,-0.408,-0.3494,-0.3721,-0.408,-0.3569
1671,4/6/2021 1:53,-0.4122,-0.3569,-0.3799,-0.4122,-0.3606
1672,4/6/2021 2:53,-0.3938,-0.3296,-0.3458,-0.4019,-0.3513
1673,4/6/2021 3:53,-0.3799,-0.3208,-0.3278,-0.3938,-0.3385
1674,4/6/2021 4:53,-0.3682,-0.3139,-0.3226,-0.3838,-0.3278
1675,4/6/2021 5:53,-0.3644,-0.3055,-0.3208,-0.3779,-0.3243
1676,4/6/2021 6:53,-0.2842,-0.2306,-0.1937,-0.2923,-0.252
1677,4/6/2021 7:53,-0.0749,-0.0409,-0.024,-0.1287,-0.0572
1678,4/6/2021 8:53,0.0768,0.1164,0.1412,0.0822,0.1064
1679,4/6/2021 9:53,0.0816,0.129,0.157,0.0881,0.1189
1680,4/6/2021 10:53,0.0896,0.1375,0.1671,0.0961,0.1297
1681,4/6/2021 11:53,0.0869,0.1335,0.1634,0.0932,0.1251
1682,4/6/2021 12:53,0.0797,0.1251,0.1538,0.0863,0.1164
1683,4/6/2021 13:53,0.0787,0.1214,0.1475,0.0844,0.1117
1684,4/6/2021 14:53,0.0745,0.1128,0.1396,0.081,0.1036
1685,4/6/2021 15:53,0.0715,0.1069,0.1312,0.0794,0.0986
1686,4/6/2021 16:53,-0.0362,-0.0063,0.0056,-0.0528,-0.0167
1687,4/6/2021 17:53,-0.2763,-0.2103,-0.1802,-0.2747,-0.2362
1688,4/6/2021 18:53,-0.3494,-0.2794,-0.289,-0.355,-0.3038
1689,4/6/2021 19:53,-0.3878,-0.3174,-0.3331,-0.3938,-0.3403
1690,4/6/2021 20:53,-0.4101,-0.3494,-0.374,-0.406,-0.3513
1691,4/6/2021 21:53,-0.4356,-0.3858,-0.3958,-0.4313,-0.374
1692,4/6/2021 22:53,-0.4443,-0.3998,-0.4019,-0.4399,-0.3858
1693,4/6/2021 23:53,-0.4577,-0.4143,-0.4019,-0.4532,-0.3998
1694,4/7/2021 0:53,-0.4645,-0.4248,-0.3998,-0.4622,-0.406
1695,4/7/2021 1:53,-0.4691,-0.4313,-0.3958,-0.4668,-0.4122
1696,4/7/2021 2:53,-0.4737,-0.4421,-0.3938,-0.4737,-0.4227
1697,4/7/2021 3:53,-0.4737,-0.4488,-0.3918,-0.4737,-0.4291
1698,4/7/2021 4:53,-0.4737,-0.4532,-0.3898,-0.4737,-0.4399
1699,4/7/2021 5:53,-0.4737,-0.4577,-0.3898,-0.4737,-0.4443
1700,4/7/2021 6:53,-0.3918,-0.3385,-0.3458,-0.408,-0.3458
1701,4/7/2021 7:53,-0.2716,-0.2051,-0.1685,-0.2794,-0.2334
1702,4/7/2021 8:53,0.0768,0.1091,0.1117,0.0454,0.0943
1703,4/7/2021 9:53,0.0803,0.1224,0.1484,0.085,0.1128
1704,4/7/2021 10:53,0.0803,0.1256,0.1527,0.0863,0.1164
1705,4/7/2021 11:53,0.0762,0.1164,0.1425,0.0822,0.1069
1706,4/7/2021 12:53,0.0768,0.1143,0.1375,0.0835,0.1053
1707,4/7/2021 13:53,0.0732,0.1122,0.1361,0.0816,0.1025
1708,4/7/2021 14:53,-0.0284,0.0013,0.0137,-0.0528,-0.0086
1709,4/7/2021 15:53,-0.0369,-0.015,0.0056,-0.0733,-0.0284
1710,4/7/2021 16:53,-0.1875,-0.1517,-0.1441,-0.2103,-0.1605
1711,4/7/2021 17:53,-0.3191,-0.281,-0.289,-0.3243,-0.2763
1712,4/7/2021 18:53,-0.3625,-0.3021,-0.3139,-0.374,-0.3156
1713,4/7/2021 19:53,-0.3918,-0.3243,-0.3458,-0.3958,-0.3439
1714,4/7/2021 20:53,-0.4122,-0.3569,-0.376,-0.4101,-0.3569
1715,4/7/2021 21:53,-0.4356,-0.3858,-0.3938,-0.4291,-0.374
1716,4/7/2021 22:53,-0.4465,-0.4019,-0.4019,-0.4421,-0.3858
1717,4/7/2021 23:53,-0.46,-0.4206,-0.3978,-0.4577,-0.4019
1718,4/8/2021 0:53,-0.4645,-0.4248,-0.3958,-0.4622,-0.408
1719,4/8/2021 1:53,-0.4668,-0.4291,-0.3958,-0.4645,-0.4101
1720,4/8/2021 2:53,-0.46,-0.4227,-0.3978,-0.4577,-0.406
1721,4/8/2021 3:53,-0.4378,-0.3918,-0.3958,-0.4334,-0.3818
1722,4/8/2021 4:53,-0.4313,-0.3878,-0.3938,-0.4313,-0.3779
1723,4/8/2021 5:53,-0.4313,-0.3878,-0.3938,-0.4313,-0.3779
1724,4/8/2021 6:53,-0.3938,-0.3367,-0.3513,-0.4039,-0.3458
1725,4/8/2021 7:53,-0.2874,-0.2491,-0.2334,-0.3105,-0.2462
1726,4/8/2021 8:53,-0.095,-0.0471,-0.0457,-0.1495,-0.0654
1727,4/8/2021 9:53,0.0829,0.1164,0.1179,0.049,0.1053
1728,4/8/2021 10:53,0.0841,0.1237,0.1459,0.0893,0.1148
1729,4/8/2021 11:53,0.0844,0.1242,0.1479,0.0887,0.1153
1730,4/8/2021 12:53,0.0829,0.1224,0.4604,0.7186,0.7186
