Date/Time,Value
2/6/2020 2:24,31.1
2/6/2020 3:24,32
2/6/2020 4:24,30.2
2/6/2020 5:24,31.1
2/6/2020 6:24,29.3
2/6/2020 7:24,32
2/6/2020 8:24,62.6
2/6/2020 9:24,75.2
2/6/2020 10:24,81.5
2/6/2020 11:24,81.5
2/6/2020 12:24,79.7
2/6/2020 13:24,66.2
2/6/2020 14:24,60.8
2/6/2020 15:24,58.1
2/6/2020 16:24,55.4
2/6/2020 17:24,49.1
2/6/2020 18:24,41.9
2/6/2020 19:24,41
2/6/2020 20:24,39.2
2/6/2020 21:24,37.4
2/6/2020 22:24,35.6
2/6/2020 23:24,36.5
2/7/2020 0:24,33.8
2/7/2020 1:24,32
2/7/2020 2:24,32
2/7/2020 3:24,34.7
2/7/2020 4:24,33.8
2/7/2020 5:24,32
2/7/2020 6:24,32.9
2/7/2020 7:24,34.7
2/7/2020 8:24,65.3
2/7/2020 9:24,78.8
2/7/2020 10:24,86.9
2/7/2020 11:24,84.2
2/7/2020 12:24,86.9
2/7/2020 13:24,70.7
2/7/2020 14:24,65.3
2/7/2020 15:24,62.6
2/7/2020 16:24,59
2/7/2020 17:24,52.7
2/7/2020 18:24,46.4
2/7/2020 19:24,44.6
2/7/2020 20:24,42.8
2/7/2020 21:24,41.9
2/7/2020 22:24,41
2/7/2020 23:24,40.1
2/8/2020 0:24,38.3
2/8/2020 1:24,37.4
2/8/2020 2:24,36.5
2/8/2020 3:24,34.7
2/8/2020 4:24,38.3
2/8/2020 5:24,38.3
2/8/2020 6:24,38.3
2/8/2020 7:24,41.9
2/8/2020 8:24,68.9
2/8/2020 9:24,79.7
2/8/2020 10:24,90.5
2/8/2020 11:24,86.9
2/8/2020 12:24,87.8
2/8/2020 13:24,70.7
2/8/2020 14:24,65.3
2/8/2020 15:24,62.6
2/8/2020 16:24,59.9
2/8/2020 17:24,55.4
2/8/2020 18:24,48.2
2/8/2020 19:24,43.7
2/8/2020 20:24,41.9
2/8/2020 21:24,39.2
2/8/2020 22:24,40.1
2/8/2020 23:24,40.1
2/9/2020 0:24,37.4
2/9/2020 1:24,35.6
2/9/2020 2:24,33.8
2/9/2020 3:24,41
2/9/2020 4:24,41.9
2/9/2020 5:24,43.7
2/9/2020 6:24,43.7
2/9/2020 7:24,43.7
2/9/2020 8:24,67.1
2/9/2020 9:24,71.6
2/9/2020 10:24,77.9
2/9/2020 11:24,74.3
2/9/2020 12:24,80.6
2/9/2020 13:24,64.4
2/9/2020 14:24,60.8
2/9/2020 15:24,60.8
2/9/2020 16:24,59
2/9/2020 17:24,55.4
2/9/2020 18:24,52.7
2/9/2020 19:24,53.6
2/9/2020 20:24,52.7
2/9/2020 21:24,49.1
2/9/2020 22:24,45.5
2/9/2020 23:24,41.9
2/10/2020 0:24,49.1
2/10/2020 1:24,48.2
2/10/2020 2:24,47.3
2/10/2020 3:24,50
2/10/2020 4:24,50.9
2/10/2020 5:24,50
2/10/2020 6:24,49.1
2/10/2020 7:24,58.1
2/10/2020 8:24,59
2/10/2020 9:24,77
2/10/2020 10:24,83.3
2/10/2020 11:24,79.7
2/10/2020 12:24,82.4
2/10/2020 13:24,68.9
2/10/2020 14:24,66.2
2/10/2020 15:24,63.5
2/10/2020 16:24,59.9
2/10/2020 17:24,57.2
2/10/2020 18:24,56.3
2/10/2020 19:24,59
2/10/2020 20:24,58.1
2/10/2020 21:24,52.7
2/10/2020 22:24,44.6
2/10/2020 23:24,44.6
2/11/2020 0:24,43.7
2/11/2020 1:24,47.3
2/11/2020 2:24,48.2
2/11/2020 3:24,48.2
2/11/2020 4:24,43.7
2/11/2020 5:24,39.2
2/11/2020 6:24,41
2/11/2020 7:24,54.5
2/11/2020 8:24,68.9
2/11/2020 9:24,78.8
2/11/2020 10:24,80.6
2/11/2020 11:24,83.3
2/11/2020 12:24,84.2
2/11/2020 13:24,69.8
2/11/2020 14:24,61.7
2/11/2020 15:24,58.1
2/11/2020 16:24,55.4
2/11/2020 17:24,48.2
2/11/2020 18:24,45.5
2/11/2020 19:24,42.8
2/11/2020 20:24,43.7
2/11/2020 21:24,40.1
2/11/2020 22:24,42.8
2/11/2020 23:24,40.1
2/12/2020 0:24,40.1
2/12/2020 1:24,38.3
2/12/2020 2:24,37.4
2/12/2020 3:24,34.7
2/12/2020 4:24,35.6
2/12/2020 5:24,35.6
2/12/2020 6:24,34.7
2/12/2020 7:24,45.5
2/12/2020 8:24,64.4
2/12/2020 9:24,68
2/12/2020 10:24,85.1
2/12/2020 11:24,77.9
2/12/2020 12:24,79.7
2/12/2020 13:24,68
2/12/2020 14:24,61.7
2/12/2020 15:24,59
2/12/2020 16:24,56.3
2/12/2020 17:24,45.5
2/12/2020 18:24,44.6
2/12/2020 19:24,41.9
2/12/2020 20:24,41.9
2/12/2020 21:24,37.4
2/12/2020 22:24,38.3
2/12/2020 23:24,36.5
2/13/2020 0:24,36.5
2/13/2020 1:24,36.5
2/13/2020 2:24,36.5
2/13/2020 3:24,35.6
2/13/2020 4:24,35.6
2/13/2020 5:24,33.8
2/13/2020 6:24,34.7
2/13/2020 7:24,46.4
2/13/2020 8:24,66.2
2/13/2020 9:24,77.9
2/13/2020 10:24,86.9
2/13/2020 11:24,87.8
2/13/2020 12:24,85.1
2/13/2020 13:24,69.8
2/13/2020 14:24,65.3
2/13/2020 15:24,59.9
2/13/2020 16:24,59
2/13/2020 17:24,52.7
2/13/2020 18:24,48.2
2/13/2020 19:24,43.7
2/13/2020 20:24,41.9
2/13/2020 21:24,39.2
2/13/2020 22:24,38.3
2/13/2020 23:24,36.5
2/14/2020 0:24,37.4
2/14/2020 1:24,39.2
2/14/2020 2:24,37.4
2/14/2020 3:24,34.7
2/14/2020 4:24,33.8
2/14/2020 5:24,32.9
2/14/2020 6:24,32.9
2/14/2020 7:24,45.5
2/14/2020 8:24,66.2
2/14/2020 9:24,79.7
2/14/2020 10:24,87.8
2/14/2020 11:24,87.8
2/14/2020 12:24,84.2
2/14/2020 13:24,72.5
2/14/2020 14:24,64.4
2/14/2020 15:24,60.8
2/14/2020 16:24,59
2/14/2020 17:24,52.7
2/14/2020 18:24,47.3
2/14/2020 19:24,42.8
2/14/2020 20:24,41
2/14/2020 21:24,41
2/14/2020 22:24,38.3
2/14/2020 23:24,37.4
2/15/2020 0:24,36.5
2/15/2020 1:24,35.6
2/15/2020 2:24,34.7
2/15/2020 3:24,33.8
2/15/2020 4:24,33.8
2/15/2020 5:24,32.9
2/15/2020 6:24,31.1
2/15/2020 7:24,46.4
2/15/2020 8:24,66.2
2/15/2020 9:24,79.7
2/15/2020 10:24,89.6
2/15/2020 11:24,86
2/15/2020 12:24,84.2
2/15/2020 13:24,73.4
2/15/2020 14:24,68
2/15/2020 15:24,61.7
2/15/2020 16:24,59
2/15/2020 17:24,55.4
2/15/2020 18:24,48.2
2/15/2020 19:24,46.4
2/15/2020 20:24,43.7
2/15/2020 21:24,41.9
2/15/2020 22:24,41.9
2/15/2020 23:24,40.1
2/16/2020 0:24,38.3
2/16/2020 1:24,38.3
2/16/2020 2:24,38.3
2/16/2020 3:24,40.1
2/16/2020 4:24,39.2
2/16/2020 5:24,36.5
2/16/2020 6:24,37.4
2/16/2020 7:24,50.9
2/16/2020 8:24,70.7
2/16/2020 9:24,84.2
2/16/2020 10:24,89.6
2/16/2020 11:24,92.3
2/16/2020 12:24,91.4
2/16/2020 13:24,77
2/16/2020 14:24,68
2/16/2020 15:24,64.4
2/16/2020 16:24,61.7
2/16/2020 17:24,56.3
2/16/2020 18:24,52.7
2/16/2020 19:24,48.2
2/16/2020 20:24,47.3
2/16/2020 21:24,45.5
2/16/2020 22:24,42.8
2/16/2020 23:24,41
2/17/2020 0:24,41
2/17/2020 1:24,53.6
2/17/2020 2:24,54.5
2/17/2020 3:24,54.5
2/17/2020 4:24,53.6
2/17/2020 5:24,46.4
2/17/2020 6:24,54.5
2/17/2020 7:24,62.6
2/17/2020 8:24,81.5
2/17/2020 9:24,86
2/17/2020 10:24,93.2
2/17/2020 11:24,91.4
2/17/2020 12:24,90.5
2/17/2020 13:24,79.7
2/17/2020 14:24,70.7
2/17/2020 15:24,67.1
2/17/2020 16:24,65.3
2/17/2020 17:24,62.6
2/17/2020 18:24,58.1
2/17/2020 19:24,58.1
2/17/2020 20:24,57.2
2/17/2020 21:24,57.2
2/17/2020 22:24,55.4
2/17/2020 23:24,50
2/18/2020 0:24,49.1
2/18/2020 1:24,49.1
2/18/2020 2:24,48.2
2/18/2020 3:24,46.4
2/18/2020 4:24,43.7
2/18/2020 5:24,41.9
2/18/2020 6:24,42.8
2/18/2020 7:24,44.6
2/18/2020 8:24,76.1
2/18/2020 9:24,89.6
2/18/2020 10:24,95.9
2/18/2020 11:24,88.7
2/18/2020 12:24,89.6
2/18/2020 13:24,80.6
2/18/2020 14:24,68
2/18/2020 15:24,65.3
2/18/2020 16:24,61.7
2/18/2020 17:24,56.3
2/18/2020 18:24,53.6
2/18/2020 19:24,48.2
2/18/2020 20:24,45.5
2/18/2020 21:24,44.6
2/18/2020 22:24,41
2/18/2020 23:24,39.2
2/19/2020 0:24,39.2
2/19/2020 1:24,39.2
2/19/2020 2:24,39.2
2/19/2020 3:24,36.5
2/19/2020 4:24,35.6
2/19/2020 5:24,34.7
2/19/2020 6:24,33.8
2/19/2020 7:24,49.1
2/19/2020 8:24,70.7
2/19/2020 9:24,84.2
2/19/2020 10:24,91.4
2/19/2020 11:24,92.3
2/19/2020 12:24,87.8
2/19/2020 13:24,75.2
2/19/2020 14:24,66.2
2/19/2020 15:24,62.6
2/19/2020 16:24,59.9
2/19/2020 17:24,56.3
2/19/2020 18:24,49.1
2/19/2020 19:24,44.6
2/19/2020 20:24,42.8
2/19/2020 21:24,40.1
2/19/2020 22:24,41
2/19/2020 23:24,42.8
2/20/2020 0:24,43.7
2/20/2020 1:24,42.8
2/20/2020 2:24,44.6
2/20/2020 3:24,44.6
2/20/2020 4:24,42.8
2/20/2020 5:24,42.8
2/20/2020 6:24,41.9
2/20/2020 7:24,54.5
2/20/2020 8:24,75.2
2/20/2020 9:24,90.5
2/20/2020 10:24,90.5
2/20/2020 11:24,95.9
2/20/2020 12:24,90.5
2/20/2020 13:24,79.7
2/20/2020 14:24,68
2/20/2020 15:24,65.3
2/20/2020 16:24,64.4
2/20/2020 17:24,56.3
2/20/2020 18:24,52.7
2/20/2020 19:24,51.8
2/20/2020 20:24,50
2/20/2020 21:24,49.1
2/20/2020 22:24,43.7
2/20/2020 23:24,45.5
2/21/2020 0:24,44.6
2/21/2020 1:24,47.3
2/21/2020 2:24,43.7
2/21/2020 3:24,45.5
2/21/2020 4:24,43.7
2/21/2020 5:24,45.5
2/21/2020 6:24,43.7
2/21/2020 7:24,58.1
2/21/2020 8:24,69.8
2/21/2020 9:24,74.3
2/21/2020 10:24,81.5
2/21/2020 11:24,93.2
2/21/2020 12:24,81.5
2/21/2020 13:24,76.1
2/21/2020 14:24,75.2
2/21/2020 15:24,72.5
2/21/2020 16:24,68.9
2/21/2020 17:24,62.6
2/21/2020 18:24,55.4
2/21/2020 19:24,55.4
2/21/2020 20:24,52.7
2/21/2020 21:24,50
2/21/2020 22:24,48.2
2/21/2020 23:24,47.3
2/22/2020 0:24,45.5
2/22/2020 1:24,49.1
2/22/2020 2:24,47.3
2/22/2020 3:24,43.7
2/22/2020 4:24,41
2/22/2020 5:24,46.4
2/22/2020 6:24,42.8
2/22/2020 7:24,47.3
2/22/2020 8:24,49.1
2/22/2020 9:24,58.1
2/22/2020 10:24,66.2
2/22/2020 11:24,67.1
2/22/2020 12:24,68
2/22/2020 13:24,47.3
2/22/2020 14:24,52.7
2/22/2020 15:24,57.2
2/22/2020 16:24,50.9
2/22/2020 17:24,50.9
2/22/2020 18:24,46.4
2/22/2020 19:24,43.7
2/22/2020 20:24,47.3
2/22/2020 21:24,48.2
2/22/2020 22:24,48.2
2/22/2020 23:24,47.3
2/23/2020 0:24,44.6
2/23/2020 1:24,46.4
2/23/2020 2:24,46.4
2/23/2020 3:24,42.8
2/23/2020 4:24,41
2/23/2020 5:24,39.2
2/23/2020 6:24,39.2
2/23/2020 7:24,50
2/23/2020 8:24,61.7
2/23/2020 9:24,69.8
2/23/2020 10:24,69.8
2/23/2020 11:24,68.9
2/23/2020 12:24,74.3
2/23/2020 13:24,71.6
2/23/2020 14:24,62.6
2/23/2020 15:24,59
2/23/2020 16:24,58.1
2/23/2020 17:24,54.5
2/23/2020 18:24,50
2/23/2020 19:24,46.4
2/23/2020 20:24,43.7
2/23/2020 21:24,42.8
2/23/2020 22:24,41
2/23/2020 23:24,41
2/24/2020 0:24,39.2
2/24/2020 1:24,40.1
2/24/2020 2:24,38.3
2/24/2020 3:24,38.3
2/24/2020 4:24,37.4
2/24/2020 5:24,38.3
2/24/2020 6:24,39.2
2/24/2020 7:24,56.3
2/24/2020 8:24,67.1
2/24/2020 9:24,86
2/24/2020 10:24,95
2/24/2020 11:24,98.6
2/24/2020 12:24,89.6
2/24/2020 13:24,78.8
2/24/2020 14:24,69.8
2/24/2020 15:24,65.3
2/24/2020 16:24,64.4
2/24/2020 17:24,61.7
2/24/2020 18:24,55.4
2/24/2020 19:24,57.2
2/24/2020 20:24,57.2
2/24/2020 21:24,59
2/24/2020 22:24,55.4
2/24/2020 23:24,49.1
2/25/2020 0:24,54.5
2/25/2020 1:24,48.2
2/25/2020 2:24,46.4
2/25/2020 3:24,44.6
2/25/2020 4:24,46.4
2/25/2020 5:24,49.1
2/25/2020 6:24,47.3
2/25/2020 7:24,60.8
2/25/2020 8:24,75.2
2/25/2020 9:24,89.6
2/25/2020 10:24,92.3
2/25/2020 11:24,95.9
2/25/2020 12:24,89.6
2/25/2020 13:24,77.9
2/25/2020 14:24,69.8
2/25/2020 15:24,68
2/25/2020 16:24,66.2
2/25/2020 17:24,62.6
2/25/2020 18:24,55.4
2/25/2020 19:24,54.5
2/25/2020 20:24,50.9
2/25/2020 21:24,52.7
2/25/2020 22:24,50
2/25/2020 23:24,47.3
2/26/2020 0:24,50
2/26/2020 1:24,49.1
2/26/2020 2:24,48.2
2/26/2020 3:24,46.4
2/26/2020 4:24,48.2
2/26/2020 5:24,45.5
2/26/2020 6:24,46.4
2/26/2020 7:24,59.9
2/26/2020 8:24,77.9
2/26/2020 9:24,86
2/26/2020 10:24,92.3
2/26/2020 11:24,95.9
2/26/2020 12:24,88.7
2/26/2020 13:24,78.8
2/26/2020 14:24,70.7
2/26/2020 15:24,67.1
2/26/2020 16:24,68
2/26/2020 17:24,64.4
2/26/2020 18:24,64.4
2/26/2020 19:24,61.7
2/26/2020 20:24,59
2/26/2020 21:24,60.8
2/26/2020 22:24,57.2
2/26/2020 23:24,46.4
2/27/2020 0:24,45.5
2/27/2020 1:24,46.4
2/27/2020 2:24,47.3
2/27/2020 3:24,45.5
2/27/2020 4:24,48.2
2/27/2020 5:24,46.4
2/27/2020 6:24,45.5
2/27/2020 7:24,58.1
2/27/2020 8:24,74.3
2/27/2020 9:24,86
2/27/2020 10:24,86.9
2/27/2020 11:24,86.9
2/27/2020 12:24,84.2
2/27/2020 13:24,78.8
2/27/2020 14:24,77.9
2/27/2020 15:24,73.4
2/27/2020 16:24,68
2/27/2020 17:24,63.5
2/27/2020 18:24,56.3
2/27/2020 19:24,56.3
2/27/2020 20:24,58.1
2/27/2020 21:24,55.4
2/27/2020 22:24,52.7
2/27/2020 23:24,52.7
2/28/2020 0:24,54.5
2/28/2020 1:24,51.8
2/28/2020 2:24,50
2/28/2020 3:24,50
2/28/2020 4:24,49.1
2/28/2020 5:24,47.3
2/28/2020 6:24,50
2/28/2020 7:24,63.5
2/28/2020 8:24,77.9
2/28/2020 9:24,77
2/28/2020 10:24,103.1
2/28/2020 11:24,104
2/28/2020 12:24,102.2
2/28/2020 13:24,74.3
2/28/2020 14:24,74.3
2/28/2020 15:24,67.1
2/28/2020 16:24,64.4
2/28/2020 17:24,60.8
2/28/2020 18:24,57.2
2/28/2020 19:24,52.7
2/28/2020 20:24,51.8
2/28/2020 21:24,54.5
2/28/2020 22:24,48.2
2/28/2020 23:24,47.3
2/29/2020 0:24,44.6
2/29/2020 1:24,43.7
2/29/2020 2:24,47.3
2/29/2020 3:24,46.4
2/29/2020 4:24,45.5
2/29/2020 5:24,46.4
2/29/2020 6:24,41.9
2/29/2020 7:24,49.1
2/29/2020 8:24,56.3
2/29/2020 9:24,81.5
2/29/2020 10:24,96.8
2/29/2020 11:24,97.7
2/29/2020 12:24,90.5
2/29/2020 13:24,79.7
2/29/2020 14:24,67.1
2/29/2020 15:24,63.5
2/29/2020 16:24,59.9
2/29/2020 17:24,55.4
2/29/2020 18:24,50.9
2/29/2020 19:24,50.9
2/29/2020 20:24,46.4
2/29/2020 21:24,43.7
2/29/2020 22:24,50
2/29/2020 23:24,49.1
3/1/2020 0:24,50
3/1/2020 1:24,47.3
3/1/2020 2:24,45.5
3/1/2020 3:24,49.1
3/1/2020 4:24,48.2
3/1/2020 5:24,48.2
3/1/2020 6:24,47.3
3/1/2020 7:24,51.8
3/1/2020 8:24,53.6
3/1/2020 9:24,66.2
3/1/2020 10:24,59
3/1/2020 11:24,72.5
3/1/2020 12:24,83.3
3/1/2020 13:24,75.2
3/1/2020 14:24,59.9
3/1/2020 15:24,57.2
3/1/2020 16:24,53.6
3/1/2020 17:24,48.2
3/1/2020 18:24,43.7
3/1/2020 19:24,44.6
3/1/2020 20:24,45.5
3/1/2020 21:24,44.6
3/1/2020 22:24,43.7
3/1/2020 23:24,43.7
3/2/2020 0:24,41.9
3/2/2020 1:24,42.8
3/2/2020 2:24,45.5
3/2/2020 3:24,41.9
3/2/2020 4:24,46.4
3/2/2020 5:24,44.6
3/2/2020 6:24,45.5
3/2/2020 7:24,57.2
3/2/2020 8:24,65.3
3/2/2020 9:24,77
3/2/2020 10:24,75.2
3/2/2020 11:24,84.2
3/2/2020 12:24,84.2
3/2/2020 13:24,68
3/2/2020 14:24,61.7
3/2/2020 15:24,59
3/2/2020 16:24,59
3/2/2020 17:24,50
3/2/2020 18:24,46.4
3/2/2020 19:24,43.7
3/2/2020 20:24,44.6
3/2/2020 21:24,42.8
3/2/2020 22:24,41.9
3/2/2020 23:24,43.7
3/3/2020 0:24,43.7
3/3/2020 1:24,46.4
3/3/2020 2:24,42.8
3/3/2020 3:24,44.6
3/3/2020 4:24,42.8
3/3/2020 5:24,37.4
3/3/2020 6:24,36.5
3/3/2020 7:24,62.6
3/3/2020 8:24,77.9
3/3/2020 9:24,95
3/3/2020 10:24,101.3
3/3/2020 11:24,105.8
3/3/2020 12:24,100.4
3/3/2020 13:24,89.6
3/3/2020 14:24,70.7
3/3/2020 15:24,64.4
3/3/2020 16:24,60.8
3/3/2020 17:24,58.1
3/3/2020 18:24,53.6
3/3/2020 19:24,51.8
3/3/2020 20:24,52.7
3/3/2020 21:24,50.9
3/3/2020 22:24,48.2
3/3/2020 23:24,46.4
3/4/2020 0:24,46.4
3/4/2020 1:24,44.6
3/4/2020 2:24,44.6
3/4/2020 3:24,42.8
3/4/2020 4:24,41
3/4/2020 5:24,41
3/4/2020 6:24,40.1
3/4/2020 7:24,61.7
3/4/2020 8:24,74.3
3/4/2020 9:24,90.5
3/4/2020 10:24,99.5
3/4/2020 11:24,107.6
3/4/2020 12:24,102.2
3/4/2020 13:24,85.1
3/4/2020 14:24,72.5
3/4/2020 15:24,67.1
3/4/2020 16:24,64.4
3/4/2020 17:24,59
3/4/2020 18:24,53.6
3/4/2020 19:24,49.1
3/4/2020 20:24,47.3
3/4/2020 21:24,46.4
3/4/2020 22:24,45.5
3/4/2020 23:24,43.7
3/5/2020 0:24,45.5
3/5/2020 1:24,41
3/5/2020 2:24,40.1
3/5/2020 3:24,39.2
3/5/2020 4:24,39.2
3/5/2020 5:24,40.1
3/5/2020 6:24,40.1
3/5/2020 7:24,57.2
3/5/2020 8:24,77.9
3/5/2020 9:24,88.7
3/5/2020 10:24,95.9
3/5/2020 11:24,107.6
3/5/2020 12:24,102.2
3/5/2020 13:24,86.9
3/5/2020 14:24,77
3/5/2020 15:24,74.3
3/5/2020 16:24,68.9
3/5/2020 17:24,62.6
3/5/2020 18:24,55.4
3/5/2020 19:24,48.2
3/5/2020 20:24,45.5
3/5/2020 21:24,45.5
3/5/2020 22:24,43.7
3/5/2020 23:24,43.7
3/6/2020 0:24,44.6
3/6/2020 1:24,43.7
3/6/2020 2:24,44.6
3/6/2020 3:24,42.8
3/6/2020 4:24,42.8
3/6/2020 5:24,42.8
3/6/2020 6:24,41.9
3/6/2020 7:24,62.6
3/6/2020 8:24,82.4
3/6/2020 9:24,92.3
3/6/2020 10:24,98.6
3/6/2020 11:24,107.6
3/6/2020 12:24,100.4
3/6/2020 13:24,86.9
3/6/2020 14:24,74.3
3/6/2020 15:24,68
3/6/2020 16:24,64.4
3/6/2020 17:24,59
3/6/2020 18:24,52.7
3/6/2020 19:24,48.2
3/6/2020 20:24,44.6
3/6/2020 21:24,43.7
3/6/2020 22:24,46.4
3/6/2020 23:24,49.1
3/7/2020 0:24,49.1
3/7/2020 1:24,49.1
3/7/2020 2:24,49.1
3/7/2020 3:24,48.2
3/7/2020 4:24,47.3
3/7/2020 5:24,47.3
3/7/2020 6:24,48.2
3/7/2020 7:24,56.3
3/7/2020 8:24,77.9
3/7/2020 9:24,60.8
3/7/2020 10:24,82.4
3/7/2020 11:24,68
3/7/2020 12:24,64.4
3/7/2020 13:24,60.8
3/7/2020 14:24,59
3/7/2020 15:24,59
3/7/2020 16:24,58.1
3/7/2020 17:24,51.8
3/7/2020 18:24,49.1
3/7/2020 19:24,45.5
3/7/2020 20:24,43.7
3/7/2020 21:24,41
3/7/2020 22:24,45.5
3/7/2020 23:24,43.7
3/8/2020 0:24,43.7
3/8/2020 1:24,42.8
3/8/2020 3:24,43.7
3/8/2020 4:24,40.1
3/8/2020 5:24,41
3/8/2020 6:24,39.2
3/8/2020 7:24,38.3
3/8/2020 8:24,59
3/8/2020 9:24,77
3/8/2020 10:24,86.9
3/8/2020 11:24,90.5
3/8/2020 12:24,94.1
3/8/2020 13:24,96.8
3/8/2020 14:24,70.7
3/8/2020 15:24,60.8
3/8/2020 16:24,57.2
3/8/2020 17:24,54.5
3/8/2020 18:24,50.9
3/8/2020 19:24,43.7
3/8/2020 20:24,41.9
3/8/2020 21:24,40.1
3/8/2020 22:24,39.2
3/8/2020 23:24,41
3/9/2020 0:24,37.4
3/9/2020 1:24,35.6
3/9/2020 2:24,34.7
3/9/2020 3:24,32
3/9/2020 4:24,34.7
3/9/2020 5:24,38.3
3/9/2020 6:24,39.2
3/9/2020 7:24,38.3
3/9/2020 8:24,44.6
3/9/2020 9:24,59.9
3/9/2020 10:24,63.5
3/9/2020 11:24,70.7
3/9/2020 12:24,80.6
3/9/2020 13:24,77.9
3/9/2020 14:24,82.4
3/9/2020 15:24,72.5
3/9/2020 16:24,68
3/9/2020 17:24,63.5
3/9/2020 18:24,56.3
3/9/2020 19:24,53.6
3/9/2020 20:24,50.9
3/9/2020 21:24,51.8
3/9/2020 22:24,53.6
3/9/2020 23:24,52.7
3/10/2020 0:24,51.8
3/10/2020 1:24,50.9
3/10/2020 2:24,49.1
3/10/2020 3:24,48.2
3/10/2020 4:24,49.1
3/10/2020 5:24,50
3/10/2020 6:24,50
3/10/2020 7:24,50
3/10/2020 8:24,51.8
3/10/2020 9:24,55.4
3/10/2020 10:24,58.1
3/10/2020 11:24,64.4
3/10/2020 12:24,69.8
3/10/2020 13:24,71.6
3/10/2020 14:24,68
3/10/2020 15:24,59
3/10/2020 16:24,58.1
3/10/2020 17:24,59
3/10/2020 18:24,57.2
3/10/2020 19:24,56.3
3/10/2020 20:24,55.4
3/10/2020 21:24,55.4
3/10/2020 22:24,54.5
3/10/2020 23:24,54.5
3/11/2020 0:24,54.5
3/11/2020 1:24,53.6
3/11/2020 2:24,53.6
3/11/2020 3:24,51.8
3/11/2020 4:24,53.6
3/11/2020 5:24,51.8
3/11/2020 6:24,52.7
3/11/2020 7:24,53.6
3/11/2020 8:24,58.1
3/11/2020 9:24,62.6
3/11/2020 10:24,65.3
3/11/2020 11:24,77
3/11/2020 12:24,63.5
3/11/2020 13:24,79.7
3/11/2020 14:24,78.8
3/11/2020 15:24,68.9
3/11/2020 16:24,62.6
3/11/2020 17:24,59
3/11/2020 18:24,56.3
3/11/2020 19:24,53.6
3/11/2020 20:24,50.9
3/11/2020 21:24,48.2
3/11/2020 22:24,49.1
3/11/2020 23:24,49.1
3/12/2020 0:24,49.1
3/12/2020 1:24,46.4
3/12/2020 2:24,45.5
3/12/2020 3:24,45.5
3/12/2020 4:24,43.7
3/12/2020 5:24,44.6
3/12/2020 6:24,44.6
3/12/2020 7:24,44.6
3/12/2020 8:24,63.5
3/12/2020 9:24,75.2
3/12/2020 10:24,76.1
3/12/2020 11:24,59.9
3/12/2020 12:24,57.2
3/12/2020 13:24,54.5
3/12/2020 14:24,54.5
3/12/2020 15:24,54.5
3/12/2020 16:24,51.8
3/12/2020 17:24,50
3/12/2020 18:24,50
3/12/2020 19:24,49.1
3/12/2020 20:24,48.2
3/12/2020 21:24,48.2
3/12/2020 22:24,48.2
3/12/2020 23:24,48.2
3/13/2020 0:24,49.1
3/13/2020 1:24,48.2
3/13/2020 2:24,48.2
3/13/2020 3:24,48.2
3/13/2020 4:24,48.2
3/13/2020 5:24,48.2
3/13/2020 6:24,48.2
3/13/2020 7:24,49.1
3/13/2020 8:24,49.1
3/13/2020 9:24,52.7
3/13/2020 10:24,55.4
3/13/2020 11:24,57.2
3/13/2020 12:24,61.7
3/13/2020 13:24,64.4
3/13/2020 14:24,59
3/13/2020 15:24,54.5
3/13/2020 16:24,56.3
3/13/2020 17:24,53.6
3/13/2020 18:24,52.7
3/13/2020 19:24,50.9
3/13/2020 20:24,50.9
3/13/2020 21:24,50.9
3/13/2020 22:24,50.9
3/13/2020 23:24,50.9
3/14/2020 0:24,50
3/14/2020 1:24,49.1
3/14/2020 2:24,49.1
3/14/2020 3:24,49.1
3/14/2020 4:24,49.1
3/14/2020 5:24,48.2
3/14/2020 6:24,48.2
3/14/2020 7:24,49.1
3/14/2020 8:24,50.9
3/14/2020 9:24,55.4
3/14/2020 10:24,55.4
3/14/2020 11:24,62.6
3/14/2020 12:24,61.7
3/14/2020 13:24,60.8
3/14/2020 14:24,62.6
3/14/2020 15:24,61.7
3/14/2020 16:24,59.9
3/14/2020 17:24,53.6
3/14/2020 18:24,51.8
3/14/2020 19:24,50
3/14/2020 20:24,50
3/14/2020 21:24,49.1
3/14/2020 22:24,48.2
3/14/2020 23:24,49.1
3/15/2020 0:24,48.2
3/15/2020 1:24,48.2
3/15/2020 2:24,48.2
3/15/2020 3:24,47.3
3/15/2020 4:24,47.3
3/15/2020 5:24,47.3
3/15/2020 6:24,47.3
3/15/2020 7:24,48.2
3/15/2020 8:24,55.4
3/15/2020 9:24,62.6
3/15/2020 10:24,64.4
3/15/2020 11:24,86
3/15/2020 12:24,75.2
3/15/2020 13:24,61.7
3/15/2020 14:24,64.4
3/15/2020 15:24,61.7
3/15/2020 16:24,59
3/15/2020 17:24,55.4
3/15/2020 18:24,52.7
3/15/2020 19:24,50
3/15/2020 20:24,48.2
3/15/2020 21:24,49.1
3/15/2020 22:24,49.1
3/15/2020 23:24,48.2
3/16/2020 0:24,47.3
3/16/2020 1:24,46.4
3/16/2020 2:24,47.3
3/16/2020 3:24,47.3
3/16/2020 4:24,47.3
3/16/2020 5:24,46.4
3/16/2020 6:24,47.3
3/16/2020 7:24,47.3
3/16/2020 8:24,47.3
3/16/2020 9:24,48.2
3/16/2020 10:24,50
3/16/2020 11:24,50.9
3/16/2020 12:24,49.1
3/16/2020 13:24,48.2
3/16/2020 14:24,48.2
3/16/2020 15:24,48.2
3/16/2020 16:24,48.2
3/16/2020 17:24,48.2
3/16/2020 18:24,47.3
3/16/2020 19:24,45.5
3/16/2020 20:24,43.7
3/16/2020 21:24,40.1
3/16/2020 22:24,37.4
3/16/2020 23:24,35.6
3/17/2020 0:24,34.7
3/17/2020 1:24,33.8
3/17/2020 2:24,35.6
3/17/2020 3:24,37.4
3/17/2020 4:24,37.4
3/17/2020 5:24,34.7
3/17/2020 6:24,35.6
3/17/2020 7:24,36.5
3/17/2020 8:24,44.6
3/17/2020 9:24,60.8
3/17/2020 10:24,51.8
3/17/2020 11:24,54.5
3/17/2020 12:24,55.4
3/17/2020 13:24,60.8
3/17/2020 14:24,56.3
3/17/2020 15:24,53.6
3/17/2020 16:24,53.6
3/17/2020 17:24,50.9
3/17/2020 18:24,47.3
3/17/2020 19:24,40.1
3/17/2020 20:24,38.3
3/17/2020 21:24,36.5
3/17/2020 22:24,36.5
3/17/2020 23:24,34.7
3/18/2020 0:24,33.8
3/18/2020 1:24,33.8
3/18/2020 2:24,32.9
3/18/2020 3:24,32
3/18/2020 4:24,31.1
3/18/2020 5:24,30.2
3/18/2020 6:24,32
3/18/2020 7:24,33.8
3/18/2020 8:24,55.4
3/18/2020 9:24,61.7
3/18/2020 10:24,65.3
3/18/2020 11:24,73.4
3/18/2020 12:24,83.3
3/18/2020 13:24,77
3/18/2020 14:24,70.7
3/18/2020 15:24,58.1
3/18/2020 16:24,54.5
3/18/2020 17:24,47.3
3/18/2020 18:24,47.3
3/18/2020 19:24,47.3
3/18/2020 20:24,41.9
3/18/2020 21:24,37.4
3/18/2020 22:24,36.5
3/18/2020 23:24,36.5
3/19/2020 0:24,33.8
3/19/2020 1:24,33.8
3/19/2020 2:24,33.8
3/19/2020 3:24,32.9
3/19/2020 4:24,32.9
3/19/2020 5:24,31.1
3/19/2020 6:24,36.5
3/19/2020 7:24,40.1
3/19/2020 8:24,43.7
3/19/2020 9:24,50.9
3/19/2020 10:24,59
3/19/2020 11:24,69.8
3/19/2020 12:24,76.1
3/19/2020 13:24,61.7
3/19/2020 14:24,64.4
3/19/2020 15:24,54.5
3/19/2020 16:24,54.5
3/19/2020 17:24,54.5
3/19/2020 18:24,51.8
3/19/2020 19:24,43.7
3/19/2020 20:24,44.6
3/19/2020 21:24,45.5
3/19/2020 22:24,41.9
3/19/2020 23:24,43.7
3/20/2020 0:24,44.6
3/20/2020 1:24,43.7
3/20/2020 2:24,43.7
3/20/2020 3:24,43.7
3/20/2020 4:24,44.6
3/20/2020 5:24,44.6
3/20/2020 6:24,44.6
3/20/2020 7:24,45.5
3/20/2020 8:24,49.1
3/20/2020 9:24,55.4
3/20/2020 10:24,66.2
3/20/2020 11:24,59
3/20/2020 12:24,59
3/20/2020 13:24,60.8
3/20/2020 14:24,66.2
3/20/2020 15:24,61.7
3/20/2020 16:24,58.1
3/20/2020 17:24,59
3/20/2020 18:24,53.6
3/20/2020 19:24,49.1
3/20/2020 20:24,48.2
3/20/2020 21:24,48.2
3/20/2020 22:24,48.2
3/20/2020 23:24,47.3
3/21/2020 0:24,46.4
3/21/2020 1:24,45.5
3/21/2020 2:24,44.6
3/21/2020 3:24,44.6
3/21/2020 4:24,46.4
3/21/2020 5:24,45.5
3/21/2020 6:24,45.5
3/21/2020 7:24,47.3
3/21/2020 8:24,50
3/21/2020 9:24,61.7
3/21/2020 10:24,65.3
3/21/2020 11:24,76.1
3/21/2020 12:24,89.6
3/21/2020 13:24,68.9
3/21/2020 14:24,65.3
3/21/2020 15:24,67.1
3/21/2020 16:24,59
3/21/2020 17:24,56.3
3/21/2020 18:24,51.8
3/21/2020 19:24,50
3/21/2020 20:24,50
3/21/2020 21:24,49.1
3/21/2020 22:24,47.3
3/21/2020 23:24,46.4
3/22/2020 0:24,45.5
3/22/2020 1:24,44.6
3/22/2020 2:24,43.7
3/22/2020 3:24,41.9
3/22/2020 4:24,41
3/22/2020 5:24,40.1
3/22/2020 6:24,38.3
3/22/2020 7:24,41
3/22/2020 8:24,55.4
3/22/2020 9:24,56.3
3/22/2020 10:24,70.7
3/22/2020 11:24,74.3
3/22/2020 12:24,80.6
3/22/2020 13:24,74.3
3/22/2020 14:24,69.8
3/22/2020 15:24,68
3/22/2020 16:24,57.2
3/22/2020 17:24,54.5
3/22/2020 18:24,52.7
3/22/2020 19:24,51.8
3/22/2020 20:24,50.9
3/22/2020 21:24,50.9
3/22/2020 22:24,50
3/22/2020 23:24,50.9
3/23/2020 0:24,50.9
3/23/2020 1:24,50.9
3/23/2020 2:24,49.1
3/23/2020 3:24,47.3
3/23/2020 4:24,47.3
3/23/2020 5:24,48.2
3/23/2020 6:24,42.8
3/23/2020 7:24,41
3/23/2020 8:24,57.2
3/23/2020 9:24,64.4
3/23/2020 10:24,58.1
3/23/2020 11:24,68
3/23/2020 12:24,62.6
3/23/2020 13:24,68.9
3/23/2020 14:24,62.6
3/23/2020 15:24,62.6
3/23/2020 16:24,59.9
3/23/2020 17:24,55.4
3/23/2020 18:24,52.7
3/23/2020 19:24,51.8
3/23/2020 20:24,50.9
3/23/2020 21:24,50.9
3/23/2020 22:24,50
3/23/2020 23:24,45.5
3/24/2020 0:24,47.3
3/24/2020 1:24,49.1
3/24/2020 2:24,50
3/24/2020 3:24,49.1
3/24/2020 4:24,49.1
3/24/2020 5:24,49.1
3/24/2020 6:24,50
3/24/2020 7:24,50
3/24/2020 8:24,54.5
3/24/2020 9:24,55.4
3/24/2020 10:24,69.8
3/24/2020 11:24,72.5
3/24/2020 12:24,77
3/24/2020 13:24,76.1
3/24/2020 14:24,76.1
3/24/2020 15:24,63.5
3/24/2020 16:24,59
3/24/2020 17:24,55.4
3/24/2020 18:24,52.7
3/24/2020 19:24,49.1
3/24/2020 20:24,45.5
3/24/2020 21:24,46.4
3/24/2020 22:24,44.6
3/24/2020 23:24,46.4
3/25/2020 0:24,44.6
3/25/2020 1:24,42.8
3/25/2020 2:24,43.7
3/25/2020 3:24,46.4
3/25/2020 4:24,47.3
3/25/2020 5:24,46.4
3/25/2020 6:24,46.4
3/25/2020 7:24,47.3
3/25/2020 8:24,50.9
3/25/2020 9:24,59.9
3/25/2020 10:24,70.7
3/25/2020 11:24,75.2
3/25/2020 12:24,75.2
3/25/2020 13:24,69.8
3/25/2020 14:24,60.8
3/25/2020 15:24,59
3/25/2020 16:24,57.2
3/25/2020 17:24,52.7
3/25/2020 18:24,50
3/25/2020 19:24,45.5
3/25/2020 20:24,43.7
3/25/2020 21:24,43.7
3/25/2020 22:24,40.1
3/25/2020 23:24,40.1
3/26/2020 0:24,38.3
3/26/2020 1:24,36.5
3/26/2020 2:24,34.7
3/26/2020 3:24,33.8
3/26/2020 4:24,32
3/26/2020 5:24,31.1
3/26/2020 6:24,30.2
3/26/2020 7:24,31.1
3/26/2020 8:24,52.7
3/26/2020 9:24,60.8
3/26/2020 10:24,65.3
3/26/2020 11:24,68.9
3/26/2020 12:24,73.4
3/26/2020 13:24,72.5
3/26/2020 14:24,56.3
3/26/2020 15:24,41
3/26/2020 16:24,43.7
3/26/2020 17:24,44.6
3/26/2020 18:24,45.5
3/26/2020 19:24,42.8
3/26/2020 20:24,39.2
3/26/2020 21:24,36.5
3/26/2020 22:24,39.2
3/26/2020 23:24,38.3
3/27/2020 0:24,34.7
3/27/2020 1:24,33.8
3/27/2020 2:24,32.9
3/27/2020 3:24,32
3/27/2020 4:24,32
3/27/2020 5:24,32
3/27/2020 6:24,31.1
3/27/2020 7:24,32
3/27/2020 8:24,50.9
3/27/2020 9:24,59
3/27/2020 10:24,62.6
3/27/2020 11:24,54.5
3/27/2020 12:24,62.6
3/27/2020 13:24,76.1
3/27/2020 14:24,68.9
3/27/2020 15:24,59.9
3/27/2020 16:24,55.4
3/27/2020 17:24,56.3
3/27/2020 18:24,53.6
3/27/2020 19:24,45.5
3/27/2020 20:24,41
3/27/2020 21:24,39.2
3/27/2020 22:24,38.3
3/27/2020 23:24,38.3
3/28/2020 0:24,36.5
3/28/2020 1:24,35.6
3/28/2020 2:24,33.8
3/28/2020 3:24,32.9
3/28/2020 4:24,32
3/28/2020 5:24,32
3/28/2020 6:24,32
3/28/2020 7:24,37.4
3/28/2020 8:24,54.5
3/28/2020 9:24,62.6
3/28/2020 10:24,70.7
3/28/2020 11:24,74.3
3/28/2020 12:24,78.8
3/28/2020 13:24,77.9
3/28/2020 14:24,72.5
3/28/2020 15:24,64.4
3/28/2020 16:24,61.7
3/28/2020 17:24,61.7
3/28/2020 18:24,55.4
3/28/2020 19:24,51.8
3/28/2020 20:24,50
3/28/2020 21:24,49.1
3/28/2020 22:24,44.6
3/28/2020 23:24,42.8
3/29/2020 0:24,41.9
3/29/2020 1:24,40.1
3/29/2020 2:24,40.1
3/29/2020 3:24,38.3
3/29/2020 4:24,38.3
3/29/2020 5:24,41
3/29/2020 6:24,37.4
3/29/2020 7:24,39.2
3/29/2020 8:24,60.8
3/29/2020 9:24,68.9
3/29/2020 10:24,73.4
3/29/2020 11:24,79.7
3/29/2020 12:24,72.5
3/29/2020 13:24,67.1
3/29/2020 14:24,62.6
3/29/2020 15:24,59.9
3/29/2020 16:24,59
3/29/2020 17:24,56.3
3/29/2020 18:24,53.6
3/29/2020 19:24,50
3/29/2020 20:24,45.5
3/29/2020 21:24,44.6
3/29/2020 22:24,42.8
3/29/2020 23:24,41.9
3/30/2020 0:24,43.7
3/30/2020 1:24,41.9
3/30/2020 2:24,39.2
3/30/2020 3:24,38.3
3/30/2020 4:24,37.4
3/30/2020 5:24,37.4
3/30/2020 6:24,35.6
3/30/2020 7:24,36.5
3/30/2020 8:24,58.1
3/30/2020 9:24,65.3
3/30/2020 10:24,68.9
3/30/2020 11:24,69.8
3/30/2020 12:24,73.4
3/30/2020 13:24,74.3
3/30/2020 14:24,78.8
3/30/2020 15:24,71.6
3/30/2020 16:24,63.5
3/30/2020 17:24,60.8
3/30/2020 18:24,57.2
3/30/2020 19:24,51.8
3/30/2020 20:24,47.3
3/30/2020 21:24,46.4
3/30/2020 22:24,44.6
3/30/2020 23:24,43.7
3/31/2020 0:24,43.7
3/31/2020 1:24,41.9
3/31/2020 2:24,41.9
3/31/2020 3:24,41
3/31/2020 4:24,41
3/31/2020 5:24,41
3/31/2020 6:24,44.6
3/31/2020 7:24,48.2
3/31/2020 8:24,59
3/31/2020 9:24,70.7
3/31/2020 10:24,72.5
3/31/2020 11:24,78.8
3/31/2020 12:24,84.2
3/31/2020 13:24,87.8
3/31/2020 14:24,78.8
3/31/2020 15:24,77
3/31/2020 16:24,70.7
3/31/2020 17:24,67.1
3/31/2020 18:24,64.4
3/31/2020 19:24,61.7
3/31/2020 20:24,60.8
3/31/2020 21:24,59
3/31/2020 22:24,56.3
3/31/2020 23:24,55.4
4/1/2020 0:24,50.9
4/1/2020 1:24,49.1
4/1/2020 2:24,48.2
4/1/2020 3:24,47.3
4/1/2020 4:24,50.9
4/1/2020 5:24,50
4/1/2020 6:24,49.1
4/1/2020 7:24,48.2
4/1/2020 8:24,68.9
4/1/2020 9:24,76.1
4/1/2020 10:24,81.5
4/1/2020 11:24,86
4/1/2020 12:24,91.4
4/1/2020 13:24,89.6
4/1/2020 14:24,82.4
4/1/2020 15:24,74.3
4/1/2020 16:24,65.3
4/1/2020 17:24,61.7
4/1/2020 18:24,59.9
4/1/2020 19:24,56.3
4/1/2020 20:24,50.9
4/1/2020 21:24,49.1
4/1/2020 22:24,48.2
4/1/2020 23:24,46.4
4/2/2020 0:24,46.4
4/2/2020 1:24,46.4
4/2/2020 2:24,44.6
4/2/2020 3:24,46.4
4/2/2020 4:24,49.1
4/2/2020 5:24,47.3
4/2/2020 6:24,45.5
4/2/2020 7:24,47.3
4/2/2020 8:24,62.6
4/2/2020 9:24,68.9
4/2/2020 10:24,75.2
4/2/2020 11:24,79.7
4/2/2020 12:24,85.1
4/2/2020 13:24,85.1
4/2/2020 14:24,82.4
4/2/2020 15:24,71.6
4/2/2020 16:24,63.5
4/2/2020 17:24,59
4/2/2020 18:24,56.3
4/2/2020 19:24,50.9
4/2/2020 20:24,46.4
4/2/2020 21:24,43.7
4/2/2020 22:24,42.8
4/2/2020 23:24,40.1
4/3/2020 0:24,39.2
4/3/2020 1:24,36.5
4/3/2020 2:24,36.5
4/3/2020 3:24,35.6
4/3/2020 4:24,34.7
4/3/2020 5:24,34.7
4/3/2020 6:24,32.9
4/3/2020 7:24,37.4
4/3/2020 8:24,59
4/3/2020 9:24,68.9
4/3/2020 10:24,79.7
4/3/2020 11:24,83.3
4/3/2020 12:24,90.5
4/3/2020 13:24,88.7
4/3/2020 14:24,82.4
4/3/2020 15:24,70.7
4/3/2020 16:24,61.7
4/3/2020 17:24,58.1
4/3/2020 18:24,56.3
4/3/2020 19:24,50.9
4/3/2020 20:24,46.4
4/3/2020 21:24,43.7
4/3/2020 22:24,42.8
4/3/2020 23:24,41.9
4/4/2020 0:24,41
4/4/2020 1:24,40.1
4/4/2020 2:24,39.2
4/4/2020 3:24,38.3
4/4/2020 4:24,37.4
4/4/2020 5:24,37.4
4/4/2020 6:24,36.5
4/4/2020 7:24,40.1
4/4/2020 8:24,60.8
4/4/2020 9:24,71.6
4/4/2020 10:24,64.4
4/4/2020 11:24,64.4
4/4/2020 12:24,75.2
4/4/2020 13:24,84.2
4/4/2020 14:24,78.8
4/4/2020 15:24,70.7
4/4/2020 16:24,62.6
4/4/2020 17:24,62.6
4/4/2020 18:24,58.1
4/4/2020 19:24,55.4
4/4/2020 20:24,53.6
4/4/2020 21:24,53.6
4/4/2020 22:24,52.7
4/4/2020 23:24,52.7
4/5/2020 0:24,51.8
4/5/2020 1:24,51.8
4/5/2020 2:24,51.8
4/5/2020 3:24,50.9
4/5/2020 4:24,50
4/5/2020 5:24,49.1
4/5/2020 6:24,50
4/5/2020 7:24,50.9
4/5/2020 8:24,52.7
4/5/2020 9:24,58.1
4/5/2020 10:24,56.3
4/5/2020 11:24,55.4
4/5/2020 12:24,60.8
4/5/2020 13:24,56.3
4/5/2020 14:24,56.3
4/5/2020 15:24,55.4
4/5/2020 16:24,55.4
4/5/2020 17:24,54.5
4/5/2020 18:24,50.9
4/5/2020 19:24,50
4/5/2020 20:24,50
4/5/2020 21:24,50
4/5/2020 22:24,50
4/5/2020 23:24,49.1
4/6/2020 0:24,50
4/6/2020 1:24,49.1
4/6/2020 2:24,49.1
4/6/2020 3:24,49.1
4/6/2020 4:24,50
4/6/2020 5:24,50
4/6/2020 6:24,50
4/6/2020 7:24,50
4/6/2020 8:24,50
4/6/2020 9:24,51.8
4/6/2020 10:24,56.3
4/6/2020 11:24,56.3
4/6/2020 12:24,59.9
4/6/2020 13:24,61.7
4/6/2020 14:24,63.5
4/6/2020 15:24,60.8
4/6/2020 16:24,53.6
4/6/2020 17:24,50.9
4/6/2020 18:24,49.1
4/6/2020 19:24,44.6
4/6/2020 20:24,43.7
4/6/2020 21:24,42.8
4/6/2020 22:24,39.2
4/6/2020 23:24,39.2
4/7/2020 0:24,41.9
4/7/2020 1:24,44.6
4/7/2020 2:24,43.7
4/7/2020 3:24,43.7
4/7/2020 4:24,41
4/7/2020 5:24,39.2
4/7/2020 6:24,38.3
4/7/2020 7:24,43.7
4/7/2020 8:24,50
4/7/2020 9:24,66.2
4/7/2020 10:24,64.4
4/7/2020 11:24,71.6
4/7/2020 12:24,77.9
4/7/2020 13:24,65.3
4/7/2020 14:24,52.7
4/7/2020 15:24,59
4/7/2020 16:24,52.7
4/7/2020 17:24,52.7
4/7/2020 18:24,50.9
4/7/2020 19:24,48.2
4/7/2020 20:24,47.3
4/7/2020 21:24,47.3
4/7/2020 22:24,46.4
4/7/2020 23:24,47.3
4/8/2020 0:24,47.3
4/8/2020 1:24,47.3
4/8/2020 2:24,47.3
4/8/2020 3:24,47.3
4/8/2020 4:24,45.5
4/8/2020 5:24,43.7
4/8/2020 6:24,44.6
4/8/2020 7:24,44.6
4/8/2020 8:24,50.9
4/8/2020 9:24,51.8
4/8/2020 10:24,53.6
4/8/2020 11:24,62.6
4/8/2020 12:24,58.1
4/8/2020 13:24,65.3
4/8/2020 14:24,58.1
4/8/2020 15:24,59
4/8/2020 16:24,54.5
4/8/2020 17:24,52.7
4/8/2020 18:24,50
4/8/2020 19:24,47.3
4/8/2020 20:24,47.3
4/8/2020 21:24,46.4
4/8/2020 22:24,47.3
4/8/2020 23:24,47.3
4/9/2020 0:24,46.4
4/9/2020 1:24,46.4
4/9/2020 2:24,45.5
4/9/2020 3:24,46.4
4/9/2020 4:24,46.4
4/9/2020 5:24,46.4
4/9/2020 6:24,46.4
4/9/2020 7:24,46.4
4/9/2020 8:24,48.2
4/9/2020 9:24,48.2
4/9/2020 10:24,50.9
4/9/2020 11:24,50.9
4/9/2020 12:24,52.7
4/9/2020 13:24,53.6
4/9/2020 14:24,52.7
4/9/2020 15:24,50.9
4/9/2020 16:24,49.1
4/9/2020 17:24,48.2
4/9/2020 18:24,49.1
4/9/2020 19:24,48.2
4/9/2020 20:24,46.4
4/9/2020 21:24,47.3
4/9/2020 22:24,46.4
4/9/2020 23:24,45.5
4/10/2020 0:24,46.4
4/10/2020 1:24,46.4
4/10/2020 2:24,46.4
4/10/2020 3:24,46.4
4/10/2020 4:24,45.5
4/10/2020 5:24,45.5
4/10/2020 6:24,44.6
4/10/2020 7:24,45.5
4/10/2020 8:24,49.1
4/10/2020 9:24,53.6
4/10/2020 10:24,55.4
4/10/2020 11:24,60.8
4/10/2020 12:24,62.6
4/10/2020 13:24,52.7
4/10/2020 14:24,67.1
4/10/2020 15:24,58.1
4/10/2020 16:24,55.4
4/10/2020 17:24,55.4
4/10/2020 18:24,52.7
4/10/2020 19:24,49.1
4/10/2020 20:24,46.4
4/10/2020 21:24,47.3
4/10/2020 22:24,45.5
4/10/2020 23:24,47.3
4/11/2020 0:24,45.5
4/11/2020 1:24,45.5
4/11/2020 2:24,41.9
4/11/2020 3:24,41.9
4/11/2020 4:24,41
4/11/2020 5:24,40.1
4/11/2020 6:24,41
4/11/2020 7:24,49.1
4/11/2020 8:24,64.4
4/11/2020 9:24,65.3
4/11/2020 10:24,75.2
4/11/2020 11:24,77.9
4/11/2020 12:24,77.9
4/11/2020 13:24,84.2
4/11/2020 14:24,73.4
4/11/2020 15:24,68
4/11/2020 16:24,61.7
4/11/2020 17:24,58.1
4/11/2020 18:24,57.2
4/11/2020 19:24,54.5
4/11/2020 20:24,50.9
4/11/2020 21:24,48.2
4/11/2020 22:24,47.3
4/11/2020 23:24,45.5
4/12/2020 0:24,51.8
4/12/2020 1:24,51.8
4/12/2020 2:24,51.8
4/12/2020 3:24,51.8
4/12/2020 4:24,51.8
4/12/2020 5:24,52.7
4/12/2020 6:24,51.8
4/12/2020 7:24,53.6
4/12/2020 8:24,55.4
4/12/2020 9:24,57.2
4/12/2020 10:24,61.7
4/12/2020 11:24,59.9
4/12/2020 12:24,60.8
4/12/2020 13:24,59
4/12/2020 14:24,57.2
4/12/2020 15:24,58.1
4/12/2020 16:24,58.1
4/12/2020 17:24,56.3
4/12/2020 18:24,55.4
4/12/2020 19:24,53.6
4/12/2020 20:24,53.6
4/12/2020 21:24,52.7
4/12/2020 22:24,52.7
4/12/2020 23:24,52.7
4/13/2020 0:24,51.8
4/13/2020 1:24,51.8
4/13/2020 2:24,51.8
4/13/2020 3:24,51.8
4/13/2020 4:24,51.8
4/13/2020 5:24,47.3
4/13/2020 6:24,50.9
4/13/2020 7:24,52.7
4/13/2020 8:24,55.4
4/13/2020 9:24,60.8
4/13/2020 10:24,65.3
4/13/2020 11:24,76.1
4/13/2020 12:24,77
4/13/2020 13:24,77
4/13/2020 14:24,71.6
4/13/2020 15:24,67.1
4/13/2020 16:24,63.5
4/13/2020 17:24,61.7
4/13/2020 18:24,59
4/13/2020 19:24,56.3
4/13/2020 20:24,55.4
4/13/2020 21:24,51.8
4/13/2020 22:24,49.1
4/13/2020 23:24,46.4
4/14/2020 0:24,45.5
4/14/2020 1:24,45.5
4/14/2020 2:24,44.6
4/14/2020 3:24,50
4/14/2020 4:24,50
4/14/2020 5:24,50.9
4/14/2020 6:24,49.1
4/14/2020 7:24,52.7
4/14/2020 8:24,68
4/14/2020 9:24,72.5
4/14/2020 10:24,77
4/14/2020 11:24,77.9
4/14/2020 12:24,78.8
4/14/2020 13:24,78.8
4/14/2020 14:24,77
4/14/2020 15:24,68
4/14/2020 16:24,63.5
4/14/2020 17:24,60.8
4/14/2020 18:24,56.3
4/14/2020 19:24,53.6
4/14/2020 20:24,50.9
4/14/2020 21:24,54.5
4/14/2020 22:24,49.1
4/14/2020 23:24,51.8
4/15/2020 0:24,51.8
4/15/2020 1:24,50.9
4/15/2020 2:24,50
4/15/2020 3:24,48.2
4/15/2020 4:24,46.4
4/15/2020 5:24,46.4
4/15/2020 6:24,44.6
4/15/2020 7:24,54.5
4/15/2020 8:24,73.4
4/15/2020 9:24,78.8
4/15/2020 10:24,83.3
4/15/2020 11:24,84.2
4/15/2020 12:24,83.3
4/15/2020 13:24,83.3
4/15/2020 14:24,78.8
4/15/2020 15:24,71.6
4/15/2020 16:24,66.2
4/15/2020 17:24,62.6
4/15/2020 18:24,60.8
4/15/2020 19:24,54.5
4/15/2020 20:24,50.9
4/15/2020 21:24,49.1
4/15/2020 22:24,48.2
4/15/2020 23:24,47.3
4/16/2020 0:24,46.4
4/16/2020 1:24,46.4
4/16/2020 2:24,45.5
4/16/2020 3:24,45.5
4/16/2020 4:24,44.6
4/16/2020 5:24,44.6
4/16/2020 6:24,43.7
4/16/2020 7:24,53.6
4/16/2020 8:24,71.6
4/16/2020 9:24,77.9
4/16/2020 10:24,82.4
4/16/2020 11:24,83.3
4/16/2020 12:24,82.4
4/16/2020 13:24,86.9
4/16/2020 14:24,77.9
4/16/2020 15:24,72.5
4/16/2020 16:24,67.1
4/16/2020 17:24,63.5
4/16/2020 18:24,61.7
4/16/2020 19:24,59
4/16/2020 20:24,55.4
4/16/2020 21:24,53.6
4/16/2020 22:24,50.9
4/16/2020 23:24,50
4/17/2020 0:24,50
4/17/2020 1:24,50
4/17/2020 2:24,49.1
4/17/2020 3:24,49.1
4/17/2020 4:24,47.3
4/17/2020 5:24,49.1
4/17/2020 6:24,48.2
4/17/2020 7:24,50
4/17/2020 8:24,51.8
4/17/2020 9:24,56.3
4/17/2020 10:24,67.1
4/17/2020 11:24,71.6
4/17/2020 12:24,77
4/17/2020 13:24,85.1
4/17/2020 14:24,73.4
4/17/2020 15:24,66.2
4/17/2020 16:24,61.7
4/17/2020 17:24,60.8
4/17/2020 18:24,56.3
4/17/2020 19:24,51.8
4/17/2020 20:24,52.7
4/17/2020 21:24,53.6
4/17/2020 22:24,52.7
4/17/2020 23:24,52.7
4/18/2020 0:24,52.7
4/18/2020 1:24,52.7
4/18/2020 2:24,52.7
4/18/2020 3:24,52.7
4/18/2020 4:24,51.8
4/18/2020 5:24,51.8
4/18/2020 6:24,51.8
4/18/2020 7:24,53.6
4/18/2020 8:24,58.1
4/18/2020 9:24,64.4
4/18/2020 10:24,61.7
4/18/2020 11:24,65.3
4/18/2020 12:24,67.1
4/18/2020 13:24,66.2
4/18/2020 14:24,64.4
4/18/2020 15:24,64.4
4/18/2020 16:24,60.8
4/18/2020 17:24,59.9
4/18/2020 18:24,59
4/18/2020 19:24,55.4
4/18/2020 20:24,50.9
4/18/2020 21:24,49.1
4/18/2020 22:24,52.7
4/18/2020 23:24,52.7
4/19/2020 0:24,52.7
4/19/2020 1:24,52.7
4/19/2020 2:24,51.8
4/19/2020 3:24,50
4/19/2020 4:24,49.1
4/19/2020 5:24,50.9
4/19/2020 6:24,47.3
4/19/2020 7:24,51.8
4/19/2020 8:24,58.1
4/19/2020 9:24,68
4/19/2020 10:24,74.3
4/19/2020 11:24,81.5
4/19/2020 12:24,84.2
4/19/2020 13:24,87.8
4/19/2020 14:24,77.9
4/19/2020 15:24,68.9
4/19/2020 16:24,64.4
4/19/2020 17:24,60.8
4/19/2020 18:24,56.3
4/19/2020 19:24,54.5
4/19/2020 20:24,52.7
4/19/2020 21:24,52.7
4/19/2020 22:24,53.6
4/19/2020 23:24,53.6
4/20/2020 0:24,50
4/20/2020 1:24,47.3
4/20/2020 2:24,51.8
4/20/2020 3:24,52.7
4/20/2020 4:24,53.6
4/20/2020 5:24,51.8
4/20/2020 6:24,50.9
4/20/2020 7:24,55.4
4/20/2020 8:24,61.7
4/20/2020 9:24,69.8
4/20/2020 10:24,72.5
4/20/2020 11:24,77
4/20/2020 12:24,81.5
4/20/2020 13:24,82.4
4/20/2020 14:24,68.9
4/20/2020 15:24,68
4/20/2020 16:24,65.3
4/20/2020 17:24,64.4
4/20/2020 18:24,59.9
4/20/2020 19:24,57.2
4/20/2020 20:24,53.6
4/20/2020 21:24,51.8
4/20/2020 22:24,49.1
4/20/2020 23:24,47.3
4/21/2020 0:24,46.4
4/21/2020 1:24,45.5
4/21/2020 2:24,46.4
4/21/2020 3:24,44.6
4/21/2020 4:24,44.6
4/21/2020 5:24,44.6
4/21/2020 6:24,42.8
4/21/2020 7:24,55.4
4/21/2020 8:24,73.4
4/21/2020 9:24,78.8
4/21/2020 10:24,83.3
4/21/2020 11:24,85.1
4/21/2020 12:24,84.2
4/21/2020 13:24,90.5
4/21/2020 14:24,86.9
4/21/2020 15:24,76.1
4/21/2020 16:24,67.1
4/21/2020 17:24,62.6
4/21/2020 18:24,63.5
4/21/2020 19:24,59.9
4/21/2020 20:24,57.2
4/21/2020 21:24,58.1
4/21/2020 22:24,53.6
4/21/2020 23:24,52.7
4/22/2020 0:24,49.1
4/22/2020 1:24,48.2
4/22/2020 2:24,46.4
4/22/2020 3:24,51.8
4/22/2020 4:24,57.2
4/22/2020 5:24,51.8
4/22/2020 6:24,46.4
4/22/2020 7:24,60.8
4/22/2020 8:24,79.7
4/22/2020 9:24,86
4/22/2020 10:24,92.3
4/22/2020 11:24,95.9
4/22/2020 12:24,92.3
4/22/2020 13:24,99.5
4/22/2020 14:24,95
4/22/2020 15:24,78.8
4/22/2020 16:24,73.4
4/22/2020 17:24,70.7
4/22/2020 18:24,69.8
4/22/2020 19:24,65.3
4/22/2020 20:24,59.9
4/22/2020 21:24,57.2
4/22/2020 22:24,55.4
4/22/2020 23:24,53.6
4/23/2020 0:24,52.7
4/23/2020 1:24,57.2
4/23/2020 2:24,61.7
4/23/2020 3:24,59
4/23/2020 4:24,56.3
4/23/2020 5:24,55.4
4/23/2020 6:24,54.5
4/23/2020 7:24,71.6
4/23/2020 8:24,86.9
4/23/2020 9:24,90.5
4/23/2020 10:24,91.4
4/23/2020 11:24,92.3
4/23/2020 12:24,94.1
4/23/2020 13:24,97.7
4/23/2020 14:24,93.2
4/23/2020 15:24,85.1
4/23/2020 16:24,75.2
4/23/2020 17:24,73.4
4/23/2020 18:24,70.7
4/23/2020 19:24,69.8
4/23/2020 20:24,64.4
4/23/2020 21:24,66.2
4/23/2020 22:24,66.2
4/23/2020 23:24,64.4
4/24/2020 0:24,66.2
4/24/2020 1:24,59
4/24/2020 2:24,67.1
4/24/2020 3:24,61.7
4/24/2020 4:24,61.7
4/24/2020 5:24,60.8
4/24/2020 6:24,57.2
4/24/2020 7:24,78.8
4/24/2020 8:24,93.2
4/24/2020 9:24,93.2
4/24/2020 10:24,95.9
4/24/2020 11:24,97.7
4/24/2020 12:24,109.4
4/24/2020 13:24,107.6
4/24/2020 14:24,95.9
4/24/2020 15:24,85.1
4/24/2020 16:24,79.7
4/24/2020 17:24,77
4/24/2020 18:24,75.2
4/24/2020 19:24,71.6
4/24/2020 20:24,63.5
4/24/2020 21:24,61.7
4/24/2020 22:24,56.3
4/24/2020 23:24,55.4
4/25/2020 0:24,53.6
4/25/2020 1:24,52.7
4/25/2020 2:24,50
4/25/2020 3:24,48.2
4/25/2020 4:24,49.1
4/25/2020 5:24,47.3
4/25/2020 6:24,48.2
4/25/2020 7:24,71.6
4/25/2020 8:24,95.9
4/25/2020 9:24,108.5
4/25/2020 10:24,120.2
4/25/2020 11:24,122.9
4/25/2020 12:24,118.4
4/25/2020 13:24,113.9
4/25/2020 14:24,101.3
4/25/2020 15:24,86.9
4/25/2020 16:24,79.7
4/25/2020 17:24,76.1
4/25/2020 18:24,68
4/25/2020 19:24,61.7
4/25/2020 20:24,59
4/25/2020 21:24,58.1
4/25/2020 22:24,56.3
4/25/2020 23:24,55.4
4/26/2020 0:24,53.6
4/26/2020 1:24,51.8
4/26/2020 2:24,51.8
4/26/2020 3:24,51.8
4/26/2020 4:24,50
4/26/2020 5:24,49.1
4/26/2020 6:24,49.1
4/26/2020 7:24,64.4
4/26/2020 8:24,94.1
4/26/2020 9:24,108.5
4/26/2020 10:24,114.8
4/26/2020 11:24,118.4
4/26/2020 12:24,114.8
4/26/2020 13:24,111.2
4/26/2020 14:24,101.3
4/26/2020 15:24,86
4/26/2020 16:24,84.2
4/26/2020 17:24,80.6
4/26/2020 18:24,73.4
4/26/2020 19:24,66.2
4/26/2020 20:24,60.8
4/26/2020 21:24,57.2
4/26/2020 22:24,55.4
4/26/2020 23:24,54.5
4/27/2020 0:24,52.7
4/27/2020 1:24,51.8
4/27/2020 2:24,50.9
4/27/2020 3:24,50.9
4/27/2020 4:24,50.9
4/27/2020 5:24,54.5
4/27/2020 6:24,53.6
4/27/2020 7:24,70.7
4/27/2020 8:24,91.4
4/27/2020 9:24,105.8
4/27/2020 10:24,112.1
4/27/2020 11:24,111.2
4/27/2020 12:24,110.3
4/27/2020 13:24,103.1
4/27/2020 14:24,98.6
4/27/2020 15:24,84.2
4/27/2020 16:24,77.9
4/27/2020 17:24,76.1
4/27/2020 18:24,68
4/27/2020 19:24,62.6
4/27/2020 20:24,59
4/27/2020 21:24,57.2
4/27/2020 22:24,53.6
4/27/2020 23:24,51.8
4/28/2020 0:24,50.9
4/28/2020 1:24,50
4/28/2020 2:24,49.1
4/28/2020 3:24,48.2
4/28/2020 4:24,48.2
4/28/2020 5:24,47.3
4/28/2020 6:24,47.3
4/28/2020 7:24,67.1
4/28/2020 8:24,93.2
4/28/2020 9:24,111.2
4/28/2020 10:24,119.3
4/28/2020 11:24,123.8
4/28/2020 12:24,112.1
4/28/2020 13:24,104.9
4/28/2020 14:24,98.6
4/28/2020 15:24,86
4/28/2020 16:24,79.7
4/28/2020 17:24,75.2
4/28/2020 18:24,71.6
4/28/2020 19:24,65.3
4/28/2020 20:24,60.8
4/28/2020 21:24,59
4/28/2020 22:24,57.2
4/28/2020 23:24,56.3
4/29/2020 0:24,55.4
4/29/2020 1:24,53.6
4/29/2020 2:24,53.6
4/29/2020 3:24,51.8
4/29/2020 4:24,50
4/29/2020 5:24,49.1
4/29/2020 6:24,50
4/29/2020 7:24,65.3
4/29/2020 8:24,90.5
4/29/2020 9:24,108.5
4/29/2020 10:24,106.7
4/29/2020 11:24,123.8
4/29/2020 12:24,110.3
4/29/2020 13:24,109.4
4/29/2020 14:24,95.9
4/29/2020 15:24,88.7
4/29/2020 16:24,82.4
4/29/2020 17:24,74.3
4/29/2020 18:24,67.1
4/29/2020 19:24,63.5
4/29/2020 20:24,60.8
4/29/2020 21:24,59
4/29/2020 22:24,57.2
4/29/2020 23:24,58.1
4/30/2020 0:24,57.2
4/30/2020 1:24,58.1
4/30/2020 2:24,58.1
4/30/2020 3:24,59
4/30/2020 4:24,57.2
4/30/2020 5:24,56.3
4/30/2020 6:24,58.1
4/30/2020 7:24,62.6
4/30/2020 8:24,90.5
4/30/2020 9:24,106.7
4/30/2020 10:24,113.9
4/30/2020 11:24,111.2
4/30/2020 12:24,107.6
4/30/2020 13:24,104
4/30/2020 14:24,103.1
4/30/2020 15:24,87.8
4/30/2020 16:24,77
4/30/2020 17:24,73.4
4/30/2020 18:24,69.8
4/30/2020 19:24,66.2
4/30/2020 20:24,57.2
4/30/2020 21:24,53.6
4/30/2020 22:24,51.8
4/30/2020 23:24,51.8
5/1/2020 0:24,57.2
5/1/2020 1:24,59
5/1/2020 2:24,55.4
5/1/2020 3:24,58.1
5/1/2020 4:24,59
5/1/2020 5:24,53.6
5/1/2020 6:24,51.8
5/1/2020 7:24,71.6
5/1/2020 8:24,94.1
5/1/2020 9:24,107.6
5/1/2020 10:24,109.4
