#,"Date Time, GMT-08:00",1283,1294,1295,1296,1297
1,1/26/2021 12:52,0.2868,0.1009,0.2783,0.2579,0.265
2,1/26/2021 13:52,0.2871,0.1014,0.2786,0.2579,0.2653
3,1/26/2021 14:52,0.2871,0.102,0.279,0.2579,0.265
4,1/26/2021 15:52,0.2871,0.102,0.279,0.2579,0.265
5,1/26/2021 16:52,0.2871,0.1025,0.279,0.2579,0.265
6,1/26/2021 17:52,0.2871,0.1025,0.279,0.2579,0.265
7,1/26/2021 18:52,0.2871,0.1025,0.279,0.2575,0.265
8,1/26/2021 19:52,0.2871,0.1025,0.279,0.2575,0.265
9,1/26/2021 20:52,0.2874,0.1025,0.279,0.2579,0.265
10,1/26/2021 21:52,0.2874,0.1025,0.2793,0.2575,0.265
11,1/26/2021 22:52,0.2877,0.1025,0.2793,0.2575,0.2646
12,1/26/2021 23:52,0.2877,0.1025,0.2796,0.2571,0.2646
13,1/27/2021 0:52,0.2877,0.1025,0.28,0.2575,0.2646
14,1/27/2021 1:52,0.2877,0.1025,0.28,0.2575,0.2646
15,1/27/2021 2:52,0.2881,0.1036,0.28,0.2579,0.265
16,1/27/2021 3:52,0.2881,0.1036,0.28,0.2579,0.265
17,1/27/2021 4:52,0.2881,0.1036,0.2803,0.2582,0.265
18,1/27/2021 5:52,0.2881,0.1042,0.2803,0.2582,0.265
19,1/27/2021 6:52,0.2881,0.1042,0.2806,0.2582,0.265
20,1/27/2021 7:52,0.2881,0.1047,0.2806,0.2582,0.265
21,1/27/2021 8:52,0.2887,0.1053,0.2803,0.2596,0.2746
22,1/27/2021 9:52,0.289,0.1064,0.28,0.26,0.2739
23,1/27/2021 10:52,0.2895,0.1069,0.28,0.2618,0.2753
24,1/27/2021 11:52,0.2898,0.1069,0.2796,0.2666,0.2773
25,1/27/2021 12:52,0.2898,0.1075,0.2796,0.2664,0.277
26,1/27/2021 13:52,0.2898,0.1075,0.2796,0.266,0.2763
27,1/27/2021 14:52,0.2901,0.108,0.2796,0.266,0.2759
28,1/27/2021 15:52,0.2901,0.1085,0.2796,0.2664,0.2756
29,1/27/2021 16:52,0.2901,0.1085,0.2796,0.266,0.2753
30,1/27/2021 17:52,0.2901,0.1085,0.2796,0.2657,0.2753
31,1/27/2021 18:52,0.2904,0.1085,0.2796,0.2657,0.2749
32,1/27/2021 19:52,0.2904,0.1085,0.2796,0.2653,0.2749
33,1/27/2021 20:52,0.2904,0.1085,0.2796,0.2653,0.2746
34,1/27/2021 21:52,0.2904,0.1085,0.2796,0.2653,0.2746
35,1/27/2021 22:52,0.2908,0.1085,0.2796,0.265,0.2743
36,1/27/2021 23:52,0.2908,0.1085,0.2796,0.265,0.2743
37,1/28/2021 0:52,0.2911,0.1085,0.2796,0.2653,0.2743
38,1/28/2021 1:52,0.2911,0.1085,0.2796,0.265,0.2743
39,1/28/2021 2:52,0.2911,0.1085,0.2796,0.265,0.2739
40,1/28/2021 3:52,0.2914,0.1085,0.2796,0.265,0.2739
41,1/28/2021 4:52,0.2914,0.1085,0.2796,0.265,0.2739
42,1/28/2021 5:52,0.2914,0.1091,0.2796,0.2646,0.2736
43,1/28/2021 6:52,0.2914,0.1085,0.2796,0.265,0.2736
44,1/28/2021 7:52,0.2919,0.1091,0.2796,0.2646,0.2736
45,1/28/2021 8:52,0.2922,0.1091,0.2796,0.2646,0.2736
46,1/28/2021 9:52,0.2922,0.1091,0.2796,0.2646,0.2736
47,1/28/2021 10:52,0.2925,0.1096,0.28,0.265,0.2736
48,1/28/2021 11:52,0.2925,0.1091,0.28,0.265,0.2736
49,1/28/2021 12:52,0.2928,0.1091,0.28,0.2646,0.2736
50,1/28/2021 13:52,0.2928,0.1096,0.28,0.265,0.2736
51,1/28/2021 14:52,0.2928,0.1096,0.28,0.265,0.2736
52,1/28/2021 15:52,0.2928,0.1096,0.28,0.2646,0.2736
53,1/28/2021 16:52,0.2932,0.1096,0.2796,0.2646,0.2736
54,1/28/2021 17:52,0.3054,0.1122,0.279,0.2684,0.2749
55,1/28/2021 18:52,0.3265,0.1656,0.2984,0.2938,0.3511
56,1/28/2021 19:52,0.378,0.2452,0.3274,0.3008,0.3716
57,1/28/2021 20:52,0.3952,0.265,0.3389,0.3058,0.3834
58,1/28/2021 21:52,0.3978,0.2756,0.3476,0.3098,0.389
59,1/28/2021 22:52,0.3902,0.2803,0.3511,0.3113,0.3787
60,1/28/2021 23:52,0.384,0.2824,0.3521,0.3125,0.3722
61,1/29/2021 0:52,0.3959,0.2911,0.3594,0.3163,0.389
62,1/29/2021 1:52,0.399,0.2946,0.3722,0.3187,0.392
63,1/29/2021 2:52,0.3829,0.2922,0.3688,0.3175,0.378
64,1/29/2021 3:52,0.3762,0.2901,0.3666,0.3183,0.3705
65,1/29/2021 4:52,0.374,0.2901,0.366,0.3192,0.3683
66,1/29/2021 5:52,0.3729,0.2898,0.3655,0.3192,0.366
67,1/29/2021 6:52,0.3716,0.2898,0.3655,0.3195,0.3643
68,1/29/2021 7:52,0.3694,0.289,0.3649,0.3195,0.3632
69,1/29/2021 8:52,0.3666,0.2881,0.3638,0.3195,0.3616
70,1/29/2021 9:52,0.3643,0.2871,0.3628,0.3195,0.36
71,1/29/2021 10:52,0.3628,0.2864,0.3616,0.3192,0.3584
72,1/29/2021 11:52,0.3616,0.2857,0.3611,0.3192,0.3568
73,1/29/2021 12:52,0.3611,0.285,0.3605,0.3192,0.3557
74,1/29/2021 13:52,0.3605,0.2847,0.36,0.3195,0.3547
75,1/29/2021 14:52,0.3605,0.2844,0.36,0.3192,0.3542
76,1/29/2021 15:52,0.3594,0.2837,0.3594,0.3192,0.3531
77,1/29/2021 16:52,0.359,0.283,0.359,0.3192,0.3526
78,1/29/2021 17:52,0.3578,0.2827,0.3584,0.3187,0.3516
79,1/29/2021 18:52,0.3573,0.2821,0.3584,0.3187,0.3511
80,1/29/2021 19:52,0.3563,0.2813,0.3578,0.3183,0.3506
81,1/29/2021 20:52,0.3553,0.281,0.3573,0.3178,0.3496
82,1/29/2021 21:52,0.3547,0.2803,0.3568,0.3175,0.3486
83,1/29/2021 22:52,0.3537,0.28,0.3557,0.3175,0.3481
84,1/29/2021 23:52,0.3531,0.2793,0.3557,0.3171,0.3471
85,1/30/2021 0:52,0.3526,0.279,0.3553,0.3171,0.3466
86,1/30/2021 1:52,0.3516,0.2783,0.3542,0.3168,0.3461
87,1/30/2021 2:52,0.3511,0.278,0.3537,0.3163,0.3451
88,1/30/2021 3:52,0.3506,0.2776,0.3531,0.316,0.3447
89,1/30/2021 4:52,0.35,0.2773,0.3526,0.316,0.3441
90,1/30/2021 5:52,0.3496,0.2766,0.3526,0.3156,0.3432
91,1/30/2021 6:52,0.349,0.2763,0.3521,0.3156,0.3427
92,1/30/2021 7:52,0.349,0.2763,0.3516,0.3156,0.3422
93,1/30/2021 8:52,0.349,0.2759,0.3516,0.3156,0.3422
94,1/30/2021 9:52,0.349,0.2756,0.3516,0.3156,0.3418
95,1/30/2021 10:52,0.349,0.2756,0.3511,0.316,0.3412
96,1/30/2021 11:52,0.349,0.2753,0.3511,0.316,0.3412
97,1/30/2021 12:52,0.349,0.2753,0.3511,0.316,0.3408
98,1/30/2021 13:52,0.349,0.2753,0.3511,0.316,0.3408
99,1/30/2021 14:52,0.3486,0.2746,0.3506,0.3156,0.3403
100,1/30/2021 15:52,0.3481,0.2743,0.3506,0.3151,0.3399
101,1/30/2021 16:52,0.3476,0.2739,0.3506,0.3151,0.3399
102,1/30/2021 17:52,0.3471,0.2736,0.3506,0.3151,0.3393
103,1/30/2021 18:52,0.3466,0.2732,0.35,0.3148,0.3389
104,1/30/2021 19:52,0.3466,0.2732,0.3496,0.3148,0.3389
105,1/30/2021 20:52,0.3461,0.2726,0.3496,0.3144,0.3384
106,1/30/2021 21:52,0.3457,0.2726,0.349,0.3144,0.338
107,1/30/2021 22:52,0.3451,0.2722,0.349,0.3144,0.3376
108,1/30/2021 23:52,0.3451,0.2719,0.3486,0.314,0.3371
109,1/31/2021 0:52,0.3447,0.2719,0.3486,0.314,0.3367
110,1/31/2021 1:52,0.3441,0.2715,0.3481,0.3136,0.3361
111,1/31/2021 2:52,0.3441,0.2712,0.3476,0.3136,0.3357
112,1/31/2021 3:52,0.3437,0.2712,0.3476,0.3136,0.3357
113,1/31/2021 4:52,0.3432,0.2708,0.3471,0.3133,0.3352
114,1/31/2021 5:52,0.3432,0.2705,0.3471,0.3133,0.3348
115,1/31/2021 6:52,0.3427,0.2705,0.3466,0.3133,0.3343
116,1/31/2021 7:52,0.3427,0.2701,0.3466,0.3133,0.3343
117,1/31/2021 8:52,0.3432,0.2701,0.3466,0.3136,0.3343
118,1/31/2021 9:52,0.3432,0.2698,0.3461,0.3136,0.3339
119,1/31/2021 10:52,0.3432,0.2698,0.3461,0.3136,0.3335
120,1/31/2021 11:52,0.3437,0.2698,0.3461,0.314,0.3335
121,1/31/2021 12:52,0.3432,0.2694,0.3457,0.3136,0.333
122,1/31/2021 13:52,0.3437,0.2694,0.3457,0.314,0.333
123,1/31/2021 14:52,0.3432,0.2691,0.3457,0.314,0.3326
124,1/31/2021 15:52,0.3432,0.2687,0.3451,0.3136,0.3326
125,1/31/2021 16:52,0.3432,0.2687,0.3451,0.3136,0.3321
126,1/31/2021 17:52,0.3427,0.2684,0.3451,0.3136,0.3321
127,1/31/2021 18:52,0.3427,0.2684,0.3451,0.3133,0.3321
128,1/31/2021 19:52,0.3427,0.268,0.3447,0.3133,0.3317
129,1/31/2021 20:52,0.3422,0.2677,0.3447,0.3133,0.3317
130,1/31/2021 21:52,0.3418,0.2677,0.3441,0.3128,0.3312
131,1/31/2021 22:52,0.3418,0.2673,0.3441,0.3128,0.3312
132,1/31/2021 23:52,0.3418,0.2673,0.3441,0.3128,0.3308
133,2/1/2021 0:52,0.3412,0.267,0.3437,0.3128,0.3308
134,2/1/2021 1:52,0.3412,0.267,0.3437,0.3128,0.3304
135,2/1/2021 2:52,0.3412,0.2666,0.3437,0.3128,0.3304
136,2/1/2021 3:52,0.3408,0.2666,0.3437,0.3128,0.3299
137,2/1/2021 4:52,0.3408,0.2664,0.3432,0.3125,0.3299
138,2/1/2021 5:52,0.3408,0.2664,0.3432,0.3125,0.3295
139,2/1/2021 6:52,0.3403,0.2664,0.3432,0.3125,0.3295
140,2/1/2021 7:52,0.3403,0.266,0.3427,0.3125,0.329
141,2/1/2021 8:52,0.3403,0.266,0.3427,0.3125,0.329
142,2/1/2021 9:52,0.3403,0.266,0.3427,0.3128,0.329
143,2/1/2021 10:52,0.3408,0.266,0.3427,0.3128,0.329
144,2/1/2021 11:52,0.3408,0.266,0.3422,0.3128,0.3286
145,2/1/2021 12:52,0.3408,0.266,0.3422,0.3133,0.3286
146,2/1/2021 13:52,0.3408,0.2657,0.3422,0.3133,0.3282
147,2/1/2021 14:52,0.3408,0.2653,0.3418,0.3133,0.3282
148,2/1/2021 15:52,0.3403,0.2653,0.3418,0.3133,0.3277
149,2/1/2021 16:52,0.3403,0.265,0.3418,0.3128,0.3277
150,2/1/2021 17:52,0.3399,0.265,0.3412,0.3125,0.3274
151,2/1/2021 18:52,0.3399,0.2646,0.3412,0.3125,0.3274
152,2/1/2021 19:52,0.3399,0.2646,0.3412,0.3125,0.3274
153,2/1/2021 20:52,0.3393,0.2642,0.3408,0.3121,0.3269
154,2/1/2021 21:52,0.3389,0.2642,0.3408,0.3121,0.3269
155,2/1/2021 22:52,0.3389,0.2639,0.3403,0.3121,0.3265
156,2/1/2021 23:52,0.3384,0.2639,0.3403,0.3118,0.3261
157,2/2/2021 0:52,0.3384,0.2635,0.3403,0.3118,0.3261
158,2/2/2021 1:52,0.3384,0.2635,0.3399,0.3118,0.3261
159,2/2/2021 2:52,0.338,0.2632,0.3399,0.3118,0.3256
160,2/2/2021 3:52,0.338,0.2632,0.3399,0.3118,0.3256
161,2/2/2021 4:52,0.338,0.2632,0.3393,0.3118,0.3252
162,2/2/2021 5:52,0.3376,0.2628,0.3393,0.3118,0.3252
163,2/2/2021 6:52,0.3376,0.2628,0.3393,0.3113,0.3249
164,2/2/2021 7:52,0.338,0.2628,0.3393,0.3118,0.3249
165,2/2/2021 8:52,0.338,0.2628,0.3393,0.3118,0.3249
166,2/2/2021 9:52,0.338,0.2628,0.3389,0.3121,0.3249
167,2/2/2021 10:52,0.3384,0.2628,0.3389,0.3125,0.3244
168,2/2/2021 11:52,0.3389,0.2628,0.3384,0.3125,0.324
169,2/2/2021 12:52,0.3389,0.2628,0.3384,0.3125,0.324
170,2/2/2021 13:52,0.3389,0.2628,0.338,0.3125,0.324
171,2/2/2021 14:52,0.3384,0.2624,0.338,0.3125,0.3235
172,2/2/2021 15:52,0.3384,0.2621,0.338,0.3121,0.3235
173,2/2/2021 16:52,0.3384,0.2621,0.3376,0.3121,0.3231
174,2/2/2021 17:52,0.338,0.2621,0.3376,0.3121,0.3231
175,2/2/2021 18:52,0.3376,0.2618,0.3376,0.3118,0.3231
176,2/2/2021 19:52,0.3376,0.2618,0.3376,0.3118,0.3231
177,2/2/2021 20:52,0.3376,0.2618,0.3371,0.3113,0.3228
178,2/2/2021 21:52,0.3371,0.2615,0.3371,0.3113,0.3228
179,2/2/2021 22:52,0.3371,0.2615,0.3367,0.311,0.3223
180,2/2/2021 23:52,0.3367,0.2611,0.3367,0.311,0.3223
181,2/3/2021 0:52,0.3367,0.2611,0.3361,0.311,0.3223
182,2/3/2021 1:52,0.3361,0.2604,0.3361,0.3106,0.3219
183,2/3/2021 2:52,0.3357,0.2604,0.3361,0.3106,0.3216
184,2/3/2021 3:52,0.3357,0.2604,0.3357,0.3106,0.3216
185,2/3/2021 4:52,0.3352,0.2604,0.3357,0.3106,0.3211
186,2/3/2021 5:52,0.3352,0.2604,0.3357,0.3106,0.3211
187,2/3/2021 6:52,0.3348,0.26,0.3352,0.3106,0.3207
188,2/3/2021 7:52,0.3352,0.2604,0.3352,0.3106,0.3207
189,2/3/2021 8:52,0.3352,0.2604,0.3352,0.3106,0.3207
190,2/3/2021 9:52,0.3357,0.2604,0.3352,0.311,0.3207
191,2/3/2021 10:52,0.3357,0.2604,0.3352,0.3113,0.3204
192,2/3/2021 11:52,0.3361,0.2604,0.3348,0.3113,0.3204
193,2/3/2021 12:52,0.3361,0.2604,0.3348,0.3113,0.3199
194,2/3/2021 13:52,0.3361,0.26,0.3343,0.3113,0.3199
195,2/3/2021 14:52,0.3361,0.26,0.3343,0.3113,0.3195
196,2/3/2021 15:52,0.3361,0.2596,0.3339,0.3113,0.3195
197,2/3/2021 16:52,0.3361,0.2596,0.3339,0.3113,0.3195
198,2/3/2021 17:52,0.3357,0.2592,0.3339,0.311,0.3195
199,2/3/2021 18:52,0.3357,0.2592,0.3339,0.311,0.3195
200,2/3/2021 19:52,0.3357,0.2592,0.3335,0.3106,0.3192
201,2/3/2021 20:52,0.3352,0.2589,0.3335,0.3106,0.3192
202,2/3/2021 21:52,0.3348,0.2589,0.333,0.3106,0.3192
203,2/3/2021 22:52,0.3348,0.2585,0.333,0.3102,0.3192
204,2/3/2021 23:52,0.3343,0.2582,0.333,0.3102,0.3187
205,2/4/2021 0:52,0.3343,0.2582,0.3326,0.3102,0.3187
206,2/4/2021 1:52,0.3339,0.2579,0.3326,0.3098,0.3183
207,2/4/2021 2:52,0.3335,0.2579,0.3321,0.3098,0.3183
208,2/4/2021 3:52,0.3335,0.2579,0.3321,0.3095,0.3178
209,2/4/2021 4:52,0.333,0.2579,0.3321,0.3095,0.3175
210,2/4/2021 5:52,0.333,0.2579,0.3317,0.3095,0.3175
211,2/4/2021 6:52,0.3326,0.2575,0.3317,0.3095,0.3175
212,2/4/2021 7:52,0.333,0.2579,0.3317,0.3098,0.3175
213,2/4/2021 8:52,0.333,0.2579,0.3317,0.3098,0.3171
214,2/4/2021 9:52,0.333,0.2579,0.3312,0.3102,0.3171
215,2/4/2021 10:52,0.3335,0.2579,0.3312,0.3102,0.3168
216,2/4/2021 11:52,0.3335,0.2579,0.3308,0.3102,0.3163
217,2/4/2021 12:52,0.3335,0.2575,0.3304,0.3102,0.316
218,2/4/2021 13:52,0.3339,0.2575,0.3304,0.3102,0.316
219,2/4/2021 14:52,0.3335,0.2571,0.3299,0.3102,0.316
220,2/4/2021 15:52,0.3335,0.2571,0.3299,0.3102,0.3156
221,2/4/2021 16:52,0.3335,0.2567,0.3299,0.3102,0.3156
222,2/4/2021 17:52,0.333,0.2567,0.3295,0.3098,0.3156
223,2/4/2021 18:52,0.333,0.2567,0.3295,0.3098,0.3156
224,2/4/2021 19:52,0.3326,0.2564,0.3295,0.3095,0.3151
225,2/4/2021 20:52,0.3326,0.2564,0.3295,0.3095,0.3151
226,2/4/2021 21:52,0.3321,0.2564,0.3295,0.3092,0.3151
227,2/4/2021 22:52,0.3317,0.256,0.329,0.3095,0.3148
228,2/4/2021 23:52,0.3317,0.2564,0.329,0.3092,0.3148
229,2/5/2021 0:52,0.3317,0.256,0.329,0.3092,0.3148
230,2/5/2021 1:52,0.3312,0.256,0.3286,0.3092,0.3148
231,2/5/2021 2:52,0.3312,0.2557,0.3286,0.3092,0.3144
232,2/5/2021 3:52,0.3308,0.2557,0.3286,0.3084,0.3144
233,2/5/2021 4:52,0.3308,0.2557,0.3282,0.3087,0.314
234,2/5/2021 5:52,0.3304,0.2557,0.3282,0.3084,0.314
235,2/5/2021 6:52,0.3304,0.2557,0.3282,0.3084,0.314
236,2/5/2021 7:52,0.3304,0.2557,0.3282,0.3084,0.314
237,2/5/2021 8:52,0.3308,0.2557,0.3282,0.3087,0.3136
238,2/5/2021 9:52,0.3308,0.2557,0.3277,0.3092,0.3136
239,2/5/2021 10:52,0.3312,0.2557,0.3277,0.3092,0.3133
240,2/5/2021 11:52,0.3317,0.2557,0.3274,0.3095,0.3133
241,2/5/2021 12:52,0.3321,0.2553,0.3269,0.3095,0.3128
242,2/5/2021 13:52,0.3321,0.2553,0.3269,0.3098,0.3125
243,2/5/2021 14:52,0.3317,0.255,0.3265,0.3095,0.3125
244,2/5/2021 15:52,0.3317,0.255,0.3265,0.3092,0.3125
245,2/5/2021 16:52,0.3317,0.255,0.3265,0.3095,0.3125
246,2/5/2021 17:52,0.3312,0.2546,0.3261,0.3092,0.3125
247,2/5/2021 18:52,0.3312,0.2546,0.3261,0.3092,0.3121
248,2/5/2021 19:52,0.3308,0.2546,0.3256,0.3087,0.3125
249,2/5/2021 20:52,0.3308,0.2542,0.3261,0.3087,0.3125
250,2/5/2021 21:52,0.3308,0.2542,0.3256,0.3087,0.3125
251,2/5/2021 22:52,0.3304,0.2538,0.3256,0.3087,0.3125
252,2/5/2021 23:52,0.3299,0.2538,0.3252,0.3084,0.3121
253,2/6/2021 0:52,0.3299,0.2534,0.3252,0.308,0.3118
254,2/6/2021 1:52,0.3295,0.2534,0.3252,0.308,0.3118
255,2/6/2021 2:52,0.3295,0.2534,0.3252,0.308,0.3118
256,2/6/2021 3:52,0.329,0.2532,0.3252,0.308,0.3118
257,2/6/2021 4:52,0.329,0.2534,0.3252,0.308,0.3113
258,2/6/2021 5:52,0.329,0.2532,0.3249,0.308,0.3113
259,2/6/2021 6:52,0.329,0.2532,0.3249,0.3077,0.3113
260,2/6/2021 7:52,0.329,0.2532,0.3252,0.308,0.3113
261,2/6/2021 8:52,0.329,0.2534,0.3249,0.308,0.3113
262,2/6/2021 9:52,0.3295,0.2534,0.3249,0.3084,0.311
263,2/6/2021 10:52,0.3299,0.2534,0.3244,0.3087,0.3106
264,2/6/2021 11:52,0.3304,0.2534,0.324,0.3087,0.3102
265,2/6/2021 12:52,0.3304,0.2534,0.324,0.3087,0.3102
266,2/6/2021 13:52,0.3308,0.2534,0.3235,0.3092,0.3098
267,2/6/2021 14:52,0.3304,0.2532,0.3235,0.3087,0.3098
268,2/6/2021 15:52,0.3304,0.2532,0.3231,0.3087,0.3095
269,2/6/2021 16:52,0.3299,0.2532,0.3231,0.3087,0.3098
270,2/6/2021 17:52,0.3299,0.2528,0.3231,0.3084,0.3095
271,2/6/2021 18:52,0.3295,0.2528,0.3228,0.3084,0.3095
272,2/6/2021 19:52,0.3295,0.2528,0.3228,0.3084,0.3095
273,2/6/2021 20:52,0.3295,0.2528,0.3228,0.308,0.3095
274,2/6/2021 21:52,0.329,0.2524,0.3223,0.3077,0.3095
275,2/6/2021 22:52,0.3286,0.252,0.3223,0.3077,0.3092
276,2/6/2021 23:52,0.3286,0.252,0.3219,0.3077,0.3092
277,2/7/2021 0:52,0.3282,0.252,0.3219,0.3072,0.3092
278,2/7/2021 1:52,0.3277,0.2516,0.3219,0.3072,0.3087
279,2/7/2021 2:52,0.3277,0.2516,0.3219,0.3072,0.3087
280,2/7/2021 3:52,0.3274,0.2516,0.3216,0.3072,0.3084
281,2/7/2021 4:52,0.3274,0.2516,0.3216,0.3069,0.3084
282,2/7/2021 5:52,0.3269,0.2512,0.3216,0.3069,0.3084
283,2/7/2021 6:52,0.3269,0.2512,0.3216,0.3069,0.3084
284,2/7/2021 7:52,0.3274,0.2512,0.3216,0.3072,0.3084
285,2/7/2021 8:52,0.3277,0.2516,0.3216,0.3077,0.3084
286,2/7/2021 9:52,0.3277,0.2516,0.3211,0.3077,0.308
287,2/7/2021 10:52,0.3282,0.2516,0.3211,0.308,0.3077
288,2/7/2021 11:52,0.3286,0.2516,0.3207,0.3084,0.3077
289,2/7/2021 12:52,0.3286,0.2516,0.3207,0.3084,0.3072
290,2/7/2021 13:52,0.329,0.2516,0.3204,0.3084,0.3069
291,2/7/2021 14:52,0.3286,0.2512,0.3204,0.308,0.3066
292,2/7/2021 15:52,0.3286,0.2512,0.3199,0.308,0.3066
293,2/7/2021 16:52,0.3282,0.2512,0.3199,0.308,0.3069
294,2/7/2021 17:52,0.3282,0.2509,0.3199,0.308,0.3069
295,2/7/2021 18:52,0.3277,0.2509,0.3195,0.3077,0.3066
296,2/7/2021 19:52,0.3277,0.2509,0.3195,0.3077,0.3066
297,2/7/2021 20:52,0.3274,0.2509,0.3195,0.3077,0.3066
298,2/7/2021 21:52,0.3274,0.2505,0.3192,0.3072,0.3066
299,2/7/2021 22:52,0.3269,0.2505,0.3192,0.3072,0.3066
300,2/7/2021 23:52,0.3269,0.2505,0.3192,0.3069,0.3066
301,2/8/2021 0:52,0.3269,0.2502,0.3187,0.3069,0.3066
302,2/8/2021 1:52,0.3265,0.2502,0.3187,0.3069,0.3062
303,2/8/2021 2:52,0.3265,0.2498,0.3187,0.3066,0.3062
304,2/8/2021 3:52,0.3261,0.2498,0.3187,0.3066,0.3058
305,2/8/2021 4:52,0.3256,0.2498,0.3187,0.3066,0.3058
306,2/8/2021 5:52,0.3256,0.2494,0.3187,0.3062,0.3058
307,2/8/2021 6:52,0.3256,0.2494,0.3183,0.3062,0.3054
308,2/8/2021 7:52,0.3256,0.2498,0.3187,0.3066,0.3054
309,2/8/2021 8:52,0.3256,0.2498,0.3187,0.3069,0.3058
310,2/8/2021 9:52,0.3261,0.2498,0.3183,0.3069,0.3054
311,2/8/2021 10:52,0.3265,0.2498,0.3178,0.3072,0.3051
312,2/8/2021 11:52,0.3265,0.2498,0.3178,0.3072,0.3048
313,2/8/2021 12:52,0.3269,0.2498,0.3175,0.3072,0.3048
314,2/8/2021 13:52,0.3269,0.2498,0.3171,0.3072,0.3048
315,2/8/2021 14:52,0.3269,0.2498,0.3171,0.3072,0.3043
316,2/8/2021 15:52,0.3269,0.2494,0.3168,0.3072,0.3043
317,2/8/2021 16:52,0.3265,0.2494,0.3168,0.3069,0.3043
318,2/8/2021 17:52,0.3265,0.2494,0.3168,0.3069,0.3043
319,2/8/2021 18:52,0.3261,0.249,0.3163,0.3069,0.3043
320,2/8/2021 19:52,0.3261,0.249,0.3163,0.3069,0.3043
321,2/8/2021 20:52,0.3256,0.249,0.3163,0.3066,0.3043
322,2/8/2021 21:52,0.3256,0.2487,0.3163,0.3062,0.304
323,2/8/2021 22:52,0.3252,0.2487,0.316,0.3062,0.304
324,2/8/2021 23:52,0.3252,0.2487,0.316,0.3062,0.304
325,2/9/2021 0:52,0.3252,0.2487,0.3156,0.3062,0.304
326,2/9/2021 1:52,0.3249,0.2487,0.316,0.3062,0.304
327,2/9/2021 2:52,0.3249,0.2487,0.3156,0.3062,0.304
328,2/9/2021 3:52,0.3249,0.2487,0.3156,0.3058,0.3037
329,2/9/2021 4:52,0.3249,0.2487,0.3156,0.3062,0.3037
330,2/9/2021 5:52,0.3244,0.2487,0.3156,0.3062,0.3037
331,2/9/2021 6:52,0.3244,0.2487,0.3156,0.3058,0.3037
332,2/9/2021 7:52,0.3244,0.2487,0.3156,0.3058,0.3037
333,2/9/2021 8:52,0.3244,0.2487,0.3156,0.3058,0.3037
334,2/9/2021 9:52,0.3244,0.2487,0.3156,0.3062,0.3037
335,2/9/2021 10:52,0.3249,0.2487,0.316,0.3062,0.3037
336,2/9/2021 11:52,0.3249,0.2483,0.316,0.3062,0.3037
337,2/9/2021 12:52,0.3249,0.2483,0.3156,0.3062,0.3037
338,2/9/2021 13:52,0.3252,0.2483,0.3156,0.3066,0.3037
339,2/9/2021 14:52,0.3252,0.2483,0.3156,0.3062,0.3033
340,2/9/2021 15:52,0.3252,0.2483,0.3156,0.3062,0.3033
341,2/9/2021 16:52,0.3249,0.2479,0.3151,0.3062,0.3033
342,2/9/2021 17:52,0.3249,0.2479,0.3151,0.3058,0.3033
343,2/9/2021 18:52,0.3249,0.2479,0.3151,0.3058,0.3033
344,2/9/2021 19:52,0.3249,0.2479,0.3151,0.3058,0.3037
345,2/9/2021 20:52,0.3244,0.2475,0.3148,0.3058,0.3037
346,2/9/2021 21:52,0.3244,0.2479,0.3148,0.3054,0.3033
347,2/9/2021 22:52,0.3244,0.2475,0.3148,0.3054,0.3033
348,2/9/2021 23:52,0.324,0.2475,0.3148,0.3054,0.3033
349,2/10/2021 0:52,0.324,0.2475,0.3144,0.3054,0.3033
350,2/10/2021 1:52,0.324,0.2475,0.3144,0.3054,0.3033
351,2/10/2021 2:52,0.3235,0.2475,0.3144,0.3054,0.3033
352,2/10/2021 3:52,0.3235,0.2475,0.3144,0.3054,0.3029
353,2/10/2021 4:52,0.3235,0.2475,0.3144,0.3054,0.3029
354,2/10/2021 5:52,0.3235,0.2475,0.3144,0.3054,0.3029
355,2/10/2021 6:52,0.3235,0.2471,0.314,0.3051,0.3029
356,2/10/2021 7:52,0.3235,0.2471,0.3144,0.3054,0.3029
357,2/10/2021 8:52,0.3235,0.2475,0.3144,0.3054,0.3033
358,2/10/2021 9:52,0.324,0.2475,0.3144,0.3058,0.3033
359,2/10/2021 10:52,0.3244,0.2471,0.3144,0.3058,0.3029
360,2/10/2021 11:52,0.3244,0.2471,0.314,0.3062,0.3029
361,2/10/2021 12:52,0.3249,0.2471,0.314,0.3062,0.3026
362,2/10/2021 13:52,0.3249,0.2471,0.3136,0.3062,0.3026
363,2/10/2021 14:52,0.3244,0.2471,0.3136,0.3058,0.3022
364,2/10/2021 15:52,0.3244,0.2468,0.3136,0.3062,0.3026
365,2/10/2021 16:52,0.3244,0.2468,0.3136,0.3058,0.3022
366,2/10/2021 17:52,0.3244,0.2468,0.3136,0.3058,0.3026
367,2/10/2021 18:52,0.324,0.2468,0.3136,0.3054,0.3026
368,2/10/2021 19:52,0.324,0.2464,0.3133,0.3054,0.3022
369,2/10/2021 20:52,0.324,0.2464,0.3133,0.3051,0.3022
370,2/10/2021 21:52,0.3235,0.2464,0.3133,0.3051,0.3022
371,2/10/2021 22:52,0.3231,0.2464,0.3128,0.3048,0.3022
372,2/10/2021 23:52,0.3231,0.246,0.3128,0.3048,0.3022
373,2/11/2021 0:52,0.3231,0.246,0.3128,0.3043,0.3019
374,2/11/2021 1:52,0.3228,0.246,0.3125,0.3043,0.3019
375,2/11/2021 2:52,0.3228,0.246,0.3125,0.3043,0.3015
376,2/11/2021 3:52,0.3223,0.246,0.3121,0.3043,0.3015
377,2/11/2021 4:52,0.3223,0.2456,0.3125,0.3043,0.3015
378,2/11/2021 5:52,0.3219,0.2456,0.3121,0.3043,0.3011
379,2/11/2021 6:52,0.3219,0.2456,0.3121,0.304,0.3011
380,2/11/2021 7:52,0.3223,0.246,0.3121,0.3043,0.3015
381,2/11/2021 8:52,0.3223,0.246,0.3121,0.3043,0.3015
382,2/11/2021 9:52,0.3228,0.246,0.3121,0.3048,0.3011
383,2/11/2021 10:52,0.3231,0.246,0.3121,0.3051,0.3011
384,2/11/2021 11:52,0.3231,0.246,0.3118,0.3051,0.3011
385,2/11/2021 12:52,0.3235,0.2456,0.3113,0.3051,0.3008
386,2/11/2021 13:52,0.3235,0.2456,0.3113,0.3051,0.3005
387,2/11/2021 14:52,0.3235,0.2452,0.311,0.3051,0.3005
388,2/11/2021 15:52,0.3235,0.2452,0.311,0.3051,0.3005
389,2/11/2021 16:52,0.3235,0.2452,0.311,0.3051,0.3005
390,2/11/2021 17:52,0.3235,0.2452,0.311,0.3054,0.3005
391,2/11/2021 18:52,0.3231,0.2452,0.311,0.3054,0.3005
392,2/11/2021 19:52,0.3231,0.2452,0.311,0.3054,0.3005
393,2/11/2021 20:52,0.3231,0.2452,0.311,0.3054,0.3005
394,2/11/2021 21:52,0.3228,0.2449,0.3106,0.3054,0.3005
395,2/11/2021 22:52,0.3223,0.2449,0.3106,0.3051,0.3005
396,2/11/2021 23:52,0.3223,0.2449,0.3106,0.3051,0.3005
397,2/12/2021 0:52,0.3223,0.2449,0.3106,0.3051,0.3001
398,2/12/2021 1:52,0.3219,0.2445,0.3102,0.3051,0.3001
399,2/12/2021 2:52,0.3219,0.2449,0.3102,0.3051,0.3001
400,2/12/2021 3:52,0.3219,0.2449,0.3102,0.3051,0.3001
401,2/12/2021 4:52,0.3219,0.2449,0.3102,0.3051,0.3001
402,2/12/2021 5:52,0.3219,0.2449,0.3098,0.3054,0.2997
403,2/12/2021 6:52,0.3219,0.2449,0.3098,0.3058,0.2997
404,2/12/2021 7:52,0.3223,0.2449,0.3102,0.3062,0.2997
405,2/12/2021 8:52,0.3223,0.2449,0.3102,0.3066,0.3001
406,2/12/2021 9:52,0.3223,0.2445,0.3098,0.3066,0.2997
407,2/12/2021 10:52,0.3223,0.2445,0.3098,0.3069,0.2997
408,2/12/2021 11:52,0.3223,0.2445,0.3098,0.3069,0.2994
409,2/12/2021 12:52,0.3228,0.2445,0.3095,0.3069,0.2994
410,2/12/2021 13:52,0.3228,0.2441,0.3092,0.3066,0.299
411,2/12/2021 14:52,0.3223,0.2441,0.3092,0.3066,0.299
412,2/12/2021 15:52,0.3223,0.2437,0.3092,0.3066,0.299
413,2/12/2021 16:52,0.3223,0.2437,0.3092,0.3066,0.299
414,2/12/2021 17:52,0.3219,0.2437,0.3092,0.3066,0.299
415,2/12/2021 18:52,0.3219,0.2434,0.3092,0.3062,0.2987
416,2/12/2021 19:52,0.3216,0.2434,0.3087,0.3062,0.2987
417,2/12/2021 20:52,0.3216,0.2434,0.3087,0.3058,0.2987
418,2/12/2021 21:52,0.3216,0.2434,0.3087,0.3058,0.2987
419,2/12/2021 22:52,0.3211,0.243,0.3084,0.3058,0.2987
420,2/12/2021 23:52,0.3211,0.2434,0.3084,0.3058,0.2984
421,2/13/2021 0:52,0.3207,0.243,0.3084,0.3058,0.2984
422,2/13/2021 1:52,0.3207,0.243,0.308,0.3054,0.2984
423,2/13/2021 2:52,0.3207,0.243,0.308,0.3054,0.2979
424,2/13/2021 3:52,0.3207,0.243,0.308,0.3054,0.2979
425,2/13/2021 4:52,0.3204,0.243,0.308,0.3054,0.2979
426,2/13/2021 5:52,0.3204,0.243,0.308,0.3054,0.2979
427,2/13/2021 6:52,0.3199,0.2425,0.3077,0.3054,0.2976
428,2/13/2021 7:52,0.3204,0.243,0.3077,0.3054,0.2976
429,2/13/2021 8:52,0.3204,0.243,0.308,0.3058,0.2979
430,2/13/2021 9:52,0.3207,0.243,0.3077,0.3058,0.2976
431,2/13/2021 10:52,0.3211,0.243,0.3072,0.3062,0.2976
432,2/13/2021 11:52,0.3211,0.243,0.3072,0.3062,0.2973
433,2/13/2021 12:52,0.3211,0.2425,0.3069,0.3062,0.297
434,2/13/2021 13:52,0.3216,0.2425,0.3069,0.3062,0.297
435,2/13/2021 14:52,0.3216,0.2421,0.3069,0.3062,0.297
436,2/13/2021 15:52,0.3216,0.2421,0.3066,0.3058,0.297
437,2/13/2021 16:52,0.3211,0.2421,0.3069,0.3062,0.297
438,2/13/2021 17:52,0.3211,0.2418,0.3069,0.3058,0.2966
439,2/13/2021 18:52,0.3207,0.2418,0.3066,0.3058,0.2966
440,2/13/2021 19:52,0.3207,0.2418,0.3066,0.3054,0.297
441,2/13/2021 20:52,0.3207,0.2414,0.3066,0.3054,0.2966
442,2/13/2021 21:52,0.3204,0.2414,0.3066,0.3054,0.2966
443,2/13/2021 22:52,0.3204,0.2414,0.3066,0.3054,0.2966
444,2/13/2021 23:52,0.3204,0.241,0.3062,0.3051,0.2966
445,2/14/2021 0:52,0.3204,0.241,0.3062,0.3054,0.2966
446,2/14/2021 1:52,0.3199,0.241,0.3062,0.3051,0.2966
447,2/14/2021 2:52,0.3199,0.241,0.3062,0.3051,0.2963
448,2/14/2021 3:52,0.3199,0.241,0.3058,0.3051,0.2963
449,2/14/2021 4:52,0.3195,0.241,0.3058,0.3051,0.2963
450,2/14/2021 5:52,0.3195,0.241,0.3058,0.3048,0.2963
451,2/14/2021 6:52,0.3195,0.241,0.3058,0.3048,0.2963
452,2/14/2021 7:52,0.3195,0.2406,0.3058,0.3048,0.2963
453,2/14/2021 8:52,0.3195,0.241,0.3058,0.3051,0.2959
454,2/14/2021 9:52,0.3195,0.241,0.3054,0.3051,0.2959
455,2/14/2021 10:52,0.3195,0.2406,0.3051,0.3051,0.2955
456,2/14/2021 11:52,0.3199,0.241,0.3051,0.3054,0.2955
457,2/14/2021 12:52,0.3199,0.241,0.3051,0.3054,0.2952
458,2/14/2021 13:52,0.3204,0.241,0.3048,0.3054,0.2952
459,2/14/2021 14:52,0.3199,0.2403,0.3048,0.3051,0.2949
460,2/14/2021 15:52,0.3199,0.2403,0.3048,0.3051,0.2949
461,2/14/2021 16:52,0.3199,0.2399,0.3048,0.3051,0.2949
462,2/14/2021 17:52,0.3195,0.2399,0.3048,0.3051,0.2949
463,2/14/2021 18:52,0.3195,0.2399,0.3048,0.3048,0.2949
464,2/14/2021 19:52,0.3195,0.2399,0.3043,0.3048,0.2946
465,2/14/2021 20:52,0.3192,0.2399,0.3043,0.3048,0.2946
466,2/14/2021 21:52,0.3192,0.2399,0.3043,0.3048,0.2946
467,2/14/2021 22:52,0.3187,0.2399,0.3043,0.3048,0.2946
468,2/14/2021 23:52,0.3187,0.2394,0.304,0.3048,0.2946
469,2/15/2021 0:52,0.3187,0.2394,0.304,0.3043,0.2946
470,2/15/2021 1:52,0.3187,0.2394,0.304,0.3043,0.2942
471,2/15/2021 2:52,0.3183,0.2394,0.3037,0.3043,0.2942
472,2/15/2021 3:52,0.3178,0.2394,0.3037,0.304,0.2938
473,2/15/2021 4:52,0.3178,0.2394,0.3037,0.304,0.2938
474,2/15/2021 5:52,0.3178,0.2394,0.3037,0.304,0.2938
475,2/15/2021 6:52,0.3178,0.239,0.3037,0.304,0.2938
476,2/15/2021 7:52,0.3178,0.2394,0.3033,0.304,0.2938
477,2/15/2021 8:52,0.3183,0.2399,0.3037,0.304,0.2938
478,2/15/2021 9:52,0.3183,0.2394,0.3033,0.3048,0.2938
479,2/15/2021 10:52,0.3187,0.2394,0.3033,0.3048,0.2935
480,2/15/2021 11:52,0.3187,0.2394,0.3033,0.3048,0.2935
481,2/15/2021 12:52,0.3192,0.2394,0.3029,0.3051,0.2932
482,2/15/2021 13:52,0.3195,0.2394,0.3029,0.3051,0.2932
483,2/15/2021 14:52,0.3192,0.239,0.3029,0.3051,0.2928
484,2/15/2021 15:52,0.3192,0.239,0.3029,0.3051,0.2928
485,2/15/2021 16:52,0.3192,0.239,0.3029,0.3051,0.2928
486,2/15/2021 17:52,0.3192,0.2387,0.3029,0.3048,0.2928
487,2/15/2021 18:52,0.3187,0.2387,0.3033,0.3048,0.2928
488,2/15/2021 19:52,0.3187,0.2383,0.3029,0.3048,0.2928
489,2/15/2021 20:52,0.3187,0.2387,0.3029,0.3043,0.2928
490,2/15/2021 21:52,0.3183,0.2383,0.3029,0.304,0.2928
491,2/15/2021 22:52,0.3183,0.2383,0.3026,0.304,0.2928
492,2/15/2021 23:52,0.3183,0.2383,0.3026,0.304,0.2925
493,2/16/2021 0:52,0.3178,0.2383,0.3026,0.304,0.2925
494,2/16/2021 1:52,0.3178,0.2383,0.3022,0.3037,0.2925
495,2/16/2021 2:52,0.3175,0.2383,0.3022,0.3037,0.2925
496,2/16/2021 3:52,0.3175,0.2379,0.3022,0.3037,0.2922
497,2/16/2021 4:52,0.3175,0.2379,0.3019,0.3033,0.2922
498,2/16/2021 5:52,0.3171,0.2379,0.3019,0.3033,0.2922
499,2/16/2021 6:52,0.3171,0.2379,0.3019,0.3033,0.2922
500,2/16/2021 7:52,0.3171,0.2383,0.3019,0.3037,0.2922
501,2/16/2021 8:52,0.3175,0.2383,0.3019,0.3037,0.2922
502,2/16/2021 9:52,0.3178,0.2383,0.3019,0.304,0.2919
503,2/16/2021 10:52,0.3178,0.2383,0.3015,0.304,0.2914
504,2/16/2021 11:52,0.3183,0.2383,0.3015,0.3043,0.2914
505,2/16/2021 12:52,0.3183,0.2383,0.3015,0.3043,0.2914
506,2/16/2021 13:52,0.3183,0.2379,0.3015,0.3043,0.2911
507,2/16/2021 14:52,0.3183,0.2374,0.3015,0.3043,0.2911
508,2/16/2021 15:52,0.3183,0.2371,0.3015,0.304,0.2908
509,2/16/2021 16:52,0.3178,0.2371,0.3019,0.304,0.2908
510,2/16/2021 17:52,0.3178,0.2371,0.3019,0.304,0.2911
511,2/16/2021 18:52,0.3178,0.2371,0.3019,0.3037,0.2911
512,2/16/2021 19:52,0.3175,0.2367,0.3015,0.3037,0.2908
513,2/16/2021 20:52,0.3175,0.2367,0.3015,0.3033,0.2908
514,2/16/2021 21:52,0.3171,0.2367,0.3015,0.3033,0.2908
515,2/16/2021 22:52,0.3171,0.2367,0.3015,0.3033,0.2908
516,2/16/2021 23:52,0.3171,0.2363,0.3011,0.3033,0.2908
517,2/17/2021 0:52,0.3171,0.2363,0.3011,0.3029,0.2908
518,2/17/2021 1:52,0.3168,0.2363,0.3011,0.3029,0.2904
519,2/17/2021 2:52,0.3168,0.2363,0.3008,0.3029,0.2904
520,2/17/2021 3:52,0.3168,0.2363,0.3008,0.3026,0.2904
521,2/17/2021 4:52,0.3163,0.2363,0.3008,0.3026,0.2904
522,2/17/2021 5:52,0.3163,0.2363,0.3008,0.3026,0.2901
523,2/17/2021 6:52,0.3163,0.2363,0.3005,0.3026,0.2904
524,2/17/2021 7:52,0.3163,0.2363,0.3005,0.3026,0.2901
525,2/17/2021 8:52,0.3163,0.2363,0.3005,0.3029,0.2901
526,2/17/2021 9:52,0.3168,0.2363,0.3005,0.3029,0.2898
527,2/17/2021 10:52,0.3168,0.2363,0.3005,0.3033,0.2898
528,2/17/2021 11:52,0.3168,0.2363,0.3001,0.3033,0.2895
529,2/17/2021 12:52,0.3171,0.2363,0.3001,0.3033,0.2895
530,2/17/2021 13:52,0.3171,0.2358,0.3001,0.3033,0.289
531,2/17/2021 14:52,0.3171,0.2355,0.3005,0.3033,0.2887
532,2/17/2021 15:52,0.3168,0.2351,0.3005,0.3029,0.289
533,2/17/2021 16:52,0.3168,0.2351,0.3005,0.3029,0.289
534,2/17/2021 17:52,0.3168,0.2351,0.3005,0.3026,0.2887
535,2/17/2021 18:52,0.3163,0.2351,0.3001,0.3026,0.2887
536,2/17/2021 19:52,0.3163,0.2347,0.3001,0.3026,0.2887
537,2/17/2021 20:52,0.3163,0.2347,0.3001,0.3022,0.2887
538,2/17/2021 21:52,0.3163,0.2347,0.3001,0.3022,0.2887
539,2/17/2021 22:52,0.316,0.2347,0.2997,0.3022,0.2884
540,2/17/2021 23:52,0.3156,0.2344,0.2997,0.3022,0.2884
541,2/18/2021 0:52,0.3156,0.2344,0.2994,0.3019,0.2881
542,2/18/2021 1:52,0.3156,0.2344,0.2994,0.3019,0.2881
543,2/18/2021 2:52,0.3151,0.2344,0.2994,0.3019,0.2881
544,2/18/2021 3:52,0.3151,0.2344,0.299,0.3019,0.2881
545,2/18/2021 4:52,0.3151,0.2344,0.299,0.3015,0.2877
546,2/18/2021 5:52,0.3148,0.2344,0.299,0.3015,0.2877
547,2/18/2021 6:52,0.3148,0.2339,0.299,0.3015,0.2877
548,2/18/2021 7:52,0.3151,0.2344,0.299,0.3019,0.2877
549,2/18/2021 8:52,0.3151,0.2344,0.2987,0.3019,0.2874
550,2/18/2021 9:52,0.3151,0.2344,0.2987,0.3022,0.2874
551,2/18/2021 10:52,0.3156,0.2344,0.2987,0.3022,0.2871
552,2/18/2021 11:52,0.316,0.2344,0.2984,0.3026,0.2871
553,2/18/2021 12:52,0.316,0.2339,0.2984,0.3026,0.2868
554,2/18/2021 13:52,0.3163,0.2344,0.2984,0.3029,0.2868
555,2/18/2021 14:52,0.316,0.2335,0.2987,0.3026,0.2864
556,2/18/2021 15:52,0.316,0.2335,0.2987,0.3022,0.2864
557,2/18/2021 16:52,0.316,0.233,0.2987,0.3022,0.2864
558,2/18/2021 17:52,0.3156,0.233,0.2987,0.3022,0.2864
559,2/18/2021 18:52,0.3156,0.233,0.299,0.3019,0.2864
560,2/18/2021 19:52,0.3156,0.233,0.2987,0.3015,0.2864
561,2/18/2021 20:52,0.3151,0.2327,0.2987,0.3015,0.2864
562,2/18/2021 21:52,0.3151,0.2327,0.2987,0.3015,0.2864
563,2/18/2021 22:52,0.3148,0.2327,0.2984,0.3015,0.2861
564,2/18/2021 23:52,0.3148,0.2323,0.2984,0.3015,0.2861
565,2/19/2021 0:52,0.3148,0.2323,0.2979,0.3011,0.2861
566,2/19/2021 1:52,0.3144,0.2323,0.2979,0.3011,0.2857
567,2/19/2021 2:52,0.3144,0.2323,0.2976,0.3008,0.2857
568,2/19/2021 3:52,0.314,0.2323,0.2976,0.3008,0.2853
569,2/19/2021 4:52,0.314,0.2323,0.2973,0.3005,0.2853
570,2/19/2021 5:52,0.3136,0.2318,0.2973,0.3005,0.285
571,2/19/2021 6:52,0.3136,0.2323,0.2973,0.3005,0.285
572,2/19/2021 7:52,0.314,0.2327,0.2973,0.3008,0.285
573,2/19/2021 8:52,0.3144,0.2327,0.2973,0.3011,0.285
574,2/19/2021 9:52,0.3148,0.2327,0.2973,0.3015,0.2847
575,2/19/2021 10:52,0.3151,0.2327,0.297,0.3015,0.2847
576,2/19/2021 11:52,0.3156,0.2323,0.297,0.3019,0.2844
577,2/19/2021 12:52,0.3156,0.2323,0.297,0.3019,0.2844
578,2/19/2021 13:52,0.3156,0.2318,0.2973,0.3019,0.284
579,2/19/2021 14:52,0.3156,0.2318,0.2973,0.3019,0.284
580,2/19/2021 15:52,0.3151,0.2315,0.2973,0.3019,0.284
581,2/19/2021 16:52,0.3151,0.2315,0.2976,0.3019,0.284
582,2/19/2021 17:52,0.3151,0.2315,0.2976,0.3015,0.284
583,2/19/2021 18:52,0.3151,0.2311,0.2976,0.3015,0.284
584,2/19/2021 19:52,0.3148,0.2311,0.2976,0.3015,0.284
585,2/19/2021 20:52,0.3148,0.2311,0.2976,0.3011,0.2844
586,2/19/2021 21:52,0.3148,0.2311,0.2973,0.3011,0.284
587,2/19/2021 22:52,0.3144,0.2306,0.2973,0.3008,0.284
588,2/19/2021 23:52,0.3144,0.2303,0.2973,0.3008,0.2837
589,2/20/2021 0:52,0.314,0.2303,0.297,0.3008,0.2837
590,2/20/2021 1:52,0.314,0.2303,0.297,0.3005,0.2837
591,2/20/2021 2:52,0.314,0.2303,0.297,0.3005,0.2837
592,2/20/2021 3:52,0.314,0.2303,0.2966,0.3005,0.2837
593,2/20/2021 4:52,0.3136,0.2299,0.2966,0.3005,0.2834
594,2/20/2021 5:52,0.3136,0.2299,0.2966,0.3001,0.2834
595,2/20/2021 6:52,0.3136,0.2303,0.2966,0.3001,0.2834
596,2/20/2021 7:52,0.3136,0.2303,0.2966,0.3005,0.2834
597,2/20/2021 8:52,0.314,0.2299,0.2963,0.3008,0.2834
598,2/20/2021 9:52,0.314,0.2299,0.2963,0.3008,0.283
599,2/20/2021 10:52,0.3144,0.2299,0.2963,0.3008,0.283
600,2/20/2021 11:52,0.3144,0.2299,0.2963,0.3011,0.2827
601,2/20/2021 12:52,0.3144,0.2299,0.2963,0.3011,0.2827
602,2/20/2021 13:52,0.3144,0.2294,0.2966,0.3011,0.2827
603,2/20/2021 14:52,0.3144,0.2291,0.2966,0.3008,0.2827
604,2/20/2021 15:52,0.3144,0.2286,0.2966,0.3008,0.2824
605,2/20/2021 16:52,0.3144,0.2286,0.2966,0.3008,0.2827
606,2/20/2021 17:52,0.314,0.2286,0.2966,0.3005,0.2824
607,2/20/2021 18:52,0.314,0.2286,0.2966,0.3005,0.2824
608,2/20/2021 19:52,0.314,0.2282,0.2966,0.3005,0.2824
609,2/20/2021 20:52,0.3136,0.2282,0.2966,0.3005,0.2824
610,2/20/2021 21:52,0.3136,0.2282,0.2963,0.3001,0.2821
611,2/20/2021 22:52,0.3133,0.2282,0.2963,0.3001,0.2821
612,2/20/2021 23:52,0.3133,0.2282,0.2963,0.3001,0.2821
613,2/21/2021 0:52,0.3133,0.2277,0.2963,0.3001,0.2821
614,2/21/2021 1:52,0.3133,0.2277,0.2959,0.2997,0.2821
615,2/21/2021 2:52,0.3128,0.2277,0.2959,0.2997,0.2817
616,2/21/2021 3:52,0.3128,0.2277,0.2955,0.2997,0.2817
617,2/21/2021 4:52,0.3125,0.2277,0.2955,0.2997,0.2813
618,2/21/2021 5:52,0.3125,0.2277,0.2955,0.2994,0.2813
619,2/21/2021 6:52,0.3125,0.2277,0.2952,0.2994,0.2813
620,2/21/2021 7:52,0.3128,0.2282,0.2955,0.2997,0.2813
621,2/21/2021 8:52,0.3128,0.2277,0.2955,0.3001,0.2813
622,2/21/2021 9:52,0.3133,0.2277,0.2955,0.3001,0.281
623,2/21/2021 10:52,0.3133,0.2274,0.2952,0.3005,0.281
624,2/21/2021 11:52,0.3133,0.2274,0.2952,0.3005,0.2806
625,2/21/2021 12:52,0.3136,0.2274,0.2952,0.3005,0.2806
626,2/21/2021 13:52,0.3136,0.2269,0.2955,0.3005,0.2803
627,2/21/2021 14:52,0.3136,0.2269,0.2955,0.3005,0.2803
628,2/21/2021 15:52,0.3136,0.2266,0.2959,0.3005,0.2803
629,2/21/2021 16:52,0.3136,0.2266,0.2959,0.3005,0.2803
630,2/21/2021 17:52,0.3133,0.2266,0.2959,0.3005,0.2803
631,2/21/2021 18:52,0.3133,0.2262,0.2959,0.3001,0.2803
632,2/21/2021 19:52,0.3133,0.2262,0.2959,0.3001,0.2803
633,2/21/2021 20:52,0.3128,0.2262,0.2959,0.2997,0.2803
634,2/21/2021 21:52,0.3128,0.2262,0.2959,0.2997,0.2803
635,2/21/2021 22:52,0.3128,0.2262,0.2955,0.2997,0.2803
636,2/21/2021 23:52,0.3125,0.2257,0.2955,0.2994,0.28
637,2/22/2021 0:52,0.3125,0.2257,0.2952,0.2994,0.28
638,2/22/2021 1:52,0.3125,0.2257,0.2952,0.2994,0.28
639,2/22/2021 2:52,0.3125,0.2257,0.2952,0.2994,0.28
640,2/22/2021 3:52,0.3121,0.2257,0.2952,0.2994,0.2796
641,2/22/2021 4:52,0.3121,0.2262,0.2949,0.299,0.2796
642,2/22/2021 5:52,0.3121,0.2262,0.2949,0.299,0.2796
643,2/22/2021 6:52,0.3121,0.2257,0.2946,0.299,0.2793
644,2/22/2021 7:52,0.3121,0.2241,0.2949,0.2994,0.2793
645,2/22/2021 8:52,0.3125,0.2241,0.2949,0.2997,0.2793
646,2/22/2021 9:52,0.3125,0.2241,0.2946,0.2997,0.279
647,2/22/2021 10:52,0.3128,0.2241,0.2946,0.3001,0.279
648,2/22/2021 11:52,0.3128,0.2241,0.2946,0.3001,0.2786
649,2/22/2021 12:52,0.3133,0.2241,0.2946,0.3005,0.2786
650,2/22/2021 13:52,0.3136,0.2245,0.2949,0.3005,0.2786
651,2/22/2021 14:52,0.3133,0.2241,0.2949,0.3005,0.2786
652,2/22/2021 15:52,0.3133,0.2241,0.2952,0.3005,0.2786
653,2/22/2021 16:52,0.3133,0.2241,0.2952,0.3005,0.2786
654,2/22/2021 17:52,0.3128,0.2241,0.2952,0.3001,0.2786
655,2/22/2021 18:52,0.3128,0.2241,0.2952,0.3001,0.2786
656,2/22/2021 19:52,0.3125,0.2241,0.2952,0.2997,0.2786
657,2/22/2021 20:52,0.3125,0.2241,0.2952,0.2997,0.2786
658,2/22/2021 21:52,0.3125,0.2241,0.2952,0.2997,0.2786
659,2/22/2021 22:52,0.3125,0.2237,0.2949,0.2994,0.2786
660,2/22/2021 23:52,0.3125,0.2237,0.2949,0.2994,0.2786
661,2/23/2021 0:52,0.3121,0.2237,0.2946,0.2994,0.2783
662,2/23/2021 1:52,0.3121,0.2232,0.2946,0.299,0.2783
663,2/23/2021 2:52,0.3121,0.2232,0.2946,0.299,0.2783
664,2/23/2021 3:52,0.3118,0.2232,0.2942,0.2987,0.278
665,2/23/2021 4:52,0.3118,0.2229,0.2942,0.2987,0.278
666,2/23/2021 5:52,0.3118,0.2229,0.2942,0.2987,0.2776
667,2/23/2021 6:52,0.3113,0.2224,0.2938,0.2987,0.2776
668,2/23/2021 7:52,0.3118,0.2232,0.2942,0.299,0.2776
669,2/23/2021 8:52,0.3121,0.2232,0.2938,0.299,0.2776
670,2/23/2021 9:52,0.3125,0.2229,0.2938,0.2997,0.2776
671,2/23/2021 10:52,0.3125,0.2229,0.2938,0.2997,0.2773
672,2/23/2021 11:52,0.3128,0.2224,0.2938,0.3001,0.2773
673,2/23/2021 12:52,0.3133,0.2224,0.2942,0.3001,0.2773
674,2/23/2021 13:52,0.3133,0.2224,0.2942,0.3005,0.2773
675,2/23/2021 14:52,0.3133,0.2224,0.2946,0.3001,0.2773
676,2/23/2021 15:52,0.3128,0.2219,0.2946,0.3001,0.277
677,2/23/2021 16:52,0.3133,0.2224,0.2946,0.3001,0.2773
678,2/23/2021 17:52,0.3128,0.2224,0.2949,0.3001,0.2773
679,2/23/2021 18:52,0.3128,0.2224,0.2949,0.3001,0.2773
680,2/23/2021 19:52,0.3128,0.2224,0.2949,0.3001,0.2773
681,2/23/2021 20:52,0.3128,0.2224,0.2949,0.3001,0.2773
682,2/23/2021 21:52,0.3125,0.2219,0.2946,0.2997,0.2773
683,2/23/2021 22:52,0.3125,0.2219,0.2946,0.2994,0.277
684,2/23/2021 23:52,0.3121,0.2216,0.2946,0.2994,0.277
685,2/24/2021 0:52,0.3121,0.2216,0.2942,0.299,0.277
686,2/24/2021 1:52,0.3118,0.2211,0.2942,0.2987,0.2766
687,2/24/2021 2:52,0.3118,0.2211,0.2938,0.2987,0.2766
688,2/24/2021 3:52,0.3118,0.2208,0.2938,0.2984,0.2766
689,2/24/2021 4:52,0.3113,0.2208,0.2935,0.2984,0.2763
690,2/24/2021 5:52,0.3113,0.2203,0.2935,0.2984,0.2763
691,2/24/2021 6:52,0.311,0.2203,0.2932,0.2979,0.2759
692,2/24/2021 7:52,0.3118,0.2208,0.2935,0.2984,0.2759
693,2/24/2021 8:52,0.3118,0.2208,0.2932,0.2987,0.2759
694,2/24/2021 9:52,0.3121,0.2203,0.2932,0.299,0.2759
695,2/24/2021 10:52,0.3125,0.2203,0.2932,0.2994,0.2756
696,2/24/2021 11:52,0.3125,0.2198,0.2932,0.2994,0.2756
697,2/24/2021 12:52,0.3128,0.2198,0.2932,0.2994,0.2756
698,2/24/2021 13:52,0.3128,0.2198,0.2935,0.2994,0.2753
699,2/24/2021 14:52,0.3128,0.2198,0.2935,0.2997,0.2753
700,2/24/2021 15:52,0.3125,0.2198,0.2938,0.2994,0.2753
701,2/24/2021 16:52,0.3125,0.2198,0.2938,0.2997,0.2756
702,2/24/2021 17:52,0.3125,0.2203,0.2938,0.2994,0.2756
703,2/24/2021 18:52,0.3125,0.2198,0.2938,0.2994,0.2756
704,2/24/2021 19:52,0.3118,0.2195,0.2938,0.299,0.2753
705,2/24/2021 20:52,0.3121,0.2198,0.2938,0.299,0.2753
706,2/24/2021 21:52,0.3118,0.2195,0.2935,0.299,0.2756
707,2/24/2021 22:52,0.3118,0.2195,0.2935,0.2987,0.2753
708,2/24/2021 23:52,0.3118,0.219,0.2935,0.2984,0.2753
709,2/25/2021 0:52,0.3113,0.2185,0.2932,0.2984,0.2749
710,2/25/2021 1:52,0.3113,0.2185,0.2932,0.2979,0.2749
711,2/25/2021 2:52,0.311,0.2182,0.2928,0.2979,0.2749
712,2/25/2021 3:52,0.311,0.2182,0.2928,0.2979,0.2746
713,2/25/2021 4:52,0.3106,0.2177,0.2928,0.2976,0.2746
714,2/25/2021 5:52,0.3106,0.2177,0.2925,0.2976,0.2743
715,2/25/2021 6:52,0.3106,0.2177,0.2925,0.2976,0.2743
716,2/25/2021 7:52,0.3106,0.2182,0.2925,0.2976,0.2743
717,2/25/2021 8:52,0.3106,0.2177,0.2922,0.2979,0.2739
718,2/25/2021 9:52,0.311,0.2177,0.2922,0.2979,0.2739
719,2/25/2021 10:52,0.311,0.2177,0.2922,0.2984,0.2739
720,2/25/2021 11:52,0.311,0.2169,0.2922,0.2984,0.2736
721,2/25/2021 12:52,0.3113,0.2174,0.2922,0.2984,0.2736
722,2/25/2021 13:52,0.3113,0.2169,0.2925,0.2984,0.2736
723,2/25/2021 14:52,0.3113,0.2164,0.2925,0.2984,0.2736
724,2/25/2021 15:52,0.311,0.2164,0.2925,0.2979,0.2736
725,2/25/2021 16:52,0.311,0.2161,0.2928,0.2979,0.2736
726,2/25/2021 17:52,0.311,0.2161,0.2928,0.2976,0.2736
727,2/25/2021 18:52,0.3106,0.2161,0.2925,0.2976,0.2736
728,2/25/2021 19:52,0.3106,0.2161,0.2925,0.2976,0.2736
729,2/25/2021 20:52,0.3102,0.2156,0.2925,0.2973,0.2732
730,2/25/2021 21:52,0.3102,0.2156,0.2925,0.2973,0.2732
731,2/25/2021 22:52,0.3102,0.2156,0.2922,0.297,0.2732
732,2/25/2021 23:52,0.3098,0.2153,0.2922,0.297,0.2729
733,2/26/2021 0:52,0.3098,0.2153,0.2919,0.297,0.2726
734,2/26/2021 1:52,0.3095,0.2153,0.2919,0.2966,0.2726
735,2/26/2021 2:52,0.3095,0.2153,0.2914,0.2966,0.2726
736,2/26/2021 3:52,0.3095,0.2153,0.2914,0.2966,0.2726
737,2/26/2021 4:52,0.3095,0.2148,0.2914,0.2966,0.2722
738,2/26/2021 5:52,0.3092,0.2148,0.2911,0.2963,0.2719
739,2/26/2021 6:52,0.3092,0.2148,0.2911,0.2963,0.2719
740,2/26/2021 7:52,0.3095,0.2153,0.2911,0.2966,0.2719
741,2/26/2021 8:52,0.3098,0.2153,0.2911,0.297,0.2719
742,2/26/2021 9:52,0.3098,0.2153,0.2911,0.2973,0.2719
743,2/26/2021 10:52,0.3102,0.2148,0.2911,0.2973,0.2719
744,2/26/2021 11:52,0.3106,0.2143,0.2911,0.2976,0.2719
745,2/26/2021 12:52,0.3106,0.2143,0.2914,0.2979,0.2719
746,2/26/2021 13:52,0.3106,0.2139,0.2914,0.2979,0.2719
747,2/26/2021 14:52,0.3106,0.2139,0.2919,0.2979,0.2719
748,2/26/2021 15:52,0.3106,0.2139,0.2922,0.2976,0.2719
749,2/26/2021 16:52,0.3106,0.2139,0.2922,0.2976,0.2719
750,2/26/2021 17:52,0.3106,0.2139,0.2922,0.2979,0.2719
751,2/26/2021 18:52,0.3102,0.2139,0.2922,0.2976,0.2719
752,2/26/2021 19:52,0.3098,0.2134,0.2922,0.2973,0.2719
753,2/26/2021 20:52,0.3098,0.2134,0.2922,0.2973,0.2715
754,2/26/2021 21:52,0.3095,0.2131,0.2919,0.297,0.2715
755,2/26/2021 22:52,0.3095,0.2131,0.2919,0.2966,0.2715
756,2/26/2021 23:52,0.3095,0.2126,0.2914,0.2966,0.2715
757,2/27/2021 0:52,0.3092,0.2122,0.2911,0.2963,0.2712
758,2/27/2021 1:52,0.3092,0.2122,0.2911,0.2963,0.2708
759,2/27/2021 2:52,0.3087,0.2117,0.2908,0.2959,0.2708
760,2/27/2021 3:52,0.3084,0.2117,0.2908,0.2959,0.2705
761,2/27/2021 4:52,0.3087,0.2122,0.2904,0.2959,0.2705
762,2/27/2021 5:52,0.3084,0.2117,0.2904,0.2959,0.2705
763,2/27/2021 6:52,0.3084,0.2117,0.2904,0.2959,0.2701
764,2/27/2021 7:52,0.3087,0.2122,0.2904,0.2959,0.2701
765,2/27/2021 8:52,0.3087,0.2117,0.2901,0.2963,0.2701
766,2/27/2021 9:52,0.3087,0.2117,0.2901,0.2963,0.2701
767,2/27/2021 10:52,0.3092,0.2112,0.2901,0.2966,0.2698
768,2/27/2021 11:52,0.3092,0.2109,0.2904,0.2963,0.2698
769,2/27/2021 12:52,0.3092,0.2109,0.2904,0.2966,0.2701
770,2/27/2021 13:52,0.3095,0.2104,0.2908,0.2966,0.2701
771,2/27/2021 14:52,0.3092,0.21,0.2911,0.2966,0.2701
772,2/27/2021 15:52,0.3092,0.2095,0.2911,0.2966,0.2698
773,2/27/2021 16:52,0.3092,0.2095,0.2911,0.2966,0.2698
774,2/27/2021 17:52,0.3087,0.2095,0.2914,0.2963,0.2701
775,2/27/2021 18:52,0.3087,0.2095,0.2911,0.2963,0.2701
776,2/27/2021 19:52,0.3087,0.2092,0.2911,0.2959,0.2701
777,2/27/2021 20:52,0.3087,0.2092,0.2911,0.2959,0.2698
778,2/27/2021 21:52,0.3084,0.2092,0.2911,0.2955,0.2698
779,2/27/2021 22:52,0.3084,0.2092,0.2908,0.2955,0.2698
780,2/27/2021 23:52,0.3084,0.2087,0.2908,0.2955,0.2694
781,2/28/2021 0:52,0.308,0.2087,0.2908,0.2955,0.2694
782,2/28/2021 1:52,0.308,0.2087,0.2904,0.2952,0.2691
783,2/28/2021 2:52,0.308,0.2083,0.2904,0.2952,0.2691
784,2/28/2021 3:52,0.3077,0.2083,0.2901,0.2952,0.2691
785,2/28/2021 4:52,0.3077,0.2083,0.2901,0.2952,0.2691
786,2/28/2021 5:52,0.3072,0.2078,0.2901,0.2949,0.2687
787,2/28/2021 6:52,0.3072,0.2078,0.2898,0.2949,0.2684
788,2/28/2021 7:52,0.3077,0.2083,0.2901,0.2952,0.2687
789,2/28/2021 8:52,0.3077,0.2083,0.2898,0.2952,0.2684
790,2/28/2021 9:52,0.3077,0.2078,0.2898,0.2952,0.2684
791,2/28/2021 10:52,0.308,0.2073,0.2898,0.2955,0.2684
792,2/28/2021 11:52,0.3084,0.2073,0.2898,0.2955,0.2684
793,2/28/2021 12:52,0.3084,0.207,0.2901,0.2955,0.2684
794,2/28/2021 13:52,0.3084,0.2064,0.2901,0.2955,0.2684
795,2/28/2021 14:52,0.308,0.2061,0.2901,0.2955,0.2684
796,2/28/2021 15:52,0.308,0.2061,0.2904,0.2955,0.2684
797,2/28/2021 16:52,0.308,0.2061,0.2904,0.2955,0.2684
798,2/28/2021 17:52,0.3077,0.2061,0.2904,0.2952,0.2684
799,2/28/2021 18:52,0.3077,0.2056,0.2904,0.2952,0.2684
800,2/28/2021 19:52,0.3077,0.2056,0.2904,0.2949,0.2684
801,2/28/2021 20:52,0.3072,0.2052,0.2901,0.2946,0.268
802,2/28/2021 21:52,0.3069,0.2052,0.2901,0.2946,0.268
803,2/28/2021 22:52,0.3072,0.2052,0.2898,0.2946,0.2677
804,2/28/2021 23:52,0.3069,0.2052,0.2898,0.2946,0.2677
805,3/1/2021 0:52,0.3069,0.2047,0.2895,0.2942,0.2677
806,3/1/2021 1:52,0.3066,0.2047,0.289,0.2942,0.2673
807,3/1/2021 2:52,0.3066,0.2047,0.289,0.2938,0.2673
808,3/1/2021 3:52,0.3066,0.2047,0.289,0.2938,0.267
809,3/1/2021 4:52,0.3062,0.2043,0.2887,0.2938,0.2666
810,3/1/2021 5:52,0.3062,0.2047,0.2884,0.2935,0.2666
811,3/1/2021 6:52,0.3062,0.2047,0.2884,0.2935,0.2666
812,3/1/2021 7:52,0.3066,0.2047,0.2884,0.2938,0.2666
813,3/1/2021 8:52,0.3066,0.2047,0.2884,0.2942,0.2666
814,3/1/2021 9:52,0.3069,0.2043,0.2884,0.2946,0.2666
815,3/1/2021 10:52,0.3069,0.2043,0.2884,0.2946,0.2664
816,3/1/2021 11:52,0.3069,0.2038,0.2884,0.2946,0.2664
817,3/1/2021 12:52,0.3072,0.2038,0.2887,0.2949,0.2666
818,3/1/2021 13:52,0.3072,0.2035,0.289,0.2949,0.2666
819,3/1/2021 14:52,0.3072,0.2029,0.2895,0.2949,0.2666
820,3/1/2021 15:52,0.3069,0.2026,0.2895,0.2946,0.2666
821,3/1/2021 16:52,0.3069,0.2026,0.2898,0.2946,0.2666
822,3/1/2021 17:52,0.3069,0.2026,0.2898,0.2946,0.2666
823,3/1/2021 18:52,0.3066,0.2026,0.2898,0.2946,0.2666
824,3/1/2021 19:52,0.3066,0.202,0.2898,0.2942,0.2666
825,3/1/2021 20:52,0.3062,0.202,0.2895,0.2938,0.2666
826,3/1/2021 21:52,0.3062,0.2017,0.2895,0.2938,0.2666
827,3/1/2021 22:52,0.3062,0.2017,0.289,0.2935,0.2664
828,3/1/2021 23:52,0.3058,0.2012,0.289,0.2935,0.2664
829,3/2/2021 0:52,0.3058,0.2012,0.289,0.2935,0.266
830,3/2/2021 1:52,0.3054,0.2008,0.2887,0.2932,0.266
831,3/2/2021 2:52,0.3054,0.2008,0.2884,0.2932,0.2657
832,3/2/2021 3:52,0.3054,0.2008,0.2884,0.2932,0.2657
833,3/2/2021 4:52,0.3054,0.2008,0.2881,0.2928,0.2653
834,3/2/2021 5:52,0.3051,0.2008,0.2881,0.2928,0.2653
835,3/2/2021 6:52,0.3051,0.2008,0.2877,0.2928,0.265
836,3/2/2021 7:52,0.3054,0.2012,0.2877,0.2932,0.265
837,3/2/2021 8:52,0.3058,0.2012,0.2877,0.2932,0.2653
838,3/2/2021 9:52,0.3058,0.2008,0.2877,0.2935,0.265
839,3/2/2021 10:52,0.3058,0.2003,0.2877,0.2938,0.265
840,3/2/2021 11:52,0.3062,0.1999,0.2881,0.2938,0.265
841,3/2/2021 12:52,0.3062,0.1999,0.2881,0.2938,0.265
842,3/2/2021 13:52,0.3062,0.1999,0.2884,0.2938,0.2653
843,3/2/2021 14:52,0.3062,0.1994,0.2887,0.2942,0.2653
844,3/2/2021 15:52,0.3062,0.199,0.2887,0.2938,0.2653
845,3/2/2021 16:52,0.3062,0.199,0.289,0.2938,0.2653
846,3/2/2021 17:52,0.3058,0.199,0.289,0.2938,0.2657
847,3/2/2021 18:52,0.3058,0.199,0.289,0.2935,0.2657
848,3/2/2021 19:52,0.3054,0.1985,0.289,0.2935,0.2653
849,3/2/2021 20:52,0.3054,0.1985,0.289,0.2935,0.2653
850,3/2/2021 21:52,0.3054,0.1985,0.2887,0.2932,0.2653
851,3/2/2021 22:52,0.3051,0.1981,0.2887,0.2928,0.2653
852,3/2/2021 23:52,0.3048,0.1981,0.2884,0.2928,0.265
853,3/3/2021 0:52,0.3048,0.1976,0.2884,0.2928,0.265
854,3/3/2021 1:52,0.3048,0.1976,0.2881,0.2925,0.2646
855,3/3/2021 2:52,0.3043,0.1972,0.2877,0.2925,0.2642
856,3/3/2021 3:52,0.3043,0.1972,0.2877,0.2922,0.2642
857,3/3/2021 4:52,0.3043,0.1972,0.2874,0.2922,0.2639
858,3/3/2021 5:52,0.304,0.1972,0.2874,0.2922,0.2639
859,3/3/2021 6:52,0.304,0.1972,0.2871,0.2919,0.2635
860,3/3/2021 7:52,0.3043,0.1972,0.2874,0.2925,0.2635
861,3/3/2021 8:52,0.3043,0.1967,0.2871,0.2922,0.2635
862,3/3/2021 9:52,0.3043,0.1967,0.2871,0.2925,0.2635
863,3/3/2021 10:52,0.3043,0.1967,0.2871,0.2925,0.2632
864,3/3/2021 11:52,0.3048,0.1976,0.2864,0.2925,0.2632
865,3/3/2021 12:52,0.3051,0.1985,0.2864,0.2928,0.2632
866,3/3/2021 13:52,0.3051,0.1985,0.2868,0.2932,0.2632
867,3/3/2021 14:52,0.3051,0.1985,0.2868,0.2932,0.2635
868,3/3/2021 15:52,0.3051,0.1981,0.2868,0.2932,0.2635
869,3/3/2021 16:52,0.3051,0.1981,0.2871,0.2932,0.2632
870,3/3/2021 17:52,0.3048,0.1976,0.2871,0.2928,0.2632
871,3/3/2021 18:52,0.3048,0.1976,0.2871,0.2928,0.2632
872,3/3/2021 19:52,0.3048,0.1976,0.2868,0.2925,0.2632
873,3/3/2021 20:52,0.3048,0.1976,0.2868,0.2925,0.2632
874,3/3/2021 21:52,0.3043,0.1976,0.2868,0.2922,0.2632
875,3/3/2021 22:52,0.3043,0.1972,0.2868,0.2922,0.2632
876,3/3/2021 23:52,0.3043,0.1972,0.2864,0.2922,0.2628
877,3/4/2021 0:52,0.3043,0.1972,0.2864,0.2919,0.2628
878,3/4/2021 1:52,0.304,0.1967,0.2861,0.2919,0.2628
879,3/4/2021 2:52,0.304,0.1967,0.2861,0.2919,0.2624
880,3/4/2021 3:52,0.304,0.1967,0.2861,0.2919,0.2624
881,3/4/2021 4:52,0.3037,0.1967,0.2857,0.2914,0.2621
882,3/4/2021 5:52,0.3037,0.1967,0.2857,0.2914,0.2621
883,3/4/2021 6:52,0.3037,0.1967,0.2857,0.2914,0.2621
884,3/4/2021 7:52,0.304,0.1976,0.2857,0.2919,0.2621
885,3/4/2021 8:52,0.304,0.1972,0.2857,0.2919,0.2621
886,3/4/2021 9:52,0.3043,0.1967,0.2861,0.2922,0.2621
887,3/4/2021 10:52,0.3048,0.1967,0.2861,0.2925,0.2621
888,3/4/2021 11:52,0.3048,0.1958,0.2864,0.2925,0.2624
889,3/4/2021 12:52,0.3048,0.1954,0.2868,0.2925,0.2624
890,3/4/2021 13:52,0.3048,0.1954,0.2868,0.2925,0.2628
891,3/4/2021 14:52,0.3048,0.1948,0.2871,0.2925,0.2628
892,3/4/2021 15:52,0.3043,0.1948,0.2874,0.2925,0.2628
893,3/4/2021 16:52,0.3043,0.1948,0.2877,0.2925,0.2632
894,3/4/2021 17:52,0.3043,0.1948,0.2877,0.2925,0.2632
895,3/4/2021 18:52,0.304,0.1945,0.2877,0.2922,0.2632
896,3/4/2021 19:52,0.304,0.1945,0.2877,0.2922,0.2632
897,3/4/2021 20:52,0.304,0.1945,0.2874,0.2922,0.2632
898,3/4/2021 21:52,0.304,0.1945,0.2874,0.2922,0.2632
899,3/4/2021 22:52,0.304,0.1939,0.2874,0.2919,0.2632
900,3/4/2021 23:52,0.3037,0.1939,0.2874,0.2919,0.2632
901,3/5/2021 0:52,0.3037,0.1935,0.2871,0.2914,0.2628
902,3/5/2021 1:52,0.3033,0.1935,0.2871,0.2914,0.2628
903,3/5/2021 2:52,0.3033,0.1935,0.2868,0.2911,0.2624
904,3/5/2021 3:52,0.3033,0.1932,0.2868,0.2911,0.2624
905,3/5/2021 4:52,0.3033,0.1932,0.2864,0.2911,0.2621
906,3/5/2021 5:52,0.3029,0.1932,0.2864,0.2911,0.2621
907,3/5/2021 6:52,0.3029,0.1932,0.2864,0.2914,0.2621
908,3/5/2021 7:52,0.3033,0.1932,0.2864,0.2914,0.2621
909,3/5/2021 8:52,0.3037,0.1932,0.2864,0.2919,0.2621
910,3/5/2021 9:52,0.3037,0.1926,0.2868,0.2922,0.2621
911,3/5/2021 10:52,0.3037,0.1923,0.2868,0.2922,0.2621
912,3/5/2021 11:52,0.304,0.1917,0.2868,0.2925,0.2624
913,3/5/2021 12:52,0.304,0.1917,0.2871,0.2928,0.2624
914,3/5/2021 13:52,0.304,0.1917,0.2874,0.2928,0.2628
915,3/5/2021 14:52,0.304,0.1917,0.2877,0.2928,0.2628
916,3/5/2021 15:52,0.304,0.1917,0.2881,0.2928,0.2628
917,3/5/2021 16:52,0.304,0.1917,0.2881,0.2928,0.2632
918,3/5/2021 17:52,0.304,0.1917,0.2884,0.2928,0.2632
919,3/5/2021 18:52,0.304,0.1917,0.2884,0.2925,0.2635
920,3/5/2021 19:52,0.3037,0.1917,0.2884,0.2925,0.2632
921,3/5/2021 20:52,0.3033,0.1917,0.2881,0.2922,0.2632
922,3/5/2021 21:52,0.3033,0.1917,0.2881,0.2922,0.2632
923,3/5/2021 22:52,0.3033,0.1913,0.2881,0.2919,0.2632
924,3/5/2021 23:52,0.3029,0.1908,0.2877,0.2914,0.2628
925,3/6/2021 0:52,0.3029,0.1908,0.2877,0.2914,0.2628
926,3/6/2021 1:52,0.3029,0.1904,0.2874,0.2911,0.2624
927,3/6/2021 2:52,0.3026,0.1898,0.2874,0.2911,0.2624
928,3/6/2021 3:52,0.3026,0.1898,0.2871,0.2908,0.2621
929,3/6/2021 4:52,0.3022,0.1895,0.2868,0.2904,0.2618
930,3/6/2021 5:52,0.3022,0.1895,0.2868,0.2908,0.2618
931,3/6/2021 6:52,0.3022,0.1898,0.2864,0.2904,0.2615
932,3/6/2021 7:52,0.3026,0.1904,0.2864,0.2908,0.2618
933,3/6/2021 8:52,0.3029,0.1898,0.2864,0.2911,0.2618
934,3/6/2021 9:52,0.3029,0.1895,0.2864,0.2914,0.2618
935,3/6/2021 10:52,0.3029,0.1885,0.2868,0.2914,0.2615
936,3/6/2021 11:52,0.3029,0.1885,0.2868,0.2914,0.2618
937,3/6/2021 12:52,0.3033,0.1885,0.2871,0.2914,0.2618
938,3/6/2021 13:52,0.3033,0.1885,0.2874,0.2919,0.2621
939,3/6/2021 14:52,0.3033,0.1881,0.2874,0.2919,0.2621
940,3/6/2021 15:52,0.3029,0.1881,0.2877,0.2919,0.2621
941,3/6/2021 16:52,0.3029,0.1885,0.2877,0.2919,0.2621
942,3/6/2021 17:52,0.3033,0.1885,0.2877,0.2914,0.2624
943,3/6/2021 18:52,0.3029,0.1885,0.2877,0.2914,0.2624
944,3/6/2021 19:52,0.3026,0.1891,0.2877,0.2914,0.2624
945,3/6/2021 20:52,0.3026,0.1885,0.2877,0.2914,0.2624
946,3/6/2021 21:52,0.3026,0.1881,0.2877,0.2911,0.2621
947,3/6/2021 22:52,0.3022,0.1881,0.2877,0.2911,0.2621
948,3/6/2021 23:52,0.3022,0.1876,0.2874,0.2908,0.2618
949,3/7/2021 0:52,0.3022,0.1876,0.2871,0.2904,0.2618
950,3/7/2021 1:52,0.3019,0.1872,0.2871,0.2904,0.2618
951,3/7/2021 2:52,0.3019,0.1872,0.2868,0.2904,0.2615
952,3/7/2021 3:52,0.3019,0.1872,0.2868,0.2901,0.2615
953,3/7/2021 4:52,0.3015,0.1872,0.2864,0.2901,0.2611
954,3/7/2021 5:52,0.3015,0.1866,0.2864,0.2901,0.2607
955,3/7/2021 6:52,0.3015,0.1872,0.2861,0.2898,0.2607
956,3/7/2021 7:52,0.3015,0.1872,0.2861,0.2901,0.2607
957,3/7/2021 8:52,0.3019,0.1866,0.2861,0.2901,0.2607
958,3/7/2021 9:52,0.3019,0.1862,0.2861,0.2904,0.2607
959,3/7/2021 10:52,0.3019,0.1862,0.2861,0.2904,0.2607
960,3/7/2021 11:52,0.3022,0.1859,0.2861,0.2908,0.2607
961,3/7/2021 12:52,0.3022,0.1853,0.2864,0.2908,0.2607
962,3/7/2021 13:52,0.3022,0.1853,0.2868,0.2908,0.2611
963,3/7/2021 14:52,0.3022,0.1853,0.2868,0.2908,0.2611
964,3/7/2021 15:52,0.3022,0.1849,0.2871,0.2908,0.2611
965,3/7/2021 16:52,0.3022,0.1849,0.2871,0.2908,0.2611
966,3/7/2021 17:52,0.3022,0.1849,0.2871,0.2908,0.2611
967,3/7/2021 18:52,0.3019,0.1853,0.2871,0.2908,0.2611
968,3/7/2021 19:52,0.3022,0.1853,0.2871,0.2908,0.2615
969,3/7/2021 20:52,0.3019,0.1853,0.2871,0.2908,0.2615
970,3/7/2021 21:52,0.3019,0.1853,0.2871,0.2904,0.2615
971,3/7/2021 22:52,0.3019,0.1853,0.2871,0.2904,0.2611
972,3/7/2021 23:52,0.3019,0.1853,0.2871,0.2904,0.2611
973,3/8/2021 0:52,0.3019,0.1849,0.2868,0.2901,0.2611
974,3/8/2021 1:52,0.3019,0.1849,0.2868,0.2901,0.2611
975,3/8/2021 2:52,0.3019,0.1849,0.2868,0.2901,0.2611
976,3/8/2021 3:52,0.3019,0.1849,0.2868,0.2901,0.2611
977,3/8/2021 4:52,0.3015,0.1849,0.2868,0.2901,0.2607
978,3/8/2021 5:52,0.3015,0.1849,0.2868,0.2901,0.2607
979,3/8/2021 6:52,0.3015,0.1843,0.2864,0.2901,0.2607
980,3/8/2021 7:52,0.3015,0.1849,0.2864,0.2901,0.2607
981,3/8/2021 8:52,0.3022,0.1849,0.2868,0.2904,0.2611
982,3/8/2021 9:52,0.3019,0.184,0.2868,0.2904,0.2611
983,3/8/2021 10:52,0.3022,0.184,0.2868,0.2904,0.2607
984,3/8/2021 11:52,0.3022,0.184,0.2871,0.2908,0.2611
985,3/8/2021 12:52,0.3026,0.184,0.2871,0.2911,0.2615
986,3/8/2021 13:52,0.3026,0.1843,0.2874,0.2911,0.2615
987,3/8/2021 14:52,0.3026,0.184,0.2877,0.2911,0.2615
988,3/8/2021 15:52,0.3022,0.1836,0.2877,0.2908,0.2615
989,3/8/2021 16:52,0.3022,0.1836,0.2877,0.2908,0.2618
990,3/8/2021 17:52,0.3022,0.184,0.2877,0.2908,0.2618
991,3/8/2021 18:52,0.3022,0.1836,0.2877,0.2904,0.2618
992,3/8/2021 19:52,0.3019,0.1836,0.2877,0.2904,0.2615
993,3/8/2021 20:52,0.3019,0.1836,0.2877,0.2901,0.2615
994,3/8/2021 21:52,0.3015,0.183,0.2874,0.2901,0.2615
995,3/8/2021 22:52,0.3015,0.1826,0.2871,0.2898,0.2611
996,3/8/2021 23:52,0.3011,0.1826,0.2871,0.2895,0.2611
997,3/9/2021 0:52,0.3011,0.182,0.2868,0.289,0.2607
998,3/9/2021 1:52,0.3008,0.182,0.2868,0.289,0.2607
999,3/9/2021 2:52,0.3008,0.1816,0.2864,0.2887,0.2604
1000,3/9/2021 3:52,0.3005,0.1816,0.2861,0.2887,0.26
1001,3/9/2021 4:52,0.3005,0.1813,0.2861,0.2884,0.26
1002,3/9/2021 5:52,0.3005,0.1816,0.2857,0.2884,0.2596
1003,3/9/2021 6:52,0.3005,0.182,0.2853,0.2884,0.2596
1004,3/9/2021 7:52,0.3005,0.182,0.2853,0.2887,0.2596
1005,3/9/2021 8:52,0.3008,0.1816,0.2857,0.2887,0.2592
1006,3/9/2021 9:52,0.3011,0.1813,0.2857,0.289,0.2596
1007,3/9/2021 10:52,0.3011,0.1807,0.2857,0.289,0.2596
1008,3/9/2021 11:52,0.3011,0.1803,0.2857,0.289,0.2596
1009,3/9/2021 12:52,0.3011,0.1803,0.2861,0.289,0.2596
1010,3/9/2021 13:52,0.3008,0.1793,0.2864,0.289,0.2596
1011,3/9/2021 14:52,0.3011,0.1793,0.2864,0.289,0.26
1012,3/9/2021 15:52,0.3011,0.1793,0.2868,0.289,0.26
1013,3/9/2021 16:52,0.3011,0.1793,0.2868,0.289,0.26
1014,3/9/2021 17:52,0.3008,0.1793,0.2868,0.2887,0.26
1015,3/9/2021 18:52,0.3008,0.1793,0.2868,0.2887,0.26
1016,3/9/2021 19:52,0.3008,0.1793,0.2868,0.2887,0.26
1017,3/9/2021 20:52,0.3008,0.1793,0.2864,0.2887,0.26
1018,3/9/2021 21:52,0.3005,0.1793,0.2864,0.2887,0.26
1019,3/9/2021 22:52,0.3005,0.1789,0.2864,0.2884,0.2596
1020,3/9/2021 23:52,0.3005,0.1789,0.2864,0.2884,0.2596
1021,3/10/2021 0:52,0.3005,0.1789,0.2861,0.2884,0.2596
1022,3/10/2021 1:52,0.3106,0.1881,0.2844,0.2895,0.2582
1023,3/10/2021 2:52,0.3087,0.1876,0.285,0.2895,0.2582
1024,3/10/2021 3:52,0.3077,0.1881,0.2847,0.2898,0.2579
1025,3/10/2021 4:52,0.3106,0.1923,0.2853,0.2898,0.2575
1026,3/10/2021 5:52,0.3098,0.1908,0.2857,0.2898,0.2575
1027,3/10/2021 6:52,0.3092,0.1908,0.2857,0.2895,0.2575
1028,3/10/2021 7:52,0.3087,0.1908,0.2857,0.2895,0.2575
1029,3/10/2021 8:52,0.3087,0.1908,0.2861,0.2895,0.2579
1030,3/10/2021 9:52,0.3087,0.1908,0.2861,0.2895,0.2579
1031,3/10/2021 10:52,0.3084,0.1904,0.2861,0.289,0.2579
1032,3/10/2021 11:52,0.3084,0.1898,0.2864,0.2895,0.2579
1033,3/10/2021 12:52,0.3087,0.1904,0.2864,0.2895,0.2579
1034,3/10/2021 13:52,0.3087,0.1908,0.2868,0.2898,0.2582
1035,3/10/2021 14:52,0.3087,0.1908,0.2868,0.2898,0.2582
1036,3/10/2021 15:52,0.3092,0.1913,0.2871,0.2901,0.2582
1037,3/10/2021 16:52,0.3095,0.1913,0.2871,0.2904,0.2579
1038,3/10/2021 17:52,0.3092,0.1913,0.2871,0.2898,0.2579
1039,3/10/2021 18:52,0.3087,0.1908,0.2871,0.2898,0.2579
1040,3/10/2021 19:52,0.3087,0.1908,0.2871,0.2895,0.2579
1041,3/10/2021 20:52,0.3087,0.1908,0.2871,0.289,0.2579
1042,3/10/2021 21:52,0.3087,0.1908,0.2871,0.289,0.2579
1043,3/10/2021 22:52,0.3087,0.1908,0.2871,0.289,0.2575
1044,3/10/2021 23:52,0.3084,0.1908,0.2868,0.2887,0.2575
1045,3/11/2021 0:52,0.3084,0.1904,0.2868,0.2887,0.2571
1046,3/11/2021 1:52,0.308,0.1904,0.2868,0.2884,0.2571
1047,3/11/2021 2:52,0.308,0.1904,0.2864,0.2884,0.2567
1048,3/11/2021 3:52,0.308,0.1904,0.2864,0.2881,0.2567
1049,3/11/2021 4:52,0.308,0.1904,0.2864,0.2881,0.2564
1050,3/11/2021 5:52,0.3077,0.1904,0.2861,0.2881,0.2564
1051,3/11/2021 6:52,0.3077,0.1904,0.2861,0.2881,0.2564
1052,3/11/2021 7:52,0.3077,0.1904,0.2861,0.2881,0.2564
1053,3/11/2021 8:52,0.308,0.1904,0.2861,0.2884,0.2564
1054,3/11/2021 9:52,0.3084,0.1904,0.2864,0.2887,0.2564
1055,3/11/2021 10:52,0.3084,0.1904,0.2868,0.289,0.2567
1056,3/11/2021 11:52,0.3084,0.1895,0.2864,0.2887,0.2567
1057,3/11/2021 12:52,0.3084,0.1895,0.2864,0.2887,0.2564
1058,3/11/2021 13:52,0.3087,0.1898,0.2868,0.2887,0.2567
1059,3/11/2021 14:52,0.3087,0.1904,0.2871,0.289,0.2567
1060,3/11/2021 15:52,0.3092,0.1904,0.2871,0.289,0.2571
1061,3/11/2021 16:52,0.3092,0.1898,0.2874,0.289,0.2571
1062,3/11/2021 17:52,0.3092,0.1904,0.2871,0.2895,0.2571
1063,3/11/2021 18:52,0.3098,0.1908,0.2874,0.2898,0.2564
1064,3/11/2021 19:52,0.3095,0.1908,0.2874,0.2898,0.2567
1065,3/11/2021 20:52,0.3092,0.1904,0.2871,0.2895,0.2567
1066,3/11/2021 21:52,0.3092,0.1904,0.2871,0.289,0.2564
1067,3/11/2021 22:52,0.3092,0.1898,0.2871,0.2887,0.2564
1068,3/11/2021 23:52,0.3087,0.1895,0.2868,0.2887,0.2564
1069,3/12/2021 0:52,0.3087,0.1895,0.2868,0.2884,0.256
1070,3/12/2021 1:52,0.3087,0.1895,0.2868,0.2884,0.256
1071,3/12/2021 2:52,0.3084,0.1895,0.2864,0.2881,0.256
1072,3/12/2021 3:52,0.3084,0.1891,0.2864,0.2881,0.2557
1073,3/12/2021 4:52,0.308,0.1891,0.2864,0.2877,0.2557
1074,3/12/2021 5:52,0.308,0.1891,0.2861,0.2877,0.2553
1075,3/12/2021 6:52,0.308,0.1895,0.2861,0.2877,0.2553
1076,3/12/2021 7:52,0.3084,0.1898,0.2861,0.2881,0.2553
1077,3/12/2021 8:52,0.3084,0.1898,0.2864,0.2884,0.2553
1078,3/12/2021 9:52,0.3087,0.1898,0.2864,0.2884,0.2557
1079,3/12/2021 10:52,0.3092,0.1895,0.2864,0.2887,0.2557
1080,3/12/2021 11:52,0.3092,0.1885,0.2868,0.2887,0.2557
1081,3/12/2021 12:52,0.3092,0.1885,0.2868,0.2887,0.256
1082,3/12/2021 13:52,0.3095,0.1881,0.2871,0.2887,0.2564
1083,3/12/2021 14:52,0.3095,0.1881,0.2874,0.2887,0.2567
1084,3/12/2021 15:52,0.3095,0.1876,0.2877,0.2887,0.2571
1085,3/12/2021 16:52,0.3095,0.1876,0.2877,0.2887,0.2571
1086,3/12/2021 17:52,0.3095,0.1876,0.2877,0.2884,0.2571
1087,3/12/2021 18:52,0.3092,0.1876,0.2877,0.2884,0.2571
1088,3/12/2021 19:52,0.3092,0.1872,0.2877,0.2884,0.2571
1089,3/12/2021 20:52,0.3092,0.1872,0.2877,0.2881,0.2571
1090,3/12/2021 21:52,0.3092,0.1872,0.2874,0.2881,0.2567
1091,3/12/2021 22:52,0.3087,0.1872,0.2874,0.2881,0.2567
1092,3/12/2021 23:52,0.3087,0.1866,0.2874,0.2877,0.2567
1093,3/13/2021 0:52,0.3087,0.1866,0.2871,0.2877,0.2564
1094,3/13/2021 1:52,0.3084,0.1866,0.2868,0.2874,0.2564
1095,3/13/2021 2:52,0.3084,0.1862,0.2868,0.2874,0.256
1096,3/13/2021 3:52,0.3084,0.1862,0.2868,0.2874,0.256
1097,3/13/2021 4:52,0.308,0.1862,0.2864,0.2874,0.256
1098,3/13/2021 5:52,0.308,0.1862,0.2864,0.2871,0.2557
1099,3/13/2021 6:52,0.308,0.1866,0.2864,0.2871,0.2553
1100,3/13/2021 7:52,0.308,0.1866,0.2864,0.2874,0.2557
1101,3/13/2021 8:52,0.3084,0.1866,0.2864,0.2877,0.2557
1102,3/13/2021 9:52,0.3087,0.1862,0.2864,0.2881,0.256
1103,3/13/2021 10:52,0.3087,0.1859,0.2868,0.2881,0.256
1104,3/13/2021 11:52,0.3087,0.1859,0.2871,0.2884,0.256
1105,3/13/2021 12:52,0.3092,0.1853,0.2871,0.2884,0.2564
1106,3/13/2021 13:52,0.3092,0.1853,0.2874,0.2884,0.2567
1107,3/13/2021 14:52,0.3092,0.1849,0.2877,0.2884,0.2571
1108,3/13/2021 15:52,0.3092,0.1849,0.2881,0.2884,0.2571
1109,3/13/2021 16:52,0.3095,0.1853,0.2881,0.2884,0.2575
1110,3/13/2021 17:52,0.3092,0.1853,0.2881,0.2884,0.2575
1111,3/13/2021 18:52,0.3092,0.1849,0.2881,0.2881,0.2575
1112,3/13/2021 19:52,0.3092,0.1849,0.2881,0.2884,0.2579
1113,3/13/2021 20:52,0.3087,0.1849,0.2881,0.2881,0.2575
1114,3/13/2021 21:52,0.3087,0.1849,0.2881,0.2881,0.2575
1115,3/13/2021 22:52,0.3084,0.1843,0.2877,0.2877,0.2571
1116,3/13/2021 23:52,0.3084,0.1843,0.2877,0.2877,0.2571
1117,3/14/2021 0:52,0.3084,0.1843,0.2877,0.2877,0.2571
1118,3/14/2021 1:52,0.3084,0.1843,0.2874,0.2874,0.2571
1119,3/14/2021 2:52,0.308,0.1843,0.2874,0.2874,0.2567
1120,3/14/2021 3:52,0.308,0.1843,0.2874,0.2874,0.2567
1121,3/14/2021 4:52,0.308,0.1843,0.2871,0.2874,0.2564
1122,3/14/2021 5:52,0.308,0.1843,0.2871,0.2874,0.2564
1123,3/14/2021 6:52,0.308,0.1843,0.2871,0.2874,0.2564
1124,3/14/2021 7:52,0.308,0.184,0.2871,0.2874,0.2564
1125,3/14/2021 8:52,0.308,0.184,0.2874,0.2877,0.2564
1126,3/14/2021 9:52,0.3084,0.184,0.2874,0.2881,0.2567
1127,3/14/2021 10:52,0.3087,0.1836,0.2874,0.2881,0.2567
1128,3/14/2021 11:52,0.3087,0.183,0.2877,0.2884,0.2571
1129,3/14/2021 12:52,0.3087,0.183,0.2877,0.2884,0.2575
1130,3/14/2021 13:52,0.3087,0.1826,0.2881,0.2884,0.2575
1131,3/14/2021 14:52,0.3092,0.183,0.2881,0.2884,0.2579
1132,3/14/2021 15:52,0.3092,0.183,0.2884,0.2887,0.2582
1133,3/14/2021 16:52,0.3092,0.183,0.2887,0.2884,0.2582
1134,3/14/2021 17:52,0.3092,0.183,0.2887,0.2887,0.2582
1135,3/14/2021 18:52,0.3087,0.183,0.2887,0.2884,0.2582
1136,3/14/2021 19:52,0.3087,0.1836,0.2887,0.2884,0.2585
1137,3/14/2021 20:52,0.3087,0.183,0.2887,0.2884,0.2582
1138,3/14/2021 21:52,0.3087,0.183,0.2884,0.2884,0.2582
1139,3/14/2021 22:52,0.3087,0.183,0.2884,0.2881,0.2582
1140,3/14/2021 23:52,0.3084,0.183,0.2884,0.2884,0.2582
1141,3/15/2021 0:52,0.3084,0.1826,0.2884,0.2881,0.2582
1142,3/15/2021 1:52,0.3084,0.1826,0.2884,0.2881,0.2579
1143,3/15/2021 2:52,0.3084,0.182,0.2881,0.2881,0.2579
1144,3/15/2021 3:52,0.3084,0.1826,0.2881,0.2877,0.2579
1145,3/15/2021 4:52,0.3087,0.183,0.2881,0.2881,0.2575
1146,3/15/2021 5:52,0.3087,0.183,0.2877,0.2881,0.2575
1147,3/15/2021 6:52,0.3087,0.1836,0.2877,0.2884,0.2575
1148,3/15/2021 7:52,0.3087,0.183,0.2877,0.2884,0.2575
1149,3/15/2021 8:52,0.3092,0.1836,0.2877,0.2887,0.2575
1150,3/15/2021 9:52,0.3092,0.1836,0.2877,0.2887,0.2575
1151,3/15/2021 10:52,0.3087,0.183,0.2881,0.289,0.2575
1152,3/15/2021 11:52,0.311,0.1862,0.2881,0.2898,0.2564
1153,3/15/2021 12:52,0.3148,0.1981,0.2884,0.2898,0.2571
1154,3/15/2021 13:52,0.3144,0.1963,0.2884,0.2895,0.2571
1155,3/15/2021 14:52,0.3136,0.1948,0.2884,0.289,0.2571
1156,3/15/2021 15:52,0.3133,0.1945,0.2884,0.289,0.2571
1157,3/15/2021 16:52,0.3128,0.1935,0.2884,0.2887,0.2571
1158,3/15/2021 17:52,0.3125,0.1932,0.2884,0.2887,0.2571
1159,3/15/2021 18:52,0.3121,0.1926,0.2884,0.2884,0.2571
1160,3/15/2021 19:52,0.3118,0.1926,0.2881,0.2884,0.2571
1161,3/15/2021 20:52,0.3118,0.1923,0.2881,0.2881,0.2567
1162,3/15/2021 21:52,0.3113,0.1917,0.2877,0.2881,0.2567
1163,3/15/2021 22:52,0.3113,0.1917,0.2877,0.2881,0.2567
1164,3/15/2021 23:52,0.311,0.1913,0.2874,0.2877,0.2564
1165,3/16/2021 0:52,0.311,0.1908,0.2874,0.2877,0.256
1166,3/16/2021 1:52,0.3106,0.1908,0.2874,0.2874,0.256
1167,3/16/2021 2:52,0.3106,0.1904,0.2871,0.2874,0.2557
1168,3/16/2021 3:52,0.3102,0.1904,0.2871,0.2874,0.2557
1169,3/16/2021 4:52,0.3102,0.1898,0.2868,0.2874,0.2553
1170,3/16/2021 5:52,0.3098,0.1898,0.2868,0.2871,0.2553
1171,3/16/2021 6:52,0.3098,0.1898,0.2864,0.2871,0.255
1172,3/16/2021 7:52,0.3102,0.1898,0.2868,0.2874,0.2553
1173,3/16/2021 8:52,0.3102,0.1895,0.2868,0.2877,0.2553
1174,3/16/2021 9:52,0.3102,0.1891,0.2868,0.2877,0.2553
1175,3/16/2021 10:52,0.3102,0.1885,0.2868,0.2881,0.2553
1176,3/16/2021 11:52,0.3106,0.1881,0.2871,0.2881,0.2557
1177,3/16/2021 12:52,0.3106,0.1872,0.2871,0.2881,0.256
1178,3/16/2021 13:52,0.3106,0.1866,0.2874,0.2881,0.2564
1179,3/16/2021 14:52,0.3106,0.1862,0.2874,0.2881,0.2564
1180,3/16/2021 15:52,0.3106,0.1859,0.2877,0.2881,0.2567
1181,3/16/2021 16:52,0.3106,0.1859,0.2881,0.2881,0.2567
1182,3/16/2021 17:52,0.3106,0.1853,0.2881,0.2881,0.2567
1183,3/16/2021 18:52,0.3102,0.1853,0.2881,0.2877,0.2567
1184,3/16/2021 19:52,0.3102,0.1853,0.2881,0.2877,0.2567
1185,3/16/2021 20:52,0.3098,0.1849,0.2877,0.2877,0.2567
1186,3/16/2021 21:52,0.3098,0.1849,0.2877,0.2874,0.2564
1187,3/16/2021 22:52,0.3098,0.1849,0.2874,0.2874,0.2564
1188,3/16/2021 23:52,0.3095,0.1843,0.2874,0.2871,0.2564
1189,3/17/2021 0:52,0.3095,0.1843,0.2871,0.2871,0.256
1190,3/17/2021 1:52,0.3092,0.1843,0.2868,0.2868,0.256
1191,3/17/2021 2:52,0.3092,0.184,0.2868,0.2868,0.2557
1192,3/17/2021 3:52,0.3087,0.184,0.2868,0.2868,0.2553
1193,3/17/2021 4:52,0.3087,0.184,0.2864,0.2868,0.2553
1194,3/17/2021 5:52,0.3087,0.184,0.2861,0.2864,0.2553
1195,3/17/2021 6:52,0.3087,0.1843,0.2861,0.2868,0.255
1196,3/17/2021 7:52,0.3092,0.184,0.2864,0.2868,0.2553
1197,3/17/2021 8:52,0.3095,0.1836,0.2864,0.2871,0.2553
1198,3/17/2021 9:52,0.3095,0.1836,0.2864,0.2874,0.2553
1199,3/17/2021 10:52,0.3095,0.183,0.2864,0.2877,0.2557
1200,3/17/2021 11:52,0.3098,0.1826,0.2868,0.2877,0.2557
1201,3/17/2021 12:52,0.3095,0.182,0.2868,0.2877,0.256
1202,3/17/2021 13:52,0.3098,0.182,0.2874,0.2881,0.2564
1203,3/17/2021 14:52,0.3098,0.1816,0.2877,0.2881,0.2567
1204,3/17/2021 15:52,0.3098,0.182,0.2877,0.2881,0.2571
1205,3/17/2021 16:52,0.3098,0.182,0.2881,0.2881,0.2575
1206,3/17/2021 17:52,0.3098,0.182,0.2881,0.2881,0.2575
1207,3/17/2021 18:52,0.3098,0.1826,0.2881,0.2881,0.2575
1208,3/17/2021 19:52,0.3098,0.182,0.2881,0.2881,0.2575
1209,3/17/2021 20:52,0.3095,0.182,0.2881,0.2881,0.2575
1210,3/17/2021 21:52,0.3095,0.182,0.2881,0.2877,0.2575
1211,3/17/2021 22:52,0.3092,0.1816,0.2881,0.2877,0.2575
1212,3/17/2021 23:52,0.3092,0.1816,0.2877,0.2874,0.2575
1213,3/18/2021 0:52,0.3092,0.1816,0.2877,0.2874,0.2571
1214,3/18/2021 1:52,0.3092,0.1813,0.2874,0.2874,0.2571
1215,3/18/2021 2:52,0.3087,0.1813,0.2874,0.2871,0.2571
1216,3/18/2021 3:52,0.3087,0.1807,0.2874,0.2871,0.2567
1217,3/18/2021 4:52,0.3087,0.1807,0.2871,0.2871,0.2567
1218,3/18/2021 5:52,0.3087,0.1807,0.2871,0.2871,0.2567
1219,3/18/2021 6:52,0.3087,0.1807,0.2871,0.2871,0.2564
1220,3/18/2021 7:52,0.3084,0.1803,0.2871,0.2871,0.2564
1221,3/18/2021 8:52,0.3092,0.1803,0.2874,0.2874,0.2567
1222,3/18/2021 9:52,0.3092,0.1797,0.2874,0.2874,0.2567
1223,3/18/2021 10:52,0.3092,0.1793,0.2874,0.2877,0.2571
1224,3/18/2021 11:52,0.3095,0.1793,0.2877,0.2877,0.2571
1225,3/18/2021 12:52,0.3095,0.1793,0.2877,0.2881,0.2575
1226,3/18/2021 13:52,0.3095,0.1793,0.2881,0.2884,0.2579
1227,3/18/2021 14:52,0.3095,0.1797,0.2884,0.2884,0.2579
1228,3/18/2021 15:52,0.3095,0.1797,0.2884,0.2884,0.2582
1229,3/18/2021 16:52,0.3095,0.1797,0.2887,0.2884,0.2582
1230,3/18/2021 17:52,0.3095,0.1797,0.2887,0.2884,0.2585
1231,3/18/2021 18:52,0.3092,0.1797,0.2887,0.2881,0.2585
1232,3/18/2021 19:52,0.3092,0.1797,0.2887,0.2881,0.2582
1233,3/18/2021 20:52,0.3087,0.1793,0.2884,0.2877,0.2582
1234,3/18/2021 21:52,0.3087,0.1793,0.2884,0.2877,0.2582
1235,3/18/2021 22:52,0.3087,0.1793,0.2881,0.2874,0.2582
1236,3/18/2021 23:52,0.3084,0.1789,0.2881,0.2874,0.2579
1237,3/19/2021 0:52,0.3084,0.1789,0.2877,0.2874,0.2579
1238,3/19/2021 1:52,0.3084,0.1783,0.2877,0.2871,0.2575
1239,3/19/2021 2:52,0.308,0.1783,0.2874,0.2871,0.2575
1240,3/19/2021 3:52,0.308,0.1779,0.2874,0.2868,0.2571
1241,3/19/2021 4:52,0.3077,0.1779,0.2871,0.2868,0.2571
1242,3/19/2021 5:52,0.3077,0.1775,0.2871,0.2864,0.2567
1243,3/19/2021 6:52,0.3077,0.1779,0.2871,0.2868,0.2567
1244,3/19/2021 7:52,0.308,0.1775,0.2871,0.2868,0.2567
1245,3/19/2021 8:52,0.308,0.1769,0.2871,0.2871,0.2571
1246,3/19/2021 9:52,0.308,0.1769,0.2871,0.2871,0.2571
1247,3/19/2021 10:52,0.3084,0.1765,0.2871,0.2871,0.2571
1248,3/19/2021 11:52,0.3084,0.1762,0.2874,0.2874,0.2575
1249,3/19/2021 12:52,0.3084,0.1765,0.2877,0.2874,0.2575
1250,3/19/2021 13:52,0.3087,0.1765,0.2881,0.2877,0.2579
1251,3/19/2021 14:52,0.3087,0.1769,0.2884,0.2881,0.2582
1252,3/19/2021 15:52,0.3087,0.1769,0.2884,0.2881,0.2582
1253,3/19/2021 16:52,0.3087,0.1775,0.2887,0.2881,0.2585
1254,3/19/2021 17:52,0.3087,0.1775,0.2887,0.2881,0.2585
1255,3/19/2021 18:52,0.3087,0.1775,0.2887,0.2881,0.2585
1256,3/19/2021 19:52,0.3087,0.1775,0.2887,0.2881,0.2589
1257,3/19/2021 20:52,0.3084,0.1775,0.2887,0.2877,0.2585
1258,3/19/2021 21:52,0.3084,0.1775,0.2887,0.2877,0.2585
1259,3/19/2021 22:52,0.3084,0.1769,0.2887,0.2877,0.2585
1260,3/19/2021 23:52,0.3084,0.1775,0.2884,0.2877,0.2585
1261,3/20/2021 0:52,0.3084,0.1775,0.2884,0.2877,0.2585
1262,3/20/2021 1:52,0.3084,0.1769,0.2884,0.2877,0.2582
1263,3/20/2021 2:52,0.3084,0.1775,0.2884,0.2877,0.2582
1264,3/20/2021 3:52,0.3084,0.1775,0.2884,0.2877,0.2582
1265,3/20/2021 4:52,0.3084,0.1769,0.2881,0.2877,0.2582
1266,3/20/2021 5:52,0.3084,0.1769,0.2881,0.2877,0.2579
1267,3/20/2021 6:52,0.3084,0.1769,0.2881,0.2877,0.2579
1268,3/20/2021 7:52,0.3084,0.1769,0.2881,0.2877,0.2579
1269,3/20/2021 8:52,0.308,0.1765,0.2884,0.2877,0.2582
1270,3/20/2021 9:52,0.308,0.1756,0.2884,0.2877,0.2582
1271,3/20/2021 10:52,0.308,0.1756,0.2884,0.2877,0.2582
1272,3/20/2021 11:52,0.308,0.1756,0.2884,0.2877,0.2585
1273,3/20/2021 12:52,0.308,0.1752,0.2884,0.2877,0.2585
1274,3/20/2021 13:52,0.3084,0.1756,0.2887,0.2881,0.2589
1275,3/20/2021 14:52,0.308,0.1752,0.289,0.2881,0.2589
1276,3/20/2021 15:52,0.308,0.1752,0.289,0.2877,0.2589
1277,3/20/2021 16:52,0.308,0.1752,0.289,0.2877,0.2589
1278,3/20/2021 17:52,0.3077,0.1752,0.289,0.2877,0.2589
1279,3/20/2021 18:52,0.3077,0.1746,0.289,0.2874,0.2589
1280,3/20/2021 19:52,0.3077,0.1746,0.289,0.2874,0.2589
1281,3/20/2021 20:52,0.3072,0.1742,0.2887,0.2871,0.2585
1282,3/20/2021 21:52,0.3072,0.1738,0.2887,0.2871,0.2585
1283,3/20/2021 22:52,0.3069,0.1738,0.2884,0.2868,0.2582
1284,3/20/2021 23:52,0.3069,0.1732,0.2881,0.2868,0.2582
1285,3/21/2021 0:52,0.3066,0.1732,0.2881,0.2864,0.2582
1286,3/21/2021 1:52,0.3066,0.1728,0.2877,0.2864,0.2579
1287,3/21/2021 2:52,0.3062,0.1728,0.2877,0.2861,0.2575
1288,3/21/2021 3:52,0.3062,0.1724,0.2874,0.2861,0.2571
1289,3/21/2021 4:52,0.3058,0.1718,0.2874,0.2857,0.2571
1290,3/21/2021 5:52,0.3058,0.1718,0.2871,0.2857,0.2567
1291,3/21/2021 6:52,0.3054,0.1718,0.2871,0.2857,0.2567
1292,3/21/2021 7:52,0.3058,0.1718,0.2871,0.2857,0.2567
1293,3/21/2021 8:52,0.3058,0.1714,0.2871,0.2857,0.2567
1294,3/21/2021 9:52,0.3062,0.1714,0.2871,0.2857,0.2567
1295,3/21/2021 10:52,0.3058,0.1709,0.2871,0.2861,0.2567
1296,3/21/2021 11:52,0.3058,0.1703,0.2871,0.2861,0.2571
1297,3/21/2021 12:52,0.3058,0.1709,0.2874,0.2861,0.2571
1298,3/21/2021 13:52,0.3062,0.1709,0.2877,0.2861,0.2575
1299,3/21/2021 14:52,0.3058,0.1709,0.2877,0.2864,0.2575
1300,3/21/2021 15:52,0.3058,0.1709,0.2881,0.2864,0.2575
1301,3/21/2021 16:52,0.3062,0.1709,0.2881,0.2864,0.2579
1302,3/21/2021 17:52,0.3058,0.1709,0.2881,0.2861,0.2579
1303,3/21/2021 18:52,0.3058,0.1703,0.2881,0.2861,0.2579
1304,3/21/2021 19:52,0.3058,0.1703,0.2881,0.2861,0.2579
1305,3/21/2021 20:52,0.3054,0.1699,0.2877,0.2857,0.2579
1306,3/21/2021 21:52,0.3051,0.1699,0.2877,0.2853,0.2575
1307,3/21/2021 22:52,0.3051,0.1695,0.2877,0.2853,0.2575
1308,3/21/2021 23:52,0.3051,0.1695,0.2874,0.2853,0.2571
1309,3/22/2021 0:52,0.3051,0.1689,0.2874,0.285,0.2571
1310,3/22/2021 1:52,0.3048,0.1689,0.2871,0.285,0.2567
1311,3/22/2021 2:52,0.3048,0.1689,0.2871,0.285,0.2567
1312,3/22/2021 3:52,0.3043,0.1685,0.2868,0.2847,0.2564
1313,3/22/2021 4:52,0.3043,0.1685,0.2868,0.2847,0.2564
1314,3/22/2021 5:52,0.3043,0.1685,0.2868,0.2847,0.2564
1315,3/22/2021 6:52,0.3043,0.1685,0.2864,0.2847,0.256
1316,3/22/2021 7:52,0.3043,0.1681,0.2864,0.2847,0.256
1317,3/22/2021 8:52,0.3043,0.1681,0.2864,0.2847,0.256
1318,3/22/2021 9:52,0.3048,0.1681,0.2868,0.285,0.256
1319,3/22/2021 10:52,0.3048,0.1681,0.2868,0.285,0.2564
1320,3/22/2021 11:52,0.3048,0.1671,0.2868,0.285,0.2564
1321,3/22/2021 12:52,0.3051,0.1685,0.2874,0.2853,0.2567
1322,3/22/2021 13:52,0.3051,0.1685,0.2874,0.2853,0.2571
1323,3/22/2021 14:52,0.3048,0.1685,0.2877,0.2853,0.2571
1324,3/22/2021 15:52,0.3048,0.1685,0.2877,0.2853,0.2571
1325,3/22/2021 16:52,0.3048,0.1685,0.2881,0.2853,0.2571
1326,3/22/2021 17:52,0.3048,0.1685,0.2881,0.2853,0.2575
1327,3/22/2021 18:52,0.3048,0.1685,0.2881,0.2853,0.2575
1328,3/22/2021 19:52,0.3048,0.1681,0.2881,0.285,0.2571
1329,3/22/2021 20:52,0.3043,0.1681,0.2877,0.2847,0.2571
1330,3/22/2021 21:52,0.3043,0.1677,0.2877,0.2847,0.2571
1331,3/22/2021 22:52,0.304,0.1677,0.2874,0.2847,0.2567
1332,3/22/2021 23:52,0.304,0.1671,0.2871,0.2844,0.2567
1333,3/23/2021 0:52,0.3037,0.1671,0.2871,0.284,0.2564
1334,3/23/2021 1:52,0.3037,0.1667,0.2868,0.2837,0.2564
1335,3/23/2021 2:52,0.3033,0.1663,0.2864,0.2837,0.256
1336,3/23/2021 3:52,0.3033,0.1663,0.2864,0.2837,0.2557
1337,3/23/2021 4:52,0.3033,0.1663,0.2861,0.2834,0.2557
1338,3/23/2021 5:52,0.3029,0.1656,0.2857,0.283,0.2553
1339,3/23/2021 6:52,0.3029,0.1656,0.2857,0.283,0.2553
1340,3/23/2021 7:52,0.3033,0.1656,0.2857,0.2834,0.2553
1341,3/23/2021 8:52,0.3033,0.1652,0.2861,0.2834,0.2553
1342,3/23/2021 9:52,0.3033,0.1652,0.2857,0.2837,0.255
1343,3/23/2021 10:52,0.3033,0.1648,0.2861,0.2837,0.2553
1344,3/23/2021 11:52,0.3033,0.1648,0.2864,0.2837,0.2553
1345,3/23/2021 12:52,0.3033,0.1648,0.2864,0.2837,0.2553
1346,3/23/2021 13:52,0.3033,0.1642,0.2868,0.2837,0.2557
1347,3/23/2021 14:52,0.3033,0.1648,0.2871,0.2837,0.2557
1348,3/23/2021 15:52,0.3033,0.1642,0.2871,0.284,0.256
1349,3/23/2021 16:52,0.3033,0.1642,0.2874,0.2837,0.256
1350,3/23/2021 17:52,0.3033,0.1642,0.2874,0.2837,0.256
1351,3/23/2021 18:52,0.3033,0.1642,0.2871,0.2837,0.256
1352,3/23/2021 19:52,0.3033,0.1638,0.2871,0.2834,0.256
1353,3/23/2021 20:52,0.3029,0.1638,0.2871,0.2834,0.2557
1354,3/23/2021 21:52,0.3029,0.1634,0.2868,0.2834,0.2557
1355,3/23/2021 22:52,0.3026,0.1629,0.2868,0.283,0.2553
1356,3/23/2021 23:52,0.3026,0.1629,0.2864,0.2827,0.2553
1357,3/24/2021 0:52,0.3022,0.1629,0.2864,0.2827,0.255
1358,3/24/2021 1:52,0.3022,0.1629,0.2861,0.2824,0.255
1359,3/24/2021 2:52,0.3019,0.1623,0.2857,0.2824,0.2546
1360,3/24/2021 3:52,0.3019,0.1623,0.2857,0.2821,0.2542
1361,3/24/2021 4:52,0.3015,0.1619,0.2853,0.2821,0.2542
1362,3/24/2021 5:52,0.3015,0.1619,0.285,0.2817,0.2538
1363,3/24/2021 6:52,0.3019,0.1623,0.285,0.2821,0.2538
1364,3/24/2021 7:52,0.3019,0.1623,0.285,0.2821,0.2538
1365,3/24/2021 8:52,0.3019,0.1619,0.285,0.2821,0.2538
1366,3/24/2021 9:52,0.3019,0.1615,0.2853,0.2821,0.2538
1367,3/24/2021 10:52,0.3019,0.1615,0.2853,0.2824,0.2538
1368,3/24/2021 11:52,0.3022,0.1615,0.2857,0.2827,0.2542
1369,3/24/2021 12:52,0.3022,0.1615,0.2857,0.2827,0.2542
1370,3/24/2021 13:52,0.3022,0.1619,0.2864,0.283,0.2546
1371,3/24/2021 14:52,0.3022,0.1615,0.2864,0.283,0.255
1372,3/24/2021 15:52,0.3022,0.1619,0.2868,0.283,0.255
1373,3/24/2021 16:52,0.3022,0.1619,0.2871,0.283,0.255
1374,3/24/2021 17:52,0.3019,0.1619,0.2868,0.2827,0.2553
1375,3/24/2021 18:52,0.3019,0.108,0.2868,0.2827,0.2553
1376,3/24/2021 19:52,0.3019,0.1025,0.2868,0.2827,0.2553
1377,3/24/2021 20:52,0.3015,0.1014,0.2868,0.2824,0.255
1378,3/24/2021 21:52,0.3015,0.1009,0.2864,0.2821,0.255
1379,3/24/2021 22:52,0.3011,0.1003,0.2864,0.2821,0.2546
1380,3/24/2021 23:52,0.3011,0.0998,0.2861,0.2817,0.2546
1381,3/25/2021 0:52,0.3011,0.0998,0.2857,0.2817,0.2546
1382,3/25/2021 1:52,0.3008,0.0992,0.2853,0.2813,0.2542
1383,3/25/2021 2:52,0.3008,0.0992,0.2853,0.281,0.2538
1384,3/25/2021 3:52,0.3005,0.0986,0.285,0.281,0.2538
1385,3/25/2021 4:52,0.3005,0.0981,0.2847,0.2806,0.2534
1386,3/25/2021 5:52,0.3001,0.0975,0.2847,0.2806,0.2532
1387,3/25/2021 6:52,0.3001,0.0975,0.2847,0.2806,0.2532
1388,3/25/2021 7:52,0.3005,0.0981,0.2847,0.2806,0.2532
1389,3/25/2021 8:52,0.3005,0.0975,0.2844,0.2806,0.2528
1390,3/25/2021 9:52,0.3005,0.0975,0.2844,0.2806,0.2528
1391,3/25/2021 10:52,0.3005,0.0975,0.2844,0.2806,0.2528
1392,3/25/2021 11:52,0.3008,0.0981,0.2847,0.281,0.2532
1393,3/25/2021 12:52,0.3001,0.0975,0.2847,0.281,0.2528
1394,3/25/2021 13:52,0.3005,0.0981,0.285,0.2813,0.2532
1395,3/25/2021 14:52,0.3005,0.0981,0.285,0.281,0.2532
1396,3/25/2021 15:52,0.3005,0.0981,0.2853,0.2813,0.2534
1397,3/25/2021 16:52,0.3005,0.0981,0.2853,0.2813,0.2534
1398,3/25/2021 17:52,0.3005,0.0981,0.2853,0.2813,0.2534
1399,3/25/2021 18:52,0.3005,0.0981,0.2853,0.2813,0.2534
1400,3/25/2021 19:52,0.3005,0.0981,0.2853,0.2813,0.2534
1401,3/25/2021 20:52,0.3001,0.0975,0.2853,0.281,0.2534
1402,3/25/2021 21:52,0.3001,0.0975,0.2853,0.281,0.2534
1403,3/25/2021 22:52,0.3001,0.0969,0.2853,0.281,0.2532
1404,3/25/2021 23:52,0.2997,0.0969,0.285,0.2806,0.2532
1405,3/26/2021 0:52,0.2997,0.0969,0.285,0.2806,0.2532
1406,3/26/2021 1:52,0.2997,0.0963,0.2847,0.2806,0.2532
1407,3/26/2021 2:52,0.2997,0.0963,0.2847,0.2803,0.2528
1408,3/26/2021 3:52,0.2994,0.0961,0.2844,0.2803,0.2524
1409,3/26/2021 4:52,0.2994,0.0961,0.2844,0.28,0.2524
1410,3/26/2021 5:52,0.2994,0.0961,0.2844,0.28,0.2524
1411,3/26/2021 6:52,0.2994,0.0955,0.284,0.28,0.2524
1412,3/26/2021 7:52,0.2994,0.0961,0.284,0.28,0.252
1413,3/26/2021 8:52,0.2994,0.0955,0.284,0.2803,0.252
1414,3/26/2021 9:52,0.2997,0.0961,0.2844,0.2803,0.252
1415,3/26/2021 10:52,0.2997,0.0961,0.2844,0.2803,0.252
1416,3/26/2021 11:52,0.2997,0.0963,0.2847,0.2806,0.2524
1417,3/26/2021 12:52,0.2997,0.0969,0.2847,0.281,0.2528
1418,3/26/2021 13:52,0.2997,0.0969,0.285,0.2806,0.2528
1419,3/26/2021 14:52,0.2997,0.0969,0.2853,0.281,0.2532
1420,3/26/2021 15:52,0.2997,0.0969,0.2857,0.281,0.2532
1421,3/26/2021 16:52,0.2997,0.0969,0.2857,0.281,0.2532
1422,3/26/2021 17:52,0.2997,0.0969,0.2857,0.2806,0.2534
1423,3/26/2021 18:52,0.2997,0.0963,0.2857,0.281,0.2534
1424,3/26/2021 19:52,0.2994,0.0963,0.2857,0.2806,0.2534
1425,3/26/2021 20:52,0.2994,0.0963,0.2857,0.2806,0.2534
1426,3/26/2021 21:52,0.299,0.0961,0.2853,0.2803,0.2532
1427,3/26/2021 22:52,0.299,0.0961,0.2853,0.2803,0.2532
1428,3/26/2021 23:52,0.2987,0.0955,0.285,0.28,0.2528
1429,3/27/2021 0:52,0.2987,0.0949,0.285,0.2796,0.2528
1430,3/27/2021 1:52,0.2984,0.0949,0.2847,0.2796,0.2524
1431,3/27/2021 2:52,0.2984,0.0943,0.2844,0.2793,0.2524
1432,3/27/2021 3:52,0.2984,0.0943,0.2844,0.2793,0.252
1433,3/27/2021 4:52,0.2984,0.0937,0.284,0.279,0.2516
1434,3/27/2021 5:52,0.2979,0.0937,0.2837,0.2786,0.2516
1435,3/27/2021 6:52,0.2979,0.0937,0.284,0.279,0.2512
1436,3/27/2021 7:52,0.2984,0.0937,0.284,0.279,0.2516
1437,3/27/2021 8:52,0.2984,0.0937,0.284,0.2793,0.2512
1438,3/27/2021 9:52,0.2984,0.0943,0.284,0.2793,0.2512
1439,3/27/2021 10:52,0.2984,0.0949,0.2844,0.2796,0.2516
1440,3/27/2021 11:52,0.2987,0.0955,0.2844,0.28,0.252
1441,3/27/2021 12:52,0.2984,0.0963,0.285,0.28,0.2524
1442,3/27/2021 13:52,0.2984,0.0969,0.2853,0.28,0.2524
1443,3/27/2021 14:52,0.2984,0.0963,0.2857,0.2803,0.2528
1444,3/27/2021 15:52,0.2984,0.0963,0.2857,0.2803,0.2532
1445,3/27/2021 16:52,0.2984,0.0963,0.2861,0.2803,0.2532
1446,3/27/2021 17:52,0.2984,0.0963,0.2861,0.2803,0.2534
1447,3/27/2021 18:52,0.2984,0.0961,0.2861,0.2803,0.2534
1448,3/27/2021 19:52,0.2984,0.0961,0.2861,0.2803,0.2534
1449,3/27/2021 20:52,0.2979,0.0961,0.2861,0.28,0.2534
1450,3/27/2021 21:52,0.2979,0.0955,0.2857,0.28,0.2534
1451,3/27/2021 22:52,0.2979,0.0955,0.2857,0.2796,0.2532
1452,3/27/2021 23:52,0.2979,0.0949,0.2857,0.2796,0.2532
1453,3/28/2021 0:52,0.2976,0.0943,0.2853,0.2793,0.2532
1454,3/28/2021 1:52,0.2973,0.0943,0.2853,0.2793,0.2528
1455,3/28/2021 2:52,0.2973,0.0937,0.285,0.2793,0.2528
1456,3/28/2021 3:52,0.2973,0.0932,0.285,0.279,0.2524
1457,3/28/2021 4:52,0.297,0.0932,0.2847,0.279,0.252
1458,3/28/2021 5:52,0.297,0.0926,0.2847,0.279,0.252
1459,3/28/2021 6:52,0.297,0.0932,0.2847,0.279,0.252
1460,3/28/2021 7:52,0.2973,0.0932,0.2847,0.279,0.252
1461,3/28/2021 8:52,0.2973,0.0932,0.2847,0.279,0.252
1462,3/28/2021 9:52,0.297,0.0937,0.2847,0.2793,0.2516
1463,3/28/2021 10:52,0.297,0.0943,0.2847,0.2793,0.252
1464,3/28/2021 11:52,0.297,0.0955,0.285,0.2796,0.2524
1465,3/28/2021 12:52,0.297,0.0963,0.2853,0.2796,0.2524
1466,3/28/2021 13:52,0.297,0.0969,0.2861,0.28,0.2528
1467,3/28/2021 14:52,0.297,0.0963,0.2864,0.28,0.2532
1468,3/28/2021 15:52,0.297,0.0963,0.2864,0.28,0.2532
1469,3/28/2021 16:52,0.297,0.0963,0.2864,0.28,0.2534
1470,3/28/2021 17:52,0.297,0.0963,0.2864,0.28,0.2534
1471,3/28/2021 18:52,0.2966,0.0961,0.2868,0.28,0.2538
1472,3/28/2021 19:52,0.2966,0.0955,0.2864,0.2796,0.2534
1473,3/28/2021 20:52,0.2963,0.0955,0.2864,0.2796,0.2534
1474,3/28/2021 21:52,0.2963,0.0949,0.2864,0.2793,0.2534
1475,3/28/2021 22:52,0.2963,0.0943,0.2861,0.279,0.2534
1476,3/28/2021 23:52,0.2959,0.0937,0.2857,0.279,0.2532
1477,3/29/2021 0:52,0.2959,0.0932,0.2857,0.2786,0.2528
1478,3/29/2021 1:52,0.2955,0.0926,0.2853,0.2783,0.2528
1479,3/29/2021 2:52,0.2955,0.092,0.285,0.278,0.2524
1480,3/29/2021 3:52,0.2952,0.092,0.285,0.278,0.252
1481,3/29/2021 4:52,0.2952,0.0914,0.2847,0.278,0.252
1482,3/29/2021 5:52,0.2952,0.0914,0.2844,0.2776,0.2516
1483,3/29/2021 6:52,0.2952,0.0914,0.2844,0.278,0.2516
1484,3/29/2021 7:52,0.2952,0.0914,0.2844,0.278,0.2516
1485,3/29/2021 8:52,0.2955,0.092,0.2844,0.278,0.2512
1486,3/29/2021 9:52,0.2952,0.092,0.2847,0.278,0.2516
1487,3/29/2021 10:52,0.2952,0.0932,0.2847,0.2783,0.2516
1488,3/29/2021 11:52,0.2952,0.0937,0.285,0.2786,0.2516
1489,3/29/2021 12:52,0.2952,0.0949,0.2853,0.2786,0.252
1490,3/29/2021 13:52,0.2952,0.0949,0.2857,0.2786,0.2524
1491,3/29/2021 14:52,0.2949,0.0949,0.2861,0.279,0.2528
1492,3/29/2021 15:52,0.2949,0.0949,0.2861,0.279,0.2528
1493,3/29/2021 16:52,0.2949,0.0949,0.2864,0.279,0.2528
1494,3/29/2021 17:52,0.2949,0.0943,0.2864,0.279,0.2532
1495,3/29/2021 18:52,0.2949,0.0943,0.2861,0.2786,0.2532
1496,3/29/2021 19:52,0.2949,0.0937,0.2861,0.2786,0.2532
1497,3/29/2021 20:52,0.2946,0.0932,0.2861,0.2783,0.2532
1498,3/29/2021 21:52,0.2946,0.0926,0.2857,0.2783,0.2528
1499,3/29/2021 22:52,0.2942,0.0926,0.2857,0.278,0.2528
1500,3/29/2021 23:52,0.2942,0.092,0.2853,0.2776,0.2524
1501,3/30/2021 0:52,0.2938,0.0914,0.2853,0.2776,0.2524
1502,3/30/2021 1:52,0.2938,0.0908,0.285,0.2773,0.252
1503,3/30/2021 2:52,0.2938,0.0902,0.2847,0.277,0.2516
1504,3/30/2021 3:52,0.2938,0.0902,0.2847,0.277,0.2516
1505,3/30/2021 4:52,0.2935,0.0902,0.2847,0.277,0.2512
1506,3/30/2021 5:52,0.2935,0.0896,0.2844,0.2766,0.2509
1507,3/30/2021 6:52,0.2935,0.0896,0.2844,0.277,0.2509
1508,3/30/2021 7:52,0.2935,0.0896,0.2844,0.277,0.2509
1509,3/30/2021 8:52,0.2935,0.0902,0.2844,0.277,0.2509
1510,3/30/2021 9:52,0.2935,0.0902,0.2844,0.277,0.2509
1511,3/30/2021 10:52,0.2932,0.0908,0.2844,0.277,0.2509
1512,3/30/2021 11:52,0.2932,0.0914,0.2847,0.2773,0.2509
1513,3/30/2021 12:52,0.2932,0.092,0.285,0.2773,0.2512
1514,3/30/2021 13:52,0.2932,0.092,0.2853,0.2773,0.2516
1515,3/30/2021 14:52,0.2928,0.092,0.2857,0.2773,0.2516
1516,3/30/2021 15:52,0.2932,0.0914,0.2857,0.2773,0.252
1517,3/30/2021 16:52,0.2932,0.0914,0.2857,0.2776,0.252
1518,3/30/2021 17:52,0.2932,0.0908,0.2861,0.2776,0.252
1519,3/30/2021 18:52,0.2932,0.0908,0.2861,0.2776,0.252
1520,3/30/2021 19:52,0.2928,0.0902,0.2857,0.2773,0.252
1521,3/30/2021 20:52,0.2928,0.0896,0.2857,0.2773,0.252
1522,3/30/2021 21:52,0.2925,0.0893,0.2853,0.277,0.2516
1523,3/30/2021 22:52,0.2925,0.0893,0.2853,0.2766,0.2512
1524,3/30/2021 23:52,0.2922,0.0887,0.285,0.2763,0.2512
1525,3/31/2021 0:52,0.2922,0.0887,0.2847,0.2763,0.2509
1526,3/31/2021 1:52,0.2922,0.0881,0.2847,0.2759,0.2505
1527,3/31/2021 2:52,0.2919,0.0875,0.2844,0.2759,0.2502
1528,3/31/2021 3:52,0.2908,0.0869,0.284,0.2753,0.2498
1529,3/31/2021 4:52,0.2895,0.0869,0.2834,0.2746,0.2494
1530,3/31/2021 5:52,0.2887,0.0863,0.2827,0.2739,0.249
1531,3/31/2021 6:52,0.2914,0.0869,0.2837,0.2753,0.2494
1532,3/31/2021 7:52,0.2914,0.0869,0.2837,0.2753,0.2494
1533,3/31/2021 8:52,0.2911,0.0869,0.2837,0.2753,0.2494
1534,3/31/2021 9:52,0.2911,0.0875,0.2837,0.2756,0.2494
1535,3/31/2021 10:52,0.2911,0.0881,0.2837,0.2756,0.2494
1536,3/31/2021 11:52,0.2911,0.0881,0.284,0.2759,0.2494
1537,3/31/2021 12:52,0.2911,0.0893,0.2844,0.2759,0.2498
1538,3/31/2021 13:52,0.2911,0.0893,0.2844,0.2759,0.2502
1539,3/31/2021 14:52,0.2911,0.0887,0.2847,0.2763,0.2502
1540,3/31/2021 15:52,0.2911,0.0887,0.285,0.2763,0.2502
1541,3/31/2021 16:52,0.2911,0.0881,0.285,0.2763,0.2505
1542,3/31/2021 17:52,0.2911,0.0881,0.285,0.2759,0.2505
1543,3/31/2021 18:52,0.2911,0.0875,0.2853,0.2759,0.2505
1544,3/31/2021 19:52,0.2908,0.0875,0.285,0.2759,0.2505
1545,3/31/2021 20:52,0.2904,0.0869,0.2847,0.2756,0.2502
1546,3/31/2021 21:52,0.2898,0.0863,0.2844,0.2753,0.2498
1547,3/31/2021 22:52,0.2868,0.0863,0.283,0.2736,0.249
1548,3/31/2021 23:52,0.2884,0.0857,0.2837,0.2743,0.2494
1549,4/1/2021 0:52,0.2898,0.0857,0.284,0.2749,0.2494
1550,4/1/2021 1:52,0.2871,0.085,0.2827,0.2736,0.2487
1551,4/1/2021 2:52,0.279,0.0844,0.2776,0.2677,0.2449
1552,4/1/2021 3:52,0.2712,0.0822,0.2712,0.2611,0.239
1553,4/1/2021 4:52,0.2677,0.0803,0.268,0.2579,0.2351
1554,4/1/2021 5:52,0.2657,0.0794,0.2664,0.256,0.2335
1555,4/1/2021 6:52,0.2895,0.0841,0.283,0.2739,0.2479
1556,4/1/2021 7:52,0.2895,0.0844,0.283,0.2743,0.2483
1557,4/1/2021 8:52,0.2895,0.085,0.283,0.2743,0.2483
1558,4/1/2021 9:52,0.2895,0.0857,0.283,0.2746,0.2483
1559,4/1/2021 10:52,0.2895,0.0869,0.2834,0.2749,0.2487
1560,4/1/2021 11:52,0.2898,0.0881,0.2837,0.2753,0.2487
1561,4/1/2021 12:52,0.2895,0.0887,0.2837,0.2749,0.249
1562,4/1/2021 13:52,0.2898,0.0896,0.2844,0.2753,0.2494
1563,4/1/2021 14:52,0.2895,0.0893,0.2844,0.2756,0.2498
1564,4/1/2021 15:52,0.2895,0.0893,0.2847,0.2756,0.2498
1565,4/1/2021 16:52,0.2895,0.0887,0.2847,0.2756,0.2498
1566,4/1/2021 17:52,0.2895,0.0887,0.2847,0.2756,0.2498
1567,4/1/2021 18:52,0.2895,0.0881,0.2847,0.2753,0.2498
1568,4/1/2021 19:52,0.2864,0.0875,0.284,0.2743,0.2494
1569,4/1/2021 20:52,0.2673,0.0841,0.2701,0.2592,0.2374
1570,4/1/2021 21:52,0.2575,0.0775,0.2618,0.2509,0.2282
1571,4/1/2021 22:52,0.2494,0.0715,0.2538,0.2425,0.2182
1572,4/1/2021 23:52,0.2399,0.0646,0.2452,0.2335,0.2078
1573,4/2/2021 0:52,0.2109,0.0474,0.2198,0.2064,0.1779
1574,4/2/2021 1:52,0.1972,0.0421,0.2038,0.1923,0.1619
1575,4/2/2021 2:52,0.2061,0.0442,0.2131,0.2003,0.1695
1576,4/2/2021 3:52,0.199,0.0421,0.2043,0.1935,0.1623
1577,4/2/2021 4:52,0.1948,0.0421,0.2003,0.1895,0.1581
1578,4/2/2021 5:52,0.1932,0.0421,0.1981,0.1866,0.1562
1579,4/2/2021 6:52,0.266,0.0787,0.2684,0.255,0.2306
1580,4/2/2021 7:52,0.2877,0.0835,0.2824,0.2729,0.2471
1581,4/2/2021 8:52,0.2877,0.0841,0.2824,0.2732,0.2471
1582,4/2/2021 9:52,0.2877,0.0844,0.2824,0.2736,0.2471
1583,4/2/2021 10:52,0.2877,0.0857,0.2827,0.2736,0.2475
1584,4/2/2021 11:52,0.2877,0.0863,0.283,0.2739,0.2475
1585,4/2/2021 12:52,0.2877,0.0875,0.283,0.2739,0.2479
1586,4/2/2021 13:52,0.2877,0.0875,0.2834,0.2743,0.2483
1587,4/2/2021 14:52,0.2874,0.0875,0.2837,0.2743,0.2483
1588,4/2/2021 15:52,0.2877,0.0875,0.2837,0.2743,0.2483
1589,4/2/2021 16:52,0.2877,0.0869,0.284,0.2746,0.2487
1590,4/2/2021 17:52,0.2864,0.0863,0.2837,0.2739,0.2487
1591,4/2/2021 18:52,0.2618,0.0803,0.2664,0.255,0.233
1592,4/2/2021 19:52,0.2245,0.057,0.2335,0.2203,0.1935
1593,4/2/2021 20:52,0.1853,0.0434,0.1939,0.182,0.1532
1594,4/2/2021 21:52,0.1695,0.0442,0.1866,0.1652,0.1455
1595,4/2/2021 22:52,0.1503,0.0421,0.1793,0.1446,0.1361
1596,4/2/2021 23:52,0.1064,0.0112,0.149,0.1075,0.102
1597,4/3/2021 0:52,0.0725,-0.0369,0.1128,0.0708,0.0639
1598,4/3/2021 1:52,0.0628,-0.0478,0.1064,0.0653,0.0599
1599,4/3/2021 2:52,0.0297,-0.0847,0.0794,0.0328,0.0306
1600,4/3/2021 3:52,0.0029,-0.1094,0.0607,0.0081,0.0112
1601,4/3/2021 4:52,-0.0402,-0.1662,0.0147,-0.045,-0.0389
1602,4/3/2021 5:52,-0.0572,-0.2156,-0.0278,-0.0781,-0.0805
1603,4/3/2021 6:52,0.1891,0.0454,0.1967,0.182,0.1514
1604,4/3/2021 7:52,0.2666,0.0787,0.2708,0.2564,0.2327
1605,4/3/2021 8:52,0.2861,0.0816,0.2817,0.2722,0.246
1606,4/3/2021 9:52,0.2864,0.0829,0.2817,0.2726,0.246
1607,4/3/2021 10:52,0.2864,0.0841,0.2821,0.2729,0.2464
1608,4/3/2021 11:52,0.2864,0.0844,0.2821,0.2729,0.2464
1609,4/3/2021 12:52,0.2861,0.085,0.2824,0.2729,0.2468
1610,4/3/2021 13:52,0.2864,0.0857,0.2827,0.2732,0.2471
1611,4/3/2021 14:52,0.2743,0.085,0.2773,0.2666,0.2434
1612,4/3/2021 15:52,0.0205,-0.0889,0.0664,0.0224,0.0166
1613,4/3/2021 16:52,-0.1473,-0.3998,-0.1495,-0.1743,-0.209
1614,4/3/2021 17:52,-0.185,-0.4206,-0.1826,-0.1924,-0.209
