"plot_number","Plant","july_height","date_measured","dead.x","date_measured_2","dead.y","fall_height"
1,"ENCA",42.2,2020-06-05,0,2020-10-27,0,35.2
2,"CEOL",30.4,2020-06-05,0,2020-10-27,0,35.1
3,"ENCA",21.5,2020-06-05,0,2020-10-27,0,17.4
4,"ENCA",13.6,2020-06-05,0,2020-10-27,0,28.6
5,"CEOL",10.7,2020-06-05,0,2020-10-27,0,38.4
7,"SAME",33.1,2020-06-05,0,2020-10-27,0,38.9
10,"RHOV",13.8,2020-06-05,0,2020-10-27,0,20.1
13,"HEWH",18.1,2020-06-05,0,2020-10-27,0,12.2
19,"ENCA",36.8,2020-06-05,0,2020-10-27,0,36.6
21,"SAAP",14.9,2020-06-05,0,2020-10-27,0,14.6
23,"ENCA",43.4,2020-06-05,0,2020-10-27,0,24.6
24,"HEWH",7.9,2020-06-05,0,2020-10-27,0,5.6
26,"ENCA",66.5,2020-06-05,0,2020-10-27,0,74
27,"SAME",24.1,2020-06-05,0,2020-10-27,0,17.6
35,"ADFA",12.2,2020-06-05,0,2020-10-27,0,5.2
38,"HEWH",26.7,2020-06-05,0,2020-10-27,0,28.2
41,"CEOL",40.2,2020-06-05,0,2020-10-27,0,26.6
51,"SAAP",47.1,2020-06-05,0,2020-10-27,0,18.8
53,"ADFA",37.5,2020-06-05,0,2020-10-27,0,34.6
54,"CEOL",39.6,2020-06-05,0,2020-10-27,1,36
57,"ENCA",38,2020-06-05,0,2020-10-27,1,35.6
69,"HEWH",25.5,2020-06-05,0,2020-10-27,0,26.5
78,"ENCA",19.8,2020-06-05,0,2020-10-27,1,15.6
79,"SAAP",16.2,2020-06-05,0,2020-10-27,1,6.1
80,"MALA",27.5,2020-06-05,0,2020-10-27,1,25.2
81,"SAAP",13.2,2020-06-05,0,2020-10-27,1,3.1
82,"CEOL",31.6,2020-06-05,0,2020-10-27,1,30.3
84,"RHOV",20.3,2020-06-05,0,2020-10-27,1,19.6
85,"CEOL",26.1,2020-06-05,0,2020-10-27,1,28.6
86,"CEOL",41.3,2020-06-05,0,2020-10-27,1,45.2
90,"ADFA",36.6,2020-06-05,0,2020-10-27,1,33.4
91,"RHOV",18.1,2020-06-05,0,2020-10-27,0,38.6
97,"SAAP",23.4,2020-06-05,0,2020-10-27,1,18
103,"ENCA",27.9,2020-06-05,0,2020-10-27,0,39.9
104,"ADFA",29.6,2020-06-05,0,2020-10-27,0,30.1
105,"MALA",42.7,2020-06-05,0,2020-10-27,0,69.8
106,"RHOV",27.4,2020-06-05,0,2020-10-27,0,62.1
109,"RHOV",14.3,2020-06-05,0,2020-10-27,0,14.1
110,"RHOV",15.3,2020-06-05,0,2020-10-27,0,32.7
113,"ADFA",23.1,2020-06-05,0,2020-10-27,0,28.4
115,"CEOL",29.5,2020-06-05,0,2020-10-27,0,24.1
117,"SAME",23.7,2020-06-05,0,2020-10-27,0,21.4
127,"CEOL",13.9,2020-06-05,0,2020-10-27,0,31.1
129,"ENCA",56.1,2020-06-05,0,2020-10-27,0,58.4
130,"RHOV",22.5,2020-06-05,0,2020-10-27,0,21.6
133,"HEWH",13.1,2020-06-05,0,2020-10-27,0,11
134,"ENCA",25.9,2020-06-05,0,2020-10-27,0,24.6
135,"SAAP",41.9,2020-06-05,0,2020-10-27,0,38.1
138,"ADFA",51.6,2020-06-05,0,2020-10-27,0,52.2
139,"ADFA",50.1,2020-06-05,0,2020-10-27,0,36.6
141,"HEWH",29.4,2020-06-05,0,2020-10-27,0,35.4
142,"RHOV",23.4,2020-06-05,0,2020-10-27,0,46.2
151,"ENCA",30.5,2020-06-05,0,2020-10-27,1,31.8
152,"CEOL",16.9,2020-06-05,0,2020-10-27,1,17.1
155,"SAAP",23.4,2020-06-05,0,2020-10-27,0,9.8
156,"HEAR",9.7,2020-06-05,0,2020-10-27,0,8.6
163,"ADFA",57.5,2020-06-05,0,2020-11-05,1,49.3
164,"HEWH",24.3,2020-06-05,0,2020-11-05,0,20.4
166,"SAME",35.6,2020-06-24,0,2020-10-27,1,24.3
167,"HEWH",27.7,2020-06-24,0,2020-10-27,1,22.2
168,"RHOV",19.6,2020-06-24,0,2020-10-27,0,45.6
171,"RHOV",18.2,2020-06-24,0,2020-10-27,0,15.1
174,"ADFA",53.6,2020-06-24,0,2020-11-05,0,56.7
177,"HEWH",29.6,2020-06-24,0,2020-10-27,0,33.6
182,"HEWH",30.3,2020-06-24,0,2020-11-05,0,36.1
185,"ENCA",33.5,2020-06-24,0,2020-10-27,1,24.6
187,"HEWH",21.1,2020-06-24,0,2020-10-27,0,29.6
188,"HEWH",7.3,2020-06-24,0,2020-10-27,0,4.9
200,"HEWH",9.9,2020-06-24,0,2020-10-27,0,16.7
205,"CEOL",27.3,2020-06-24,0,2020-10-27,1,39.7
206,"SAAP",14.3,2020-06-24,0,2020-11-05,0,23.6
210,"ADFA",41.4,2020-06-24,0,2020-10-27,1,40
215,"CEOL",26,2020-06-24,0,2020-10-27,0,23.6
218,"HEWH",26.1,2020-06-24,0,2020-10-27,0,25.6
227,"SAAP",16.2,2020-06-24,0,2020-11-05,0,14.5
228,"CEOL",37.5,2020-06-24,0,2020-11-05,1,37.1
242,"RHOV",12.2,2020-06-24,0,2020-11-05,0,23.9
244,"RHOV",15.9,2020-06-24,0,2020-11-05,0,31.9
246,"HEWH",28.2,2020-06-24,0,2020-11-05,0,31.1
250,"ENCA",29.4,2020-06-24,0,2020-11-05,1,42.4
251,"ENCA",61.1,2020-06-24,0,2020-11-05,0,62.1
252,"CEOL",39.9,2020-06-24,0,2020-11-05,0,52.1
256,"SAME",42.5,2020-06-24,0,2020-11-05,1,19.8
263,"SAME",20.5,2020-06-24,0,2020-11-05,1,22.7
282,"HEWH",30,2020-06-24,0,2020-11-05,0,30.1
284,"SANI",22.4,2020-06-24,0,2020-11-05,0,15.9
285,"ENCA",52.7,2020-06-24,0,2020-11-05,1,38.1
286,"HEWH",27.5,2020-06-24,0,2020-11-05,0,28.9
293,"SAME",40.9,2020-06-24,0,2020-11-05,1,33.4
297,"MALA",17.6,2020-06-24,0,2020-11-05,0,87.9
298,"SAME",26.6,2020-06-24,0,2020-11-05,0,23
299,"RHOV",19.8,2020-06-24,0,2020-11-05,0,14.5
314,"SANI",15.1,2020-06-24,0,2020-10-27,0,15.3
316,"HEWH",29.7,2020-06-24,0,2020-10-27,0,34
320,"ADFA",60,2020-06-24,0,2020-10-27,1,57
326,"ADFA",63.6,2020-06-24,0,2020-10-27,0,61.9
327,"ENCA",27.6,2020-06-24,0,2020-10-27,1,38
334,"CEOL",64.1,2020-06-24,0,2020-10-27,1,53.2
345,"ADFA",51.5,2020-06-25,0,2020-10-27,0,54.2
354,"SAME",55.6,2020-06-24,0,2020-10-27,1,60.6
368,"HEWH",24.9,2020-06-25,0,2020-10-27,0,24.3
377,"HEWH",22.5,2020-06-25,0,2020-10-27,0,26.4
385,"HEWH",27.9,2020-06-24,0,2020-10-27,0,21
386,"ADFA",42,2020-06-25,0,2020-10-27,1,26.1
393,"ENCA",61.2,2020-06-25,0,2020-10-27,0,61.2
394,"HEWH",37.4,2020-06-25,0,2020-10-27,0,43.1
398,"ENCA",13.3,2020-06-25,0,2020-10-27,0,10.4
399,"RHOV",29,2020-06-25,0,2020-10-27,1,37.2
400,"RHOV",18.1,2020-06-25,0,2020-10-27,0,56.2
401,"SANI",36.6,2020-06-24,0,2020-10-27,0,33
408,"HEWH",25.2,2020-06-25,0,2020-11-05,0,34.1
416,"MALA",31.2,2020-06-25,0,2020-11-05,1,34.2
417,"RHOV",17.7,2020-06-25,0,2020-11-05,0,54.7
418,"ADFA",45.8,2020-06-25,0,2020-11-05,1,32.1
419,"ENCA",72.2,2020-06-25,0,2020-11-05,0,71.4
420,"MALA",30.4,2020-06-25,0,2020-11-05,1,28.4
421,"CEOL",33.6,2020-06-25,0,2020-11-05,1,33.3
423,"SANI",27.9,2020-06-25,0,2020-11-05,0,30.1
425,"HEWH",19.8,2020-06-25,0,2020-11-05,0,22.3
429,"RHOV",25.1,2020-06-25,0,2020-11-05,1,26.3
439,"RHOV",27.7,2020-06-24,0,2020-11-05,1,26.2
441,"SAAP",21.5,2020-06-25,0,2020-11-05,1,15
442,"HEWH",26.8,2020-06-25,0,2020-11-05,0,6.6
447,"ADFA",61.8,2020-06-25,0,2020-11-05,1,59.6
464,"ENCA",53.6,2020-06-24,0,2020-11-05,0,52.8
481,"SANI",27.1,2020-06-24,0,2020-11-05,0,20.1
493,"ENCA",31.4,2020-06-24,0,2020-11-05,1,23.1
504,"SAME",12.1,2020-06-25,0,2020-11-05,0,12.2
505,"SAAP",22.7,2020-06-25,0,2020-11-05,1,21.6
517,"RHOV",30,2020-06-25,0,2020-11-05,1,35.9
522,"RHOV",26.6,2020-06-25,0,2020-11-05,1,28.1
532,"CEOL",43,2020-06-25,0,2020-11-05,1,43.9
534,"RHOV",22.6,2020-06-25,0,2020-11-05,1,23.3
544,"HEWH",28.1,2020-06-25,0,2020-11-05,0,32.3
548,"ADFA",43.9,2020-06-25,0,2020-11-05,1,44.4
551,"SANI",28,2020-06-25,0,2020-11-05,1,20.6
554,"HEWH",31.2,2020-06-25,0,2020-11-05,0,36.6
555,"ENCA",43.8,2020-06-25,0,2020-11-05,0,46.2
558,"ADFA",41.2,2020-06-25,0,2020-11-05,1,36.1
563,"HEWH",39.2,2020-06-25,0,2020-11-05,0,38.9
573,"ADFA",62.1,2020-06-24,0,2020-11-05,0,64.5
574,"SAAP",37.5,2020-06-24,0,2020-11-05,1,40.5
584,"SANI",28.8,2020-06-24,0,2020-11-05,0,17.6
587,"CEOL",29.4,2020-06-24,0,2020-11-05,0,39.2
590,"ENCA",60.3,2020-06-24,0,2020-11-05,1,60.1
592,"ADFA",52.1,2020-06-24,0,2020-11-05,1,45.4
606,"SAAP",35.8,2020-06-24,0,2020-11-05,1,32.3
608,"ADFA",45.2,2020-06-24,0,2020-11-17,1,12.9
622,"SANI",26.3,2020-06-24,0,2020-11-17,1,14.2
624,"HEWH",27.1,2020-06-24,0,2020-11-17,0,29.4
629,"HEWH",31.3,2020-06-24,0,2020-11-17,0,24
669,"ADFA",57.1,2020-06-24,0,2020-11-17,1,39.1
670,"SAME",6,2020-06-24,0,2020-11-17,0,10.5
673,"ADFA",52.1,2020-06-24,0,2020-11-17,0,52.8
678,"ADFA",51.3,2020-06-24,0,2020-11-17,1,45.5
702,"SANI",29.9,2020-06-24,0,2020-11-05,0,25.2
718,"SAAP",23.8,2020-06-24,0,2020-11-05,1,20.7
719,"RHOV",16.5,2020-06-24,0,2020-11-05,0,25.2
729,"HEWH",8.2,2020-06-24,0,2020-11-17,0,6
731,"HEWH",28.6,2020-06-24,0,2020-11-17,0,23
736,"ENCA",47.6,2020-06-24,0,2020-11-05,0,57.7
740,"RHOV",30.2,2020-06-24,0,2020-11-05,1,26.7
743,"RHOV",17.1,2020-06-24,0,2020-11-17,0,26.4
760,"ENCA",59.3,2020-06-24,0,2020-11-17,1,49.5
763,"SANI",24.1,2020-06-24,0,2020-11-17,0,6.9
765,"ADFA",41.1,2020-06-24,0,2020-11-17,0,38.2
768,"ADFA",40.1,2020-06-24,0,2020-11-17,1,26
771,"RHOV",27.6,2020-06-24,0,2020-11-17,0,57.8
772,"SAAP",16.2,2020-06-24,0,2020-11-17,0,5.5
773,"RHOV",26.2,2020-06-24,0,2020-11-17,0,29.3
779,"ADFA",36.2,2020-06-24,0,2020-11-17,1,28.3
786,"ADFA",42,2020-06-24,0,2020-11-17,1,39.1
794,"ADFA",54.3,2020-06-24,0,2020-11-17,1,46.3
798,"SAME",8.3,2020-06-24,0,2020-11-17,0,8.5
805,"ADFA",47.3,2020-06-24,0,2020-11-17,1,37
814,"ADFA",67.1,2020-06-24,0,2020-11-17,1,59.1
819,"ADFA",37.5,2020-06-05,0,2020-11-17,1,35.7
821,"HEWH",19.3,2020-06-05,0,2020-11-17,0,21.2
826,"ADFA",47.4,2020-06-24,0,2020-11-17,1,47.2
862,"SAME",19.2,2020-06-05,0,2020-11-17,1,15.4
863,"ENCA",31.5,2020-06-05,0,2020-11-17,0,41.2
864,"HEWH",29,2020-06-05,0,2020-11-17,0,24.5
869,"SAME",15,2020-06-05,0,2020-11-17,1,6.8
870,"HEWH",17.5,2020-06-05,0,2020-11-17,0,12.2
871,"HEWH",18.25,2020-06-05,0,2020-11-17,0,12.6
872,"SAAP",13.9,2020-06-05,0,2020-11-17,1,8.5
873,"ENCA",44.5,2020-06-05,0,2020-11-17,0,45
875,"SAME",39.5,2020-06-05,0,2020-11-17,0,23.6
876,"SAAP",20.2,2020-06-05,0,2020-11-17,1,21.3
881,"HEWH",23.5,2020-06-05,0,2020-11-17,0,19
883,"SAAP",26.25,2020-06-05,0,2020-11-17,0,19
886,"HEWH",25.6,2020-06-05,0,2020-11-17,0,22.6
906,"SAME",11.4,2020-06-25,0,2020-11-05,0,9.7
935,"RHOV",13.9,2020-06-05,0,2020-11-17,0,26.5
954,"RHOV",18.25,2020-06-05,0,2020-11-17,1,17
971,"CEOL",18.5,2020-06-05,0,2020-11-17,0,18.1
984,"HEWH",36.25,2020-06-05,0,2020-11-17,0,30.1
994,"ADFA",54.6,2020-06-05,0,2020-11-17,1,51.1
997,"ENCA",32.5,2020-06-05,0,2020-11-17,0,29.4
1001,"CEOL",40.6,2020-06-24,0,2020-10-27,0,62
1007,"ADFA",52.9,2020-06-25,0,2020-12-03,1,52.2
1009,"HEWH",42.5,2020-06-25,0,2020-11-19,0,41.5
1022,"CEOL",43.6,2020-06-26,0,2020-11-19,1,51.2
1025,"HEWH",21.4,2020-06-26,0,2020-11-19,0,22.4
1033,"CEOL",27.6,2020-06-25,0,2020-11-19,1,37.2
1040,"HEWH",28.9,2020-06-25,0,2020-11-19,0,30.2
1045,"ENCA",58.3,2020-06-25,0,2020-11-19,0,98.5
1046,"ENCA",32,2020-06-25,0,2020-11-19,1,20
1054,"HEWH",21.3,2020-06-25,0,2020-11-19,0,32.3
1064,"ADFA",67.3,2020-06-25,0,2020-11-19,0,66.1
1068,"HEWH",29.7,2020-06-26,0,2020-11-19,0,31.2
1079,"SAAP",17.9,2020-06-25,0,2020-11-19,0,16
1080,"ENCA",57.2,2020-06-25,0,2020-11-19,1,57.8
1084,"ENCA",64.7,2020-06-26,0,2020-11-19,0,73.2
1089,"SANI",44,2020-06-25,0,2020-11-19,1,45.5
1093,"ENCA",53.8,2020-06-25,0,2020-11-19,0,61.5
1096,"HEWH",23.2,2020-06-25,0,2020-11-19,0,28.4
1101,"RHOV",41.4,2020-06-25,0,2020-10-27,0,89.4
1103,"SAAP",40.2,2020-06-25,0,2020-11-19,1,37.5
1116,"HEWH",21.2,2020-06-25,0,2020-11-19,0,13
1139,"SAME",29,2020-06-26,0,2020-11-19,0,31.3
1140,"SAME",38.5,2020-06-26,0,2020-11-19,0,40
1141,"HEWH",24.4,2020-06-26,0,2020-11-19,0,20
1144,"HEWH",28,2020-06-26,0,2020-11-19,0,25.2
1149,"SANI",26,2020-06-26,0,2020-11-19,0,5.4
1153,"MALA",39.1,2020-06-26,0,2020-11-19,0,43.9
1155,"SAAP",32.1,2020-06-26,0,2020-11-19,1,31.3
1167,"HEWH",13.1,2020-06-26,0,2020-11-19,0,14.7
1180,"MALA",29.4,2020-06-26,0,2020-11-19,0,77.9
1182,"HEWH",21.2,2020-06-26,0,2020-11-19,0,16.3
1188,"CEOL",20,2020-06-26,0,2020-12-03,1,20.6
1198,"RHOV",28.6,2020-06-26,0,2020-11-19,0,59
1200,"ENCA",47.3,2020-06-26,0,2020-11-19,0,52
1212,"CEOL",31.4,2020-06-25,0,2020-12-03,1,30.8
1232,"HEWH",22,2020-06-26,0,2020-11-19,0,16.2
1241,"HEWH",21.2,2020-06-26,0,2020-11-19,0,24.8
1242,"SANI",59.2,2020-06-26,0,2020-11-19,1,85.5
1247,"ADFA",52,2020-06-25,0,2020-11-17,1,48
1252,"HEWH",22.5,2020-06-25,0,2020-11-17,0,28.4
1255,"RHOV",22,2020-06-25,0,2020-11-17,1,18.5
1256,"HEWH",20.9,2020-06-25,0,2020-11-17,0,26.1
1257,"RHOV",14,2020-06-25,0,2020-11-17,0,74.6
1279,"HEWH",19.5,2020-06-25,0,2020-11-17,1,16.5
1280,"SANI",23.8,2020-06-25,0,2020-11-17,0,23.8
1285,"CEOL",42.1,2020-06-25,0,2020-11-05,1,39.8
1286,"HEWH",28.8,2020-06-25,0,2020-12-03,0,31.1
1289,"ADFA",63.9,2020-06-25,0,2020-12-03,1,69.4
1291,"SAME",33,2020-06-25,0,2020-11-17,0,29.7
1293,"HEWH",11,2020-06-25,0,2020-11-17,0,10.3
1297,"HEWH",29.5,2020-06-25,0,2020-11-17,0,32.5
1298,"ADFA",41.5,2020-06-25,0,2020-11-17,1,40.1
1301,"ADFA",26.1,2020-06-26,0,2020-11-19,0,24
1304,"ENCA",54.6,2020-06-26,0,2020-11-19,0,56
1307,"SAAP",27.5,2020-06-26,0,2020-11-19,0,22
1308,"ENCA",70.8,2020-06-26,0,2020-11-19,0,93
1315,"ENCA",59.3,2020-06-26,0,2020-11-19,1,61.3
1317,"HEWH",24.1,2020-06-26,0,2020-11-19,0,19
1324,"SAME",8.1,2020-06-26,0,2020-11-19,0,3
1325,"SAME",33.8,2020-06-26,0,2020-11-19,1,31
1330,"ENCA",41,2020-06-26,0,2020-11-19,0,59
1333,"HEWH",28.2,2020-06-26,0,2020-11-19,0,27.1
1334,"HEWH",24.1,2020-06-26,0,2020-11-19,0,36.2
1346,"HEWH",18.5,2020-06-26,0,2020-11-19,0,23.2
1347,"ADFA",60.1,2020-06-26,0,2020-11-19,0,66.2
1349,"SAME",36.8,2020-06-26,0,2020-11-19,1,46.2
1354,"HEWH",27,2020-06-26,0,2020-11-19,0,27.2
1383,"RHOV",22,2020-06-25,0,2020-11-17,1,13.1
1394,"ADFA",54.5,2020-06-26,0,2020-11-19,0,49.5
1398,"HEWH",24.2,2020-06-26,0,2020-11-19,0,16.2
1401,"CEOL",28.2,2020-06-25,0,2020-11-17,1,30.2
1402,"RHOV",12.4,2020-06-25,0,2020-11-17,1,9.9
1417,"HEAR",13.5,2020-06-05,0,2020-10-27,0,9.6
1421,"HEAR",16.4,2020-06-05,0,2020-12-03,1,11.6
1423,"HEAR",13.7,2020-06-05,0,2020-10-27,0,9
1441,"HEAR",10.4,2020-06-25,0,2020-12-03,1,6.2
1459,"HEAR",11.7,2020-06-24,0,2020-11-05,1,11.1
1461,"HEAR",3.8,2020-06-25,0,2020-10-27,1,3.4
1467,"ADFA",30.3,2020-06-24,0,2020-10-27,0,47.8
1472,"ADFA",43.1,2020-06-05,0,2020-10-27,0,24.1
1476,"ADFA",65.6,2020-06-05,0,2020-10-27,0,65.7
1477,"ADFA",38.6,2020-06-05,0,2020-10-27,0,36.5
1501,"SAME",11,2020-06-05,0,2020-10-27,0,5
1510,"HEAR",19.2,2020-06-24,0,2020-11-17,1,7
1517,"SAME",27.5,2020-06-25,0,2020-11-19,0,27.3
1542,"SAME",42.2,2020-06-24,0,2020-11-05,0,37.6
1543,"SAME",47.1,2020-06-24,0,2020-11-05,1,35.1
1545,"SAME",3.2,2020-06-24,0,2020-11-05,0,15.2
1557,"SANI",23.9,2020-06-26,0,2020-11-19,0,36
1575,"SAME",40.1,2020-06-05,0,2020-10-27,0,35.8
1582,"SAME",46,2020-06-25,0,2020-11-05,1,33.7
1596,"SAME",15.2,2020-06-24,0,2020-11-17,0,14.5
1599,"SANI",8.4,2020-06-05,0,2020-10-27,1,19.2
1613,"SANI",15.8,2020-06-24,0,2020-11-17,0,35.6
1620,"ADFA",40.8,2020-06-25,0,2020-12-03,1,36.6
1621,"ADFA",79.5,2020-06-26,0,2020-11-19,0,55
1630,"ADFA",59.1,2020-06-24,0,2020-12-03,1,33.1
1631,"ADFA",66.9,2020-06-25,0,2020-11-05,1,62.4
1632,"ADFA",65.8,2020-06-25,0,2020-10-27,0,65.9
1633,"ADFA",57.1,2020-06-25,0,2020-10-27,1,52.3
1634,"HEAR",15.1,2020-06-25,0,2020-11-05,1,15.7
1635,"ADFA",60.6,2020-06-25,0,2020-11-05,0,58.3
1636,"ADFA",54,2020-06-24,0,2020-10-27,0,50.8
1639,"ADFA",54,2020-06-05,0,2020-11-17,1,50
1640,"SANI",9.1,2020-06-25,0,2020-11-19,0,6.5
1641,"ADFA",52.6,2020-06-05,0,2020-11-17,1,53
1649,"SAME",24.7,2020-06-26,0,2020-11-19,0,14.6
1653,"SAME",13.8,2020-06-24,0,2020-11-17,0,7.9
1656,"SAME",11.5,2020-06-05,0,2020-10-27,0,4.5
1658,"SANI",16.9,2020-06-25,0,2020-11-17,0,10
