Date/Time,Unit,Value
2/1/2020 3:50,%RH,49.095
2/1/2020 4:50,%RH,52.093
2/1/2020 5:50,%RH,64.227
2/1/2020 6:50,%RH,59.16
2/1/2020 7:50,%RH,62.137
2/1/2020 8:50,%RH,46.104
2/1/2020 9:50,%RH,36.653
2/1/2020 10:50,%RH,32.372
2/1/2020 11:50,%RH,26.162
2/1/2020 12:50,%RH,20.052
2/1/2020 13:50,%RH,18.113
2/1/2020 14:50,%RH,16.324
2/1/2020 15:50,%RH,24.909
2/1/2020 16:50,%RH,48.38
2/1/2020 17:50,%RH,68.532
2/1/2020 18:50,%RH,57.792
2/1/2020 19:50,%RH,68.343
2/1/2020 20:50,%RH,59.292
2/1/2020 21:50,%RH,69.972
2/1/2020 22:50,%RH,63.833
2/1/2020 23:50,%RH,64.348
2/2/2020 0:50,%RH,74.687
2/2/2020 1:50,%RH,68.789
2/2/2020 2:50,%RH,77.851
2/2/2020 3:50,%RH,71.931
2/2/2020 4:50,%RH,74.091
2/2/2020 5:50,%RH,77.269
2/2/2020 6:50,%RH,85.634
2/2/2020 7:50,%RH,64.167
2/2/2020 8:50,%RH,55.97
2/2/2020 9:50,%RH,36.225
2/2/2020 10:50,%RH,34.103
2/2/2020 11:50,%RH,26.704
2/2/2020 12:50,%RH,22.502
2/2/2020 13:50,%RH,24.053
2/2/2020 14:50,%RH,32.543
2/2/2020 15:50,%RH,39.413
2/2/2020 16:50,%RH,65.269
2/2/2020 17:50,%RH,88.72
2/2/2020 18:50,%RH,86.937
2/2/2020 19:50,%RH,70.98
2/2/2020 20:50,%RH,45.433
2/2/2020 21:50,%RH,27.633
2/2/2020 22:50,%RH,30.088
2/2/2020 23:50,%RH,29.422
2/3/2020 0:50,%RH,33.391
2/3/2020 1:50,%RH,50.23
2/3/2020 2:50,%RH,51.516
2/3/2020 3:50,%RH,57.438
2/3/2020 4:50,%RH,59.218
2/3/2020 5:50,%RH,61.57
2/3/2020 6:50,%RH,61.518
2/3/2020 7:50,%RH,62.154
2/3/2020 8:50,%RH,54.068
2/3/2020 9:50,%RH,40.168
2/3/2020 10:50,%RH,36.568
2/3/2020 11:50,%RH,30.608
2/3/2020 12:50,%RH,27.929
2/3/2020 13:50,%RH,25.005
2/3/2020 14:50,%RH,20.57
2/3/2020 15:50,%RH,22.884
2/3/2020 16:50,%RH,34.494
2/3/2020 17:50,%RH,30.4
2/3/2020 18:50,%RH,26.455
2/3/2020 19:50,%RH,36.249
2/3/2020 20:50,%RH,38.193
2/3/2020 21:50,%RH,41.275
2/3/2020 22:50,%RH,43.636
2/3/2020 23:50,%RH,49.006
2/4/2020 0:50,%RH,53.135
2/4/2020 1:50,%RH,48.857
2/4/2020 2:50,%RH,50.007
2/4/2020 3:50,%RH,50.627
2/4/2020 4:50,%RH,53.009
2/4/2020 5:50,%RH,57.772
2/4/2020 6:50,%RH,38.272
2/4/2020 7:50,%RH,33.771
2/4/2020 8:50,%RH,19.918
2/4/2020 9:50,%RH,18.125
2/4/2020 10:50,%RH,16.45
2/4/2020 11:50,%RH,19.008
2/4/2020 12:50,%RH,14.485
2/4/2020 13:50,%RH,13.39
2/4/2020 14:50,%RH,12.164
2/4/2020 15:50,%RH,18.14
2/4/2020 16:50,%RH,25.25
2/4/2020 17:50,%RH,44.618
2/4/2020 18:50,%RH,42.132
2/4/2020 19:50,%RH,34.483
2/4/2020 20:50,%RH,33.891
2/4/2020 21:50,%RH,40.794
2/4/2020 22:50,%RH,39.506
2/4/2020 23:50,%RH,31.315
2/5/2020 0:50,%RH,28.716
2/5/2020 1:50,%RH,40.678
2/5/2020 2:50,%RH,40.794
2/5/2020 3:50,%RH,38.92
2/5/2020 4:50,%RH,42.713
2/5/2020 5:50,%RH,40.794
2/5/2020 6:50,%RH,51.907
2/5/2020 7:50,%RH,44.065
2/5/2020 8:50,%RH,41.372
2/5/2020 9:50,%RH,31.669
2/5/2020 10:50,%RH,25.639
2/5/2020 11:50,%RH,28.484
2/5/2020 12:50,%RH,16.775
2/5/2020 13:50,%RH,14.85
2/5/2020 14:50,%RH,15.196
2/5/2020 15:50,%RH,18.846
2/5/2020 16:50,%RH,32.796
2/5/2020 17:50,%RH,47.584
2/5/2020 18:50,%RH,64.423
2/5/2020 19:50,%RH,75.483
2/5/2020 20:50,%RH,82.419
2/5/2020 21:50,%RH,84.458
2/5/2020 22:50,%RH,87.039
2/5/2020 23:50,%RH,78.161
2/6/2020 0:50,%RH,88.531
2/6/2020 1:50,%RH,87
2/6/2020 2:50,%RH,90.035
2/6/2020 3:50,%RH,88.548
2/6/2020 4:50,%RH,89.531
2/6/2020 5:50,%RH,90.035
2/6/2020 6:50,%RH,89.055
2/6/2020 7:50,%RH,77.662
2/6/2020 8:50,%RH,58.906
2/6/2020 9:50,%RH,38.659
2/6/2020 10:50,%RH,27.535
2/6/2020 11:50,%RH,28.217
2/6/2020 12:50,%RH,24.26
2/6/2020 13:50,%RH,24.897
2/6/2020 14:50,%RH,26.851
2/6/2020 15:50,%RH,31.866
2/6/2020 16:50,%RH,60.231
2/6/2020 17:50,%RH,68.598
2/6/2020 18:50,%RH,87.448
2/6/2020 19:50,%RH,94.703
2/6/2020 20:50,%RH,98.931
2/6/2020 21:50,%RH,100.339
2/6/2020 22:50,%RH,100.302
2/6/2020 23:50,%RH,100.755
2/7/2020 0:50,%RH,100.755
2/7/2020 1:50,%RH,101.685
2/7/2020 2:50,%RH,101.674
2/7/2020 3:50,%RH,101.685
2/7/2020 4:50,%RH,101.661
2/7/2020 5:50,%RH,102.598
2/7/2020 6:50,%RH,101.201
2/7/2020 7:50,%RH,100.675
2/7/2020 8:50,%RH,78.604
2/7/2020 9:50,%RH,45.731
2/7/2020 10:50,%RH,32.947
2/7/2020 11:50,%RH,31.87
2/7/2020 12:50,%RH,30.575
2/7/2020 13:50,%RH,31.196
2/7/2020 14:50,%RH,34.442
2/7/2020 15:50,%RH,37.494
2/7/2020 16:50,%RH,65.844
2/7/2020 17:50,%RH,77.092
2/7/2020 18:50,%RH,95.815
2/7/2020 19:50,%RH,98.201
2/7/2020 20:50,%RH,99.071
2/7/2020 21:50,%RH,99.45
2/7/2020 22:50,%RH,100.908
2/7/2020 23:50,%RH,101.27
2/8/2020 0:50,%RH,102.161
2/8/2020 1:50,%RH,102.161
2/8/2020 2:50,%RH,102.161
2/8/2020 3:50,%RH,102.598
2/8/2020 4:50,%RH,101.733
2/8/2020 5:50,%RH,101.251
2/8/2020 6:50,%RH,92.194
2/8/2020 7:50,%RH,87.2
2/8/2020 8:50,%RH,67.315
2/8/2020 9:50,%RH,40.923
2/8/2020 10:50,%RH,33.546
2/8/2020 11:50,%RH,33.721
2/8/2020 12:50,%RH,35.055
2/8/2020 13:50,%RH,29.736
2/8/2020 14:50,%RH,32.543
2/8/2020 15:50,%RH,31.709
2/8/2020 16:50,%RH,66.417
2/8/2020 17:50,%RH,78.17
2/8/2020 18:50,%RH,91.278
2/8/2020 19:50,%RH,97.727
2/8/2020 20:50,%RH,98.566
2/8/2020 21:50,%RH,99.946
2/8/2020 22:50,%RH,100.413
2/8/2020 23:50,%RH,100.827
2/9/2020 0:50,%RH,100.827
2/9/2020 1:50,%RH,101.221
2/9/2020 2:50,%RH,101.316
2/9/2020 3:50,%RH,99.614
2/9/2020 4:50,%RH,101.012
2/9/2020 5:50,%RH,100.122
2/9/2020 6:50,%RH,100.63
2/9/2020 7:50,%RH,97.812
2/9/2020 8:50,%RH,69.557
2/9/2020 9:50,%RH,58.244
2/9/2020 10:50,%RH,28.377
2/9/2020 11:50,%RH,29.79
2/9/2020 12:50,%RH,27.344
2/9/2020 13:50,%RH,21.912
2/9/2020 14:50,%RH,23.412
2/9/2020 15:50,%RH,24.796
2/9/2020 16:50,%RH,26.351
2/9/2020 17:50,%RH,27.998
2/9/2020 18:50,%RH,28.668
2/9/2020 19:50,%RH,31.255
2/9/2020 20:50,%RH,31.771
2/9/2020 21:50,%RH,44.887
2/9/2020 22:50,%RH,59.704
2/9/2020 23:50,%RH,58.573
2/10/2020 0:50,%RH,39.305
2/10/2020 1:50,%RH,43.628
2/10/2020 2:50,%RH,36.215
2/10/2020 3:50,%RH,33.603
2/10/2020 4:50,%RH,33.674
2/10/2020 5:50,%RH,38.157
2/10/2020 6:50,%RH,36.285
2/10/2020 7:50,%RH,40.092
2/10/2020 8:50,%RH,29.855
2/10/2020 9:50,%RH,25.955
2/10/2020 10:50,%RH,24.421
2/10/2020 11:50,%RH,22.982
2/10/2020 12:50,%RH,22.394
2/10/2020 13:50,%RH,21.484
2/10/2020 14:50,%RH,17.089
2/10/2020 15:50,%RH,18.628
2/10/2020 16:50,%RH,26.5
2/10/2020 17:50,%RH,26.951
2/10/2020 18:50,%RH,28.815
2/10/2020 19:50,%RH,22.275
2/10/2020 20:50,%RH,27.852
2/10/2020 21:50,%RH,23.122
2/10/2020 22:50,%RH,20.533
2/10/2020 23:50,%RH,29.422
2/11/2020 0:50,%RH,43.245
2/11/2020 1:50,%RH,27.633
2/11/2020 2:50,%RH,24.939
2/11/2020 3:50,%RH,35.148
2/11/2020 4:50,%RH,44.508
2/11/2020 5:50,%RH,61.863
2/11/2020 6:50,%RH,67.151
2/11/2020 7:50,%RH,41.86
2/11/2020 8:50,%RH,31.62
2/11/2020 9:50,%RH,30.097
2/11/2020 10:50,%RH,27.118
2/11/2020 11:50,%RH,29.206
2/11/2020 12:50,%RH,23.413
2/11/2020 13:50,%RH,18.348
2/11/2020 14:50,%RH,19.81
2/11/2020 15:50,%RH,19.704
2/11/2020 16:50,%RH,37.441
2/11/2020 17:50,%RH,61.148
2/11/2020 18:50,%RH,62.736
2/11/2020 19:50,%RH,57.666
2/11/2020 20:50,%RH,60.984
2/11/2020 21:50,%RH,67.195
2/11/2020 22:50,%RH,58.088
2/11/2020 23:50,%RH,69.981
2/12/2020 0:50,%RH,73.801
2/12/2020 1:50,%RH,77.081
2/12/2020 2:50,%RH,79.176
2/12/2020 3:50,%RH,78.161
2/12/2020 4:50,%RH,79.77
2/12/2020 5:50,%RH,83.937
2/12/2020 6:50,%RH,81.837
2/12/2020 7:50,%RH,79.269
2/12/2020 8:50,%RH,55.356
2/12/2020 9:50,%RH,45.187
2/12/2020 10:50,%RH,28.898
2/12/2020 11:50,%RH,29.004
2/12/2020 12:50,%RH,26.379
2/12/2020 13:50,%RH,26.958
2/12/2020 14:50,%RH,26.326
2/12/2020 15:50,%RH,34.077
2/12/2020 16:50,%RH,48.837
2/12/2020 17:50,%RH,65.56
2/12/2020 18:50,%RH,85.311
2/12/2020 19:50,%RH,96.575
2/12/2020 20:50,%RH,90.235
2/12/2020 21:50,%RH,95.613
2/12/2020 22:50,%RH,94.131
2/12/2020 23:50,%RH,96.027
2/13/2020 0:50,%RH,98.389
2/13/2020 1:50,%RH,99.834
2/13/2020 2:50,%RH,97.927
2/13/2020 3:50,%RH,99.819
2/13/2020 4:50,%RH,98.876
2/13/2020 5:50,%RH,99.797
2/13/2020 6:50,%RH,98.378
2/13/2020 7:50,%RH,89.013
2/13/2020 8:50,%RH,65.488
2/13/2020 9:50,%RH,42.714
2/13/2020 10:50,%RH,39.345
2/13/2020 11:50,%RH,25.058
2/13/2020 12:50,%RH,26.433
2/13/2020 13:50,%RH,27.335
2/13/2020 14:50,%RH,30.721
2/13/2020 15:50,%RH,28.636
2/13/2020 16:50,%RH,55.25
2/13/2020 17:50,%RH,67.104
2/13/2020 18:50,%RH,82.858
2/13/2020 19:50,%RH,90.841
2/13/2020 20:50,%RH,97.558
2/13/2020 21:50,%RH,89.804
2/13/2020 22:50,%RH,98.403
2/13/2020 23:50,%RH,99.349
2/14/2020 0:50,%RH,95.565
2/14/2020 1:50,%RH,93.127
2/14/2020 2:50,%RH,95.041
2/14/2020 3:50,%RH,97.424
2/14/2020 4:50,%RH,100.729
2/14/2020 5:50,%RH,99.785
2/14/2020 6:50,%RH,99.797
2/14/2020 7:50,%RH,91.661
2/14/2020 8:50,%RH,69.613
2/14/2020 9:50,%RH,42.566
2/14/2020 10:50,%RH,33.992
2/14/2020 11:50,%RH,27.856
2/14/2020 12:50,%RH,22.77
2/14/2020 13:50,%RH,25.111
2/14/2020 14:50,%RH,27.118
2/14/2020 15:50,%RH,32.791
2/14/2020 16:50,%RH,61.12
2/14/2020 17:50,%RH,69.369
2/14/2020 18:50,%RH,87.448
2/14/2020 19:50,%RH,97.142
2/14/2020 20:50,%RH,99.424
2/14/2020 21:50,%RH,99.402
2/14/2020 22:50,%RH,99.894
2/14/2020 23:50,%RH,100.319
2/15/2020 0:50,%RH,100.744
2/15/2020 1:50,%RH,101.674
2/15/2020 2:50,%RH,102.129
2/15/2020 3:50,%RH,102.124
2/15/2020 4:50,%RH,102.122
2/15/2020 5:50,%RH,102.585
2/15/2020 6:50,%RH,102.122
2/15/2020 7:50,%RH,98.286
2/15/2020 8:50,%RH,89.847
2/15/2020 9:50,%RH,47.099
2/15/2020 10:50,%RH,32.329
2/15/2020 11:50,%RH,28.484
2/15/2020 12:50,%RH,27.065
2/15/2020 13:50,%RH,23.729
2/15/2020 14:50,%RH,30.521
2/15/2020 15:50,%RH,34.846
2/15/2020 16:50,%RH,64.035
2/15/2020 17:50,%RH,72.862
2/15/2020 18:50,%RH,91.112
2/15/2020 19:50,%RH,97.652
2/15/2020 20:50,%RH,99.071
2/15/2020 21:50,%RH,99.946
2/15/2020 22:50,%RH,99.894
2/15/2020 23:50,%RH,100.805
2/16/2020 0:50,%RH,99.45
2/16/2020 1:50,%RH,101.27
2/16/2020 2:50,%RH,101.714
2/16/2020 3:50,%RH,101.27
2/16/2020 4:50,%RH,100.339
2/16/2020 5:50,%RH,100.339
2/16/2020 6:50,%RH,99.851
2/16/2020 7:50,%RH,93.371
2/16/2020 8:50,%RH,65.51
2/16/2020 9:50,%RH,40.117
2/16/2020 10:50,%RH,34.605
2/16/2020 11:50,%RH,30.062
2/16/2020 12:50,%RH,26.541
2/16/2020 13:50,%RH,27.335
2/16/2020 14:50,%RH,29.273
2/16/2020 15:50,%RH,39.515
2/16/2020 16:50,%RH,67.23
2/16/2020 17:50,%RH,72.46
2/16/2020 18:50,%RH,83.914
2/16/2020 19:50,%RH,96.529
2/16/2020 20:50,%RH,98.242
2/16/2020 21:50,%RH,98.6
2/16/2020 22:50,%RH,100.443
2/16/2020 23:50,%RH,101.372
2/17/2020 0:50,%RH,71.828
2/17/2020 1:50,%RH,50.146
2/17/2020 2:50,%RH,58.386
2/17/2020 3:50,%RH,58.907
2/17/2020 4:50,%RH,74.895
2/17/2020 5:50,%RH,58.978
2/17/2020 6:50,%RH,60.605
2/17/2020 7:50,%RH,65.844
2/17/2020 8:50,%RH,57.976
2/17/2020 9:50,%RH,34.55
2/17/2020 10:50,%RH,30.117
2/17/2020 11:50,%RH,29.092
2/17/2020 12:50,%RH,27.95
2/17/2020 13:50,%RH,25.823
2/17/2020 14:50,%RH,27.092
2/17/2020 15:50,%RH,25.219
2/17/2020 16:50,%RH,48.415
2/17/2020 17:50,%RH,67.673
2/17/2020 18:50,%RH,62.645
2/17/2020 19:50,%RH,64.744
2/17/2020 20:50,%RH,62.572
2/17/2020 21:50,%RH,61.332
2/17/2020 22:50,%RH,61.261
2/17/2020 23:50,%RH,79.694
2/18/2020 0:50,%RH,69.531
2/18/2020 1:50,%RH,80.126
2/18/2020 2:50,%RH,76.421
2/18/2020 3:50,%RH,84.193
2/18/2020 4:50,%RH,88.189
2/18/2020 5:50,%RH,91.729
2/18/2020 6:50,%RH,88.798
2/18/2020 7:50,%RH,88.61
2/18/2020 8:50,%RH,58.511
2/18/2020 9:50,%RH,38.414
2/18/2020 10:50,%RH,50.399
2/18/2020 11:50,%RH,26.684
2/18/2020 12:50,%RH,25.328
2/18/2020 13:50,%RH,25.273
2/18/2020 14:50,%RH,35.826
2/18/2020 15:50,%RH,34.336
2/18/2020 16:50,%RH,63.14
2/18/2020 17:50,%RH,77.929
2/18/2020 18:50,%RH,86.121
2/18/2020 19:50,%RH,96.86
2/18/2020 20:50,%RH,98.127
2/18/2020 21:50,%RH,99.576
2/18/2020 22:50,%RH,99.919
2/18/2020 23:50,%RH,100.805
2/19/2020 0:50,%RH,99.919
2/19/2020 1:50,%RH,100.852
2/19/2020 2:50,%RH,101.714
2/19/2020 3:50,%RH,100.744
2/19/2020 4:50,%RH,101.201
2/19/2020 5:50,%RH,102.124
2/19/2020 6:50,%RH,102.148
2/19/2020 7:50,%RH,98.011
2/19/2020 8:50,%RH,87.234
2/19/2020 9:50,%RH,45.187
2/19/2020 10:50,%RH,32.543
2/19/2020 11:50,%RH,29.898
2/19/2020 12:50,%RH,25.746
2/19/2020 13:50,%RH,31.089
2/19/2020 14:50,%RH,31.089
2/19/2020 15:50,%RH,40.017
2/19/2020 16:50,%RH,60.696
2/19/2020 17:50,%RH,73.966
2/19/2020 18:50,%RH,92.003
2/19/2020 19:50,%RH,98.093
2/19/2020 20:50,%RH,98.481
2/19/2020 21:50,%RH,99.871
2/19/2020 22:50,%RH,97.11
2/19/2020 23:50,%RH,80.079
2/20/2020 0:50,%RH,76.816
2/20/2020 1:50,%RH,76.687
2/20/2020 2:50,%RH,67.954
2/20/2020 3:50,%RH,62.842
2/20/2020 4:50,%RH,67.336
2/20/2020 5:50,%RH,63.947
2/20/2020 6:50,%RH,80.971
2/20/2020 7:50,%RH,73.682
2/20/2020 8:50,%RH,51.158
2/20/2020 9:50,%RH,34.496
2/20/2020 10:50,%RH,28.465
2/20/2020 11:50,%RH,20.286
2/20/2020 12:50,%RH,20.18
2/20/2020 13:50,%RH,22.878
2/20/2020 14:50,%RH,24.216
2/20/2020 15:50,%RH,32.329
2/20/2020 16:50,%RH,60.379
2/20/2020 17:50,%RH,73.914
2/20/2020 18:50,%RH,66.702
2/20/2020 19:50,%RH,74.788
2/20/2020 20:50,%RH,57.447
2/20/2020 21:50,%RH,75.778
2/20/2020 22:50,%RH,85.668
2/20/2020 23:50,%RH,65.835
2/21/2020 0:50,%RH,64.001
2/21/2020 1:50,%RH,69.135
2/21/2020 2:50,%RH,73.088
2/21/2020 3:50,%RH,73.14
2/21/2020 4:50,%RH,82.551
2/21/2020 5:50,%RH,71.646
2/21/2020 6:50,%RH,85.783
2/21/2020 7:50,%RH,69.441
2/21/2020 8:50,%RH,63.31
2/21/2020 9:50,%RH,57.446
2/21/2020 10:50,%RH,46.076
2/21/2020 11:50,%RH,22.831
2/21/2020 12:50,%RH,24.909
2/21/2020 13:50,%RH,35.326
2/21/2020 14:50,%RH,31.294
2/21/2020 15:50,%RH,29.162
2/21/2020 16:50,%RH,32.245
2/21/2020 17:50,%RH,41.993
2/21/2020 18:50,%RH,74.746
2/21/2020 19:50,%RH,84.055
2/21/2020 20:50,%RH,95.863
2/21/2020 21:50,%RH,98.956
2/21/2020 22:50,%RH,99.841
2/21/2020 23:50,%RH,100.308
2/22/2020 0:50,%RH,100.308
2/22/2020 1:50,%RH,100.474
2/22/2020 2:50,%RH,101.139
2/22/2020 3:50,%RH,101.865
2/22/2020 4:50,%RH,101.649
2/22/2020 5:50,%RH,101.187
2/22/2020 6:50,%RH,101.936
2/22/2020 7:50,%RH,101.699
2/22/2020 8:50,%RH,102.757
2/22/2020 9:50,%RH,101.11
2/22/2020 10:50,%RH,102.399
2/22/2020 11:50,%RH,99.204
2/22/2020 12:50,%RH,42.491
2/22/2020 13:50,%RH,100.999
2/22/2020 14:50,%RH,101.729
2/22/2020 15:50,%RH,101.729
2/22/2020 16:50,%RH,101.924
2/22/2020 17:50,%RH,101.751
2/22/2020 18:50,%RH,102.521
2/22/2020 19:50,%RH,102.979
2/22/2020 20:50,%RH,101.806
2/22/2020 21:50,%RH,103.026
2/22/2020 22:50,%RH,103.182
2/22/2020 23:50,%RH,102.618
2/23/2020 0:50,%RH,102.979
2/23/2020 1:50,%RH,102.67
2/23/2020 2:50,%RH,102.979
2/23/2020 3:50,%RH,103.696
2/23/2020 4:50,%RH,103.665
2/23/2020 5:50,%RH,104.519
2/23/2020 6:50,%RH,103.181
2/23/2020 7:50,%RH,102.384
2/23/2020 8:50,%RH,104.192
2/23/2020 9:50,%RH,104.652
2/23/2020 10:50,%RH,104.194
2/23/2020 11:50,%RH,61.231
2/23/2020 12:50,%RH,48.512
2/23/2020 13:50,%RH,46.611
2/23/2020 14:50,%RH,52.656
2/23/2020 15:50,%RH,63.278
2/23/2020 16:50,%RH,78.546
2/23/2020 17:50,%RH,86.121
2/23/2020 18:50,%RH,94.771
2/23/2020 19:50,%RH,96.428
2/23/2020 20:50,%RH,100.258
2/23/2020 21:50,%RH,100.443
2/23/2020 22:50,%RH,100.386
2/23/2020 23:50,%RH,100.879
2/24/2020 0:50,%RH,100.443
2/24/2020 1:50,%RH,100.852
2/24/2020 2:50,%RH,100.879
2/24/2020 3:50,%RH,102.724
2/24/2020 4:50,%RH,100.827
2/24/2020 5:50,%RH,100.879
2/24/2020 6:50,%RH,101.515
2/24/2020 7:50,%RH,97.434
2/24/2020 8:50,%RH,88.871
2/24/2020 9:50,%RH,55.216
2/24/2020 10:50,%RH,35.175
2/24/2020 11:50,%RH,28.636
2/24/2020 12:50,%RH,29.832
2/24/2020 13:50,%RH,26.627
2/24/2020 14:50,%RH,34.331
2/24/2020 15:50,%RH,31.499
2/24/2020 16:50,%RH,50.811
2/24/2020 17:50,%RH,28.467
2/24/2020 18:50,%RH,34.258
2/24/2020 19:50,%RH,38.733
2/24/2020 20:50,%RH,48.987
2/24/2020 21:50,%RH,51.374
2/24/2020 22:50,%RH,77.068
2/24/2020 23:50,%RH,94.771
2/25/2020 0:50,%RH,85.355
2/25/2020 1:50,%RH,83.33
2/25/2020 2:50,%RH,85.869
2/25/2020 3:50,%RH,84.84
2/25/2020 4:50,%RH,71.09
2/25/2020 5:50,%RH,71.589
2/25/2020 6:50,%RH,71.032
2/25/2020 7:50,%RH,66.989
2/25/2020 8:50,%RH,50.072
2/25/2020 9:50,%RH,38.632
2/25/2020 10:50,%RH,24.855
2/25/2020 11:50,%RH,23.096
2/25/2020 12:50,%RH,23.041
2/25/2020 13:50,%RH,19.969
2/25/2020 14:50,%RH,25.165
2/25/2020 15:50,%RH,27.955
2/25/2020 16:50,%RH,26.657
2/25/2020 17:50,%RH,62.223
2/25/2020 18:50,%RH,63.833
2/25/2020 19:50,%RH,63.192
2/25/2020 20:50,%RH,62.55
2/25/2020 21:50,%RH,49.574
2/25/2020 22:50,%RH,50.604
2/25/2020 23:50,%RH,55.935
2/26/2020 0:50,%RH,50.539
2/26/2020 1:50,%RH,41.929
2/26/2020 2:50,%RH,44.324
2/26/2020 3:50,%RH,43.062
2/26/2020 4:50,%RH,47.944
2/26/2020 5:50,%RH,60.506
2/26/2020 6:50,%RH,71.931
2/26/2020 7:50,%RH,46.575
2/26/2020 8:50,%RH,34.545
2/26/2020 9:50,%RH,31.925
2/26/2020 10:50,%RH,22.933
2/26/2020 11:50,%RH,23.314
2/26/2020 12:50,%RH,23.424
2/26/2020 13:50,%RH,25.656
2/26/2020 14:50,%RH,23.783
2/26/2020 15:50,%RH,30.568
2/26/2020 16:50,%RH,35.365
2/26/2020 17:50,%RH,35.365
2/26/2020 18:50,%RH,31.963
2/26/2020 19:50,%RH,47.999
2/26/2020 20:50,%RH,35.64
2/26/2020 21:50,%RH,37.017
2/26/2020 22:50,%RH,61.384
2/26/2020 23:50,%RH,82.629
2/27/2020 0:50,%RH,86.73
2/27/2020 1:50,%RH,74.687
2/27/2020 2:50,%RH,71.479
2/27/2020 3:50,%RH,77.357
2/27/2020 4:50,%RH,60.151
2/27/2020 5:50,%RH,66.977
2/27/2020 6:50,%RH,72.088
2/27/2020 7:50,%RH,63.881
2/27/2020 8:50,%RH,47.593
2/27/2020 9:50,%RH,34.715
2/27/2020 10:50,%RH,32.034
2/27/2020 11:50,%RH,47.401
2/27/2020 12:50,%RH,26.458
2/27/2020 13:50,%RH,32.435
2/27/2020 14:50,%RH,34.027
2/27/2020 15:50,%RH,40.293
2/27/2020 16:50,%RH,43.937
2/27/2020 17:50,%RH,56.82
2/27/2020 18:50,%RH,74.231
2/27/2020 19:50,%RH,57.792
2/27/2020 20:50,%RH,51.764
2/27/2020 21:50,%RH,53.447
2/27/2020 22:50,%RH,64.41
2/27/2020 23:50,%RH,58.176
2/28/2020 0:50,%RH,49.782
2/28/2020 1:50,%RH,71.766
2/28/2020 2:50,%RH,67.717
2/28/2020 3:50,%RH,62.612
2/28/2020 4:50,%RH,71.589
2/28/2020 5:50,%RH,79.594
2/28/2020 6:50,%RH,70.591
2/28/2020 7:50,%RH,69.014
2/28/2020 8:50,%RH,54.384
2/28/2020 9:50,%RH,39.402
2/28/2020 10:50,%RH,25.297
2/28/2020 11:50,%RH,19.184
2/28/2020 12:50,%RH,22.234
2/28/2020 13:50,%RH,26.98
2/28/2020 14:50,%RH,19.916
2/28/2020 15:50,%RH,24.737
2/28/2020 16:50,%RH,23.729
2/28/2020 17:50,%RH,28.128
2/28/2020 18:50,%RH,24.433
2/28/2020 19:50,%RH,57.581
2/28/2020 20:50,%RH,73.425
2/28/2020 21:50,%RH,67.271
2/28/2020 22:50,%RH,77.068
2/28/2020 23:50,%RH,79.747
2/29/2020 0:50,%RH,83.758
2/29/2020 1:50,%RH,85.825
2/29/2020 2:50,%RH,84.277
2/29/2020 3:50,%RH,85.45
2/29/2020 4:50,%RH,79.643
2/29/2020 5:50,%RH,87.749
2/29/2020 6:50,%RH,93.729
2/29/2020 7:50,%RH,80.633
2/29/2020 8:50,%RH,63.712
2/29/2020 9:50,%RH,41.083
2/29/2020 10:50,%RH,29.898
2/29/2020 11:50,%RH,22.609
2/29/2020 12:50,%RH,25.004
2/29/2020 13:50,%RH,34.95
2/29/2020 14:50,%RH,34.95
2/29/2020 15:50,%RH,47.377
2/29/2020 16:50,%RH,64.284
2/29/2020 17:50,%RH,70.228
2/29/2020 18:50,%RH,82.941
2/29/2020 19:50,%RH,90.903
2/29/2020 20:50,%RH,96.16
2/29/2020 21:50,%RH,98.956
2/29/2020 22:50,%RH,95.863
2/29/2020 23:50,%RH,96.759
3/1/2020 0:50,%RH,88.461
3/1/2020 1:50,%RH,87.319
3/1/2020 2:50,%RH,94.285
3/1/2020 3:50,%RH,93.309
3/1/2020 4:50,%RH,95.738
3/1/2020 5:50,%RH,98.011
3/1/2020 6:50,%RH,98.067
3/1/2020 7:50,%RH,90.105
3/1/2020 8:50,%RH,84.055
3/1/2020 9:50,%RH,71.828
3/1/2020 10:50,%RH,94.356
3/1/2020 11:50,%RH,42.664
3/1/2020 12:50,%RH,35.459
3/1/2020 13:50,%RH,43.537
3/1/2020 14:50,%RH,44.097
3/1/2020 15:50,%RH,57.343
3/1/2020 16:50,%RH,65.755
3/1/2020 17:50,%RH,73.364
3/1/2020 18:50,%RH,77.662
3/1/2020 19:50,%RH,85.039
3/1/2020 20:50,%RH,88.053
3/1/2020 21:50,%RH,92.544
3/1/2020 22:50,%RH,96.86
3/1/2020 23:50,%RH,94.452
3/2/2020 0:50,%RH,96.632
3/2/2020 1:50,%RH,91.338
3/2/2020 2:50,%RH,88.727
3/2/2020 3:50,%RH,82.237
3/2/2020 4:50,%RH,77.451
3/2/2020 5:50,%RH,82.191
3/2/2020 6:50,%RH,78.091
3/2/2020 7:50,%RH,63.08
3/2/2020 8:50,%RH,50.381
3/2/2020 9:50,%RH,38.708
3/2/2020 10:50,%RH,28.484
3/2/2020 11:50,%RH,26.98
3/2/2020 12:50,%RH,24.161
3/2/2020 13:50,%RH,27.445
3/2/2020 14:50,%RH,26.326
3/2/2020 15:50,%RH,31.193
3/2/2020 16:50,%RH,45.17
3/2/2020 17:50,%RH,53.309
3/2/2020 18:50,%RH,57.911
3/2/2020 19:50,%RH,70.767
3/2/2020 20:50,%RH,76.274
3/2/2020 21:50,%RH,79.338
3/2/2020 22:50,%RH,79.376
3/2/2020 23:50,%RH,73.957
3/3/2020 0:50,%RH,67.954
3/3/2020 1:50,%RH,59.974
3/3/2020 2:50,%RH,74.506
3/3/2020 3:50,%RH,73.449
3/3/2020 4:50,%RH,76.104
3/3/2020 5:50,%RH,82.419
3/3/2020 6:50,%RH,90.124
3/3/2020 7:50,%RH,63.957
3/3/2020 8:50,%RH,41.222
3/3/2020 9:50,%RH,32.09
3/3/2020 10:50,%RH,29.38
3/3/2020 11:50,%RH,20
3/3/2020 12:50,%RH,17.092
3/3/2020 13:50,%RH,18.11
3/3/2020 14:50,%RH,19.264
3/3/2020 15:50,%RH,23.783
3/3/2020 16:50,%RH,26.963
3/3/2020 17:50,%RH,45.398
3/3/2020 18:50,%RH,69.594
3/3/2020 19:50,%RH,71.705
3/3/2020 20:50,%RH,70.652
3/3/2020 21:50,%RH,76.527
3/3/2020 22:50,%RH,80.175
3/3/2020 23:50,%RH,84.795
3/4/2020 0:50,%RH,85.783
3/4/2020 1:50,%RH,88.293
3/4/2020 2:50,%RH,90.269
3/4/2020 3:50,%RH,92.223
3/4/2020 4:50,%RH,93.179
3/4/2020 5:50,%RH,94.618
3/4/2020 6:50,%RH,97.081
3/4/2020 7:50,%RH,86.27
3/4/2020 8:50,%RH,57.406
3/4/2020 9:50,%RH,35.002
3/4/2020 10:50,%RH,26.704
3/4/2020 11:50,%RH,19.632
3/4/2020 12:50,%RH,22.126
3/4/2020 13:50,%RH,23.359
3/4/2020 14:50,%RH,32.489
3/4/2020 15:50,%RH,46.415
3/4/2020 16:50,%RH,67.897
3/4/2020 17:50,%RH,79.699
3/4/2020 18:50,%RH,89.97
3/4/2020 19:50,%RH,95.622
3/4/2020 20:50,%RH,94.013
3/4/2020 21:50,%RH,96.86
3/4/2020 22:50,%RH,95.815
3/4/2020 23:50,%RH,98.201
3/5/2020 0:50,%RH,100.21
3/5/2020 1:50,%RH,101.372
3/5/2020 2:50,%RH,100.386
3/5/2020 3:50,%RH,99.45
3/5/2020 4:50,%RH,100.443
3/5/2020 5:50,%RH,100.443
3/5/2020 6:50,%RH,100.475
3/5/2020 7:50,%RH,92.166
3/5/2020 8:50,%RH,73.162
3/5/2020 9:50,%RH,41.732
3/5/2020 10:50,%RH,30.398
3/5/2020 11:50,%RH,21.855
3/5/2020 12:50,%RH,21.802
3/5/2020 13:50,%RH,25.019
3/5/2020 14:50,%RH,30.629
3/5/2020 15:50,%RH,32.999
3/5/2020 16:50,%RH,44.181
3/5/2020 17:50,%RH,45.187
3/5/2020 18:50,%RH,63.226
3/5/2020 19:50,%RH,83.54
3/5/2020 20:50,%RH,89.515
3/5/2020 21:50,%RH,90.469
3/5/2020 22:50,%RH,91.463
3/5/2020 23:50,%RH,91.509
3/6/2020 0:50,%RH,92.407
3/6/2020 1:50,%RH,93.389
3/6/2020 2:50,%RH,93.837
3/6/2020 3:50,%RH,93.348
3/6/2020 4:50,%RH,94.286
3/6/2020 5:50,%RH,95.703
3/6/2020 6:50,%RH,97.176
3/6/2020 7:50,%RH,87.371
3/6/2020 8:50,%RH,51.947
3/6/2020 9:50,%RH,41.248
3/6/2020 10:50,%RH,28.129
3/6/2020 11:50,%RH,25.712
3/6/2020 12:50,%RH,22.824
3/6/2020 13:50,%RH,25.656
3/6/2020 14:50,%RH,27.91
3/6/2020 15:50,%RH,37.393
3/6/2020 16:50,%RH,57.163
3/6/2020 17:50,%RH,72.539
3/6/2020 18:50,%RH,88.527
3/6/2020 19:50,%RH,93.86
3/6/2020 20:50,%RH,96.583
3/6/2020 21:50,%RH,99.841
3/6/2020 22:50,%RH,99.07
3/6/2020 23:50,%RH,94.833
3/7/2020 0:50,%RH,95.799
3/7/2020 1:50,%RH,95.799
3/7/2020 2:50,%RH,95.255
3/7/2020 3:50,%RH,96.698
3/7/2020 4:50,%RH,96.16
3/7/2020 5:50,%RH,95.738
3/7/2020 6:50,%RH,96.698
3/7/2020 7:50,%RH,81.742
3/7/2020 8:50,%RH,69.026
3/7/2020 9:50,%RH,66.989
3/7/2020 10:50,%RH,49.443
3/7/2020 11:50,%RH,62.953
3/7/2020 12:50,%RH,65.764
3/7/2020 13:50,%RH,66.417
3/7/2020 14:50,%RH,70.119
3/7/2020 15:50,%RH,71.27
3/7/2020 16:50,%RH,73.415
3/7/2020 17:50,%RH,80.169
3/7/2020 18:50,%RH,82.151
3/7/2020 19:50,%RH,90.116
3/7/2020 20:50,%RH,94.892
3/7/2020 21:50,%RH,95.948
3/7/2020 22:50,%RH,94.063
3/7/2020 23:50,%RH,96.907
3/8/2020 0:50,%RH,95.333
3/8/2020 1:50,%RH,97.858
3/8/2020 3:50,%RH,94.771
3/8/2020 4:50,%RH,99.228
3/8/2020 5:50,%RH,96.219
3/8/2020 6:50,%RH,98.481
3/8/2020 7:50,%RH,99.45
3/8/2020 8:50,%RH,91.174
3/8/2020 9:50,%RH,61.459
3/8/2020 10:50,%RH,48.182
3/8/2020 11:50,%RH,47.038
3/8/2020 12:50,%RH,25.639
3/8/2020 13:50,%RH,28.533
3/8/2020 14:50,%RH,29.316
3/8/2020 15:50,%RH,35.259
3/8/2020 16:50,%RH,43.976
3/8/2020 17:50,%RH,55.621
3/8/2020 18:50,%RH,62.359
3/8/2020 19:50,%RH,80.656
3/8/2020 20:50,%RH,88.877
3/8/2020 21:50,%RH,91.377
3/8/2020 22:50,%RH,91.833
3/8/2020 23:50,%RH,93.762
3/9/2020 0:50,%RH,95.129
3/9/2020 1:50,%RH,95.544
3/9/2020 2:50,%RH,96.509
3/9/2020 3:50,%RH,98.418
3/9/2020 4:50,%RH,98.954
3/9/2020 5:50,%RH,95.188
3/9/2020 6:50,%RH,94.703
3/9/2020 7:50,%RH,96.664
3/9/2020 8:50,%RH,87.258
3/9/2020 9:50,%RH,70.71
3/9/2020 10:50,%RH,69.574
3/9/2020 11:50,%RH,45.139
3/9/2020 12:50,%RH,54.129
3/9/2020 13:50,%RH,32.763
3/9/2020 14:50,%RH,31.816
3/9/2020 15:50,%RH,32.947
3/9/2020 16:50,%RH,44.74
3/9/2020 17:50,%RH,50.276
3/9/2020 18:50,%RH,58.244
3/9/2020 19:50,%RH,74.847
3/9/2020 20:50,%RH,80.633
3/9/2020 21:50,%RH,58.013
3/9/2020 22:50,%RH,67.745
3/9/2020 23:50,%RH,78.17
3/10/2020 0:50,%RH,83.326
3/10/2020 1:50,%RH,97.236
3/10/2020 2:50,%RH,99.54
3/10/2020 3:50,%RH,100.474
3/10/2020 4:50,%RH,101.462
3/10/2020 5:50,%RH,100.534
3/10/2020 6:50,%RH,100.999
3/10/2020 7:50,%RH,101.525
3/10/2020 8:50,%RH,101.196
3/10/2020 9:50,%RH,101.029
3/10/2020 10:50,%RH,102.763
3/10/2020 11:50,%RH,103.232
3/10/2020 12:50,%RH,101.383
3/10/2020 13:50,%RH,102.279
3/10/2020 14:50,%RH,102.772
3/10/2020 15:50,%RH,102.772
3/10/2020 16:50,%RH,103.258
3/10/2020 17:50,%RH,101.11
3/10/2020 18:50,%RH,101.494
3/10/2020 19:50,%RH,101.029
3/10/2020 20:50,%RH,101.803
3/10/2020 21:50,%RH,101.415
3/10/2020 22:50,%RH,102.34
3/10/2020 23:50,%RH,102.264
3/11/2020 0:50,%RH,102.264
3/11/2020 1:50,%RH,102.264
3/11/2020 2:50,%RH,102.191
3/11/2020 3:50,%RH,102.58
3/11/2020 4:50,%RH,102.191
3/11/2020 5:50,%RH,101.729
3/11/2020 6:50,%RH,102.191
3/11/2020 7:50,%RH,102.191
3/11/2020 8:50,%RH,104.192
3/11/2020 9:50,%RH,104.646
3/11/2020 10:50,%RH,103.714
3/11/2020 11:50,%RH,103.814
3/11/2020 12:50,%RH,104.184
3/11/2020 13:50,%RH,106.653
3/11/2020 14:50,%RH,106.578
3/11/2020 15:50,%RH,94.444
3/11/2020 16:50,%RH,72.544
3/11/2020 17:50,%RH,83.517
3/11/2020 18:50,%RH,89.982
3/11/2020 19:50,%RH,95.102
3/11/2020 20:50,%RH,97.712
3/11/2020 21:50,%RH,99.481
3/11/2020 22:50,%RH,100.597
3/11/2020 23:50,%RH,100.939
3/12/2020 0:50,%RH,100.534
3/12/2020 1:50,%RH,101.289
3/12/2020 2:50,%RH,102.159
3/12/2020 3:50,%RH,101.649
3/12/2020 4:50,%RH,101.601
3/12/2020 5:50,%RH,102.109
3/12/2020 6:50,%RH,101.649
3/12/2020 7:50,%RH,103.583
3/12/2020 8:50,%RH,96.938
3/12/2020 9:50,%RH,77.689
3/12/2020 10:50,%RH,79.207
3/12/2020 11:50,%RH,89.561
3/12/2020 12:50,%RH,100.875
3/12/2020 13:50,%RH,101.729
3/12/2020 14:50,%RH,101.659
3/12/2020 15:50,%RH,102.052
3/12/2020 16:50,%RH,101.987
3/12/2020 17:50,%RH,101.924
3/12/2020 18:50,%RH,102.782
3/12/2020 19:50,%RH,102.324
3/12/2020 20:50,%RH,102.725
3/12/2020 21:50,%RH,102.725
3/12/2020 22:50,%RH,103.182
3/12/2020 23:50,%RH,104.091
3/13/2020 0:50,%RH,102.266
3/13/2020 1:50,%RH,103.182
3/13/2020 2:50,%RH,103.637
3/13/2020 3:50,%RH,102.211
3/13/2020 4:50,%RH,103.127
3/13/2020 5:50,%RH,102.266
3/13/2020 6:50,%RH,104.091
3/13/2020 7:50,%RH,102.782
3/13/2020 8:50,%RH,102.842
3/13/2020 9:50,%RH,102.58
3/13/2020 10:50,%RH,102.34
3/13/2020 11:50,%RH,103.417
3/13/2020 12:50,%RH,104.248
3/13/2020 13:50,%RH,103.793
3/13/2020 14:50,%RH,104.094
3/13/2020 15:50,%RH,103.95
3/13/2020 16:50,%RH,104.02
3/13/2020 17:50,%RH,103.95
3/13/2020 18:50,%RH,103.882
3/13/2020 19:50,%RH,103.882
3/13/2020 20:50,%RH,104.27
3/13/2020 21:50,%RH,103.362
3/13/2020 22:50,%RH,102.905
3/13/2020 23:50,%RH,102.905
3/14/2020 0:50,%RH,103.299
3/14/2020 1:50,%RH,103.299
3/14/2020 2:50,%RH,102.842
3/14/2020 3:50,%RH,103.239
3/14/2020 4:50,%RH,103.694
3/14/2020 5:50,%RH,102.324
3/14/2020 6:50,%RH,103.239
3/14/2020 7:50,%RH,103.754
3/14/2020 8:50,%RH,103.038
3/14/2020 9:50,%RH,103.182
3/14/2020 10:50,%RH,103.874
3/14/2020 11:50,%RH,103.874
3/14/2020 12:50,%RH,104.783
3/14/2020 13:50,%RH,104.867
3/14/2020 14:50,%RH,108.366
3/14/2020 15:50,%RH,105.685
3/14/2020 16:50,%RH,106.134
3/14/2020 17:50,%RH,105.559
3/14/2020 18:50,%RH,103.637
3/14/2020 19:50,%RH,102.384
3/14/2020 20:50,%RH,100.008
3/14/2020 21:50,%RH,99.95
3/14/2020 22:50,%RH,99.95
3/14/2020 23:50,%RH,101.344
3/15/2020 0:50,%RH,100.416
3/15/2020 1:50,%RH,102.725
3/15/2020 2:50,%RH,103.182
3/15/2020 3:50,%RH,103.637
3/15/2020 4:50,%RH,102.725
3/15/2020 5:50,%RH,102.725
3/15/2020 6:50,%RH,102.67
3/15/2020 7:50,%RH,102.324
3/15/2020 8:50,%RH,99.868
3/15/2020 9:50,%RH,94.69
3/15/2020 10:50,%RH,89.479
3/15/2020 11:50,%RH,71.404
3/15/2020 12:50,%RH,75.864
3/15/2020 13:50,%RH,82.426
3/15/2020 14:50,%RH,75.822
3/15/2020 15:50,%RH,74.711
3/15/2020 16:50,%RH,83.086
3/15/2020 17:50,%RH,86.562
3/15/2020 18:50,%RH,89.468
3/15/2020 19:50,%RH,90.841
3/15/2020 20:50,%RH,91.833
3/15/2020 21:50,%RH,92.819
3/15/2020 22:50,%RH,93.798
3/15/2020 23:50,%RH,96.103
3/16/2020 0:50,%RH,95.679
3/16/2020 1:50,%RH,101.289
3/16/2020 2:50,%RH,101.751
3/16/2020 3:50,%RH,102.211
3/16/2020 4:50,%RH,102.67
3/16/2020 5:50,%RH,102.67
3/16/2020 6:50,%RH,102.211
3/16/2020 7:50,%RH,102.67
3/16/2020 8:50,%RH,102.266
3/16/2020 9:50,%RH,103.182
3/16/2020 10:50,%RH,102.324
3/16/2020 11:50,%RH,102.842
3/16/2020 12:50,%RH,102.842
3/16/2020 13:50,%RH,102.782
3/16/2020 14:50,%RH,103.182
3/16/2020 15:50,%RH,103.182
3/16/2020 16:50,%RH,103.127
3/16/2020 17:50,%RH,102.725
3/16/2020 18:50,%RH,103.531
3/16/2020 19:50,%RH,103.026
3/16/2020 20:50,%RH,103.391
3/16/2020 21:50,%RH,103.696
3/16/2020 22:50,%RH,104.497
3/16/2020 23:50,%RH,104.913
3/17/2020 0:50,%RH,105.34
3/17/2020 1:50,%RH,104.913
3/17/2020 2:50,%RH,104.044
3/17/2020 3:50,%RH,104.091
3/17/2020 4:50,%RH,104.044
3/17/2020 5:50,%RH,105.364
3/17/2020 6:50,%RH,104.497
3/17/2020 7:50,%RH,103.729
3/17/2020 8:50,%RH,104.091
3/17/2020 9:50,%RH,104.547
3/17/2020 10:50,%RH,106.969
3/17/2020 11:50,%RH,105.525
3/17/2020 12:50,%RH,107.45
3/17/2020 13:50,%RH,83.526
3/17/2020 14:50,%RH,69.866
3/17/2020 15:50,%RH,65.842
3/17/2020 16:50,%RH,82.489
3/17/2020 17:50,%RH,87.89
3/17/2020 18:50,%RH,90.515
3/17/2020 19:50,%RH,95.22
3/17/2020 20:50,%RH,99.45
3/17/2020 21:50,%RH,100.827
3/17/2020 22:50,%RH,100.339
3/17/2020 23:50,%RH,100.769
3/18/2020 0:50,%RH,101.235
3/18/2020 1:50,%RH,102.176
3/18/2020 2:50,%RH,102.148
3/18/2020 3:50,%RH,102.129
3/18/2020 4:50,%RH,102.129
3/18/2020 5:50,%RH,103.068
3/18/2020 6:50,%RH,101.674
3/18/2020 7:50,%RH,102.215
3/18/2020 8:50,%RH,84.818
3/18/2020 9:50,%RH,72.383
3/18/2020 10:50,%RH,65.51
3/18/2020 11:50,%RH,66.32
3/18/2020 12:50,%RH,48.77
3/18/2020 13:50,%RH,47.246
3/18/2020 14:50,%RH,35.773
3/18/2020 15:50,%RH,35.935
3/18/2020 16:50,%RH,60.455
3/18/2020 17:50,%RH,78.637
3/18/2020 18:50,%RH,77.839
3/18/2020 19:50,%RH,81.862
3/18/2020 20:50,%RH,92.29
3/18/2020 21:50,%RH,97.03
3/18/2020 22:50,%RH,97.983
3/18/2020 23:50,%RH,99.364
3/19/2020 0:50,%RH,100.288
3/19/2020 1:50,%RH,101.251
3/19/2020 2:50,%RH,102.161
3/19/2020 3:50,%RH,101.685
3/19/2020 4:50,%RH,101.674
3/19/2020 5:50,%RH,102.608
3/19/2020 6:50,%RH,102.724
3/19/2020 7:50,%RH,97.689
3/19/2020 8:50,%RH,92.155
3/19/2020 9:50,%RH,74.515
3/19/2020 10:50,%RH,70.151
3/19/2020 11:50,%RH,48.318
3/19/2020 12:50,%RH,57.296
3/19/2020 13:50,%RH,52.368
3/19/2020 14:50,%RH,65.269
3/19/2020 15:50,%RH,72.862
3/19/2020 16:50,%RH,74.196
3/19/2020 17:50,%RH,73.415
3/19/2020 18:50,%RH,77.966
3/19/2020 19:50,%RH,90.615
3/19/2020 20:50,%RH,94.115
3/19/2020 21:50,%RH,100.63
3/19/2020 22:50,%RH,101.936
3/19/2020 23:50,%RH,101.601
3/20/2020 0:50,%RH,101.976
3/20/2020 1:50,%RH,102.893
3/20/2020 2:50,%RH,102.477
3/20/2020 3:50,%RH,102.477
3/20/2020 4:50,%RH,102.521
3/20/2020 5:50,%RH,102.521
3/20/2020 6:50,%RH,102.062
3/20/2020 7:50,%RH,100.826
3/20/2020 8:50,%RH,102.447
3/20/2020 9:50,%RH,103.266
3/20/2020 10:50,%RH,102.279
3/20/2020 11:50,%RH,90.366
3/20/2020 12:50,%RH,88.288
3/20/2020 13:50,%RH,64.004
3/20/2020 14:50,%RH,65.052
3/20/2020 15:50,%RH,66.226
3/20/2020 16:50,%RH,77.507
3/20/2020 17:50,%RH,81.823
3/20/2020 18:50,%RH,87.004
3/20/2020 19:50,%RH,92.819
3/20/2020 20:50,%RH,95.679
3/20/2020 21:50,%RH,98.067
3/20/2020 22:50,%RH,99.012
3/20/2020 23:50,%RH,99.426
3/21/2020 0:50,%RH,99.373
3/21/2020 1:50,%RH,100.826
3/21/2020 2:50,%RH,99.697
3/21/2020 3:50,%RH,100.308
3/21/2020 4:50,%RH,99.841
3/21/2020 5:50,%RH,99.322
3/21/2020 6:50,%RH,100.675
3/21/2020 7:50,%RH,97.651
3/21/2020 8:50,%RH,90.825
3/21/2020 9:50,%RH,63.017
3/21/2020 10:50,%RH,65.611
3/21/2020 11:50,%RH,33.28
3/21/2020 12:50,%RH,42.664
3/21/2020 13:50,%RH,62.715
3/21/2020 14:50,%RH,67.897
3/21/2020 15:50,%RH,42.327
3/21/2020 16:50,%RH,62.653
3/21/2020 17:50,%RH,76.927
3/21/2020 18:50,%RH,83.086
3/21/2020 19:50,%RH,89.535
3/21/2020 20:50,%RH,94.347
3/21/2020 21:50,%RH,95.738
3/21/2020 22:50,%RH,97.537
3/21/2020 23:50,%RH,99.274
3/22/2020 0:50,%RH,99.743
3/22/2020 1:50,%RH,97.812
3/22/2020 2:50,%RH,99.654
3/22/2020 3:50,%RH,100.548
3/22/2020 4:50,%RH,101.012
3/22/2020 5:50,%RH,100.443
3/22/2020 6:50,%RH,101.805
3/22/2020 7:50,%RH,101.557
3/22/2020 8:50,%RH,88.235
3/22/2020 9:50,%RH,78.143
3/22/2020 10:50,%RH,47.401
3/22/2020 11:50,%RH,32.664
3/22/2020 12:50,%RH,36.57
3/22/2020 13:50,%RH,51.281
3/22/2020 14:50,%RH,61.49
3/22/2020 15:50,%RH,62.027
3/22/2020 16:50,%RH,97.027
3/22/2020 17:50,%RH,100.409
3/22/2020 18:50,%RH,101.128
3/22/2020 19:50,%RH,101.128
3/22/2020 20:50,%RH,101.525
3/22/2020 21:50,%RH,101.462
3/22/2020 22:50,%RH,101.924
3/22/2020 23:50,%RH,101.987
3/23/2020 0:50,%RH,102.842
3/23/2020 1:50,%RH,102.782
3/23/2020 2:50,%RH,102.725
3/23/2020 3:50,%RH,102.725
3/23/2020 4:50,%RH,103.182
3/23/2020 5:50,%RH,102.618
3/23/2020 6:50,%RH,103.696
3/23/2020 7:50,%RH,103.362
3/23/2020 8:50,%RH,104.413
3/23/2020 9:50,%RH,106.516
3/23/2020 10:50,%RH,83.82
3/23/2020 11:50,%RH,87.239
3/23/2020 12:50,%RH,74.241
3/23/2020 13:50,%RH,68.614
3/23/2020 14:50,%RH,73.633
3/23/2020 15:50,%RH,69.738
3/23/2020 16:50,%RH,80.764
3/23/2020 17:50,%RH,86.633
3/23/2020 18:50,%RH,90.536
3/23/2020 19:50,%RH,91.96
3/23/2020 20:50,%RH,96.759
3/23/2020 21:50,%RH,96.759
3/23/2020 22:50,%RH,97.651
3/23/2020 23:50,%RH,100.21
3/24/2020 0:50,%RH,99.95
3/24/2020 1:50,%RH,101.864
3/24/2020 2:50,%RH,100.008
3/24/2020 3:50,%RH,100.474
3/24/2020 4:50,%RH,100.939
3/24/2020 5:50,%RH,100.939
3/24/2020 6:50,%RH,100.474
3/24/2020 7:50,%RH,101.525
3/24/2020 8:50,%RH,92.555
3/24/2020 9:50,%RH,87.234
3/24/2020 10:50,%RH,71.337
3/24/2020 11:50,%RH,45.879
3/24/2020 12:50,%RH,46.346
3/24/2020 13:50,%RH,63.342
3/24/2020 14:50,%RH,49.244
3/24/2020 15:50,%RH,58.699
3/24/2020 16:50,%RH,63.841
3/24/2020 17:50,%RH,79.462
3/24/2020 18:50,%RH,85.399
3/24/2020 19:50,%RH,94.115
3/24/2020 20:50,%RH,98.804
3/24/2020 21:50,%RH,97.337
3/24/2020 22:50,%RH,99.373
3/24/2020 23:50,%RH,99.228
3/25/2020 0:50,%RH,99.228
3/25/2020 1:50,%RH,99.697
3/25/2020 2:50,%RH,100.21
3/25/2020 3:50,%RH,100.308
3/25/2020 4:50,%RH,99.841
3/25/2020 5:50,%RH,100.773
3/25/2020 6:50,%RH,100.723
3/25/2020 7:50,%RH,99.426
3/25/2020 8:50,%RH,84.072
3/25/2020 9:50,%RH,66.84
3/25/2020 10:50,%RH,45.708
3/25/2020 11:50,%RH,37.315
3/25/2020 12:50,%RH,58.444
3/25/2020 13:50,%RH,61.522
3/25/2020 14:50,%RH,102.282
3/25/2020 15:50,%RH,82.988
3/25/2020 16:50,%RH,97.335
3/25/2020 17:50,%RH,99.259
3/25/2020 18:50,%RH,95.679
3/25/2020 19:50,%RH,98.332
3/25/2020 20:50,%RH,98.201
3/25/2020 21:50,%RH,98.636
3/25/2020 22:50,%RH,100.475
3/25/2020 23:50,%RH,101.403
3/26/2020 0:50,%RH,101.714
3/26/2020 1:50,%RH,99.834
3/26/2020 2:50,%RH,100.288
3/26/2020 3:50,%RH,101.221
3/26/2020 4:50,%RH,100.729
3/26/2020 5:50,%RH,100.729
3/26/2020 6:50,%RH,102.129
3/26/2020 7:50,%RH,98.007
3/26/2020 8:50,%RH,88.596
3/26/2020 9:50,%RH,56.186
3/26/2020 10:50,%RH,38.414
3/26/2020 11:50,%RH,31.305
3/26/2020 12:50,%RH,33.937
3/26/2020 13:50,%RH,46.021
3/26/2020 14:50,%RH,59.353
3/26/2020 15:50,%RH,101.139
3/26/2020 16:50,%RH,101.557
3/26/2020 17:50,%RH,102.211
3/26/2020 18:50,%RH,102.893
3/26/2020 19:50,%RH,101.899
3/26/2020 20:50,%RH,103.181
3/26/2020 21:50,%RH,103.665
3/26/2020 22:50,%RH,103.241
3/26/2020 23:50,%RH,103.552
3/27/2020 0:50,%RH,104.436
3/27/2020 1:50,%RH,103.993
3/27/2020 2:50,%RH,104.436
3/27/2020 3:50,%RH,103.068
3/27/2020 4:50,%RH,104.875
3/27/2020 5:50,%RH,103.972
3/27/2020 6:50,%RH,104.421
3/27/2020 7:50,%RH,104.602
3/27/2020 8:50,%RH,101.494
3/27/2020 9:50,%RH,75.923
3/27/2020 10:50,%RH,47.147
3/27/2020 11:50,%RH,36.022
3/27/2020 12:50,%RH,33.106
3/27/2020 13:50,%RH,31.305
3/27/2020 14:50,%RH,25.328
3/27/2020 15:50,%RH,47.71
3/27/2020 16:50,%RH,53.344
3/27/2020 17:50,%RH,69.824
3/27/2020 18:50,%RH,69.298
3/27/2020 19:50,%RH,90.469
3/27/2020 20:50,%RH,96.632
3/27/2020 21:50,%RH,97.054
3/27/2020 22:50,%RH,95.641
3/27/2020 23:50,%RH,92.748
3/28/2020 0:50,%RH,98.418
3/28/2020 1:50,%RH,99.349
3/28/2020 2:50,%RH,98.863
3/28/2020 3:50,%RH,102.124
3/28/2020 4:50,%RH,101.195
3/28/2020 5:50,%RH,102.591
3/28/2020 6:50,%RH,103.051
3/28/2020 7:50,%RH,77.719
3/28/2020 8:50,%RH,62.796
3/28/2020 9:50,%RH,48.095
3/28/2020 10:50,%RH,39.919
3/28/2020 11:50,%RH,36.173
3/28/2020 12:50,%RH,33.616
3/28/2020 13:50,%RH,32.276
3/28/2020 14:50,%RH,31.763
3/28/2020 15:50,%RH,44.954
3/28/2020 16:50,%RH,48.272
3/28/2020 17:50,%RH,65.269
3/28/2020 18:50,%RH,76.622
3/28/2020 19:50,%RH,85.848
3/28/2020 20:50,%RH,86.361
3/28/2020 21:50,%RH,93.682
3/28/2020 22:50,%RH,100.122
3/28/2020 23:50,%RH,100.975
3/29/2020 0:50,%RH,101.342
3/29/2020 1:50,%RH,101.316
3/29/2020 2:50,%RH,101.754
3/29/2020 3:50,%RH,102.215
3/29/2020 4:50,%RH,101.865
3/29/2020 5:50,%RH,102.195
3/29/2020 6:50,%RH,102.636
3/29/2020 7:50,%RH,86.782
3/29/2020 8:50,%RH,56.759
3/29/2020 9:50,%RH,41.573
3/29/2020 10:50,%RH,35.666
3/29/2020 11:50,%RH,46.146
3/29/2020 12:50,%RH,52.952
3/29/2020 13:50,%RH,61.922
3/29/2020 14:50,%RH,66.756
3/29/2020 15:50,%RH,100.259
3/29/2020 16:50,%RH,100.095
3/29/2020 17:50,%RH,100.802
3/29/2020 18:50,%RH,101.987
3/29/2020 19:50,%RH,102.109
3/29/2020 20:50,%RH,102.934
3/29/2020 21:50,%RH,103.349
3/29/2020 22:50,%RH,102.854
3/29/2020 23:50,%RH,103.274
3/30/2020 0:50,%RH,102.893
3/30/2020 1:50,%RH,103.696
3/30/2020 2:50,%RH,103.31
3/30/2020 3:50,%RH,102.675
3/30/2020 4:50,%RH,104.066
3/30/2020 5:50,%RH,104.044
3/30/2020 6:50,%RH,104.461
3/30/2020 7:50,%RH,102.052
3/30/2020 8:50,%RH,71.381
3/30/2020 9:50,%RH,51.412
3/30/2020 10:50,%RH,39.178
3/30/2020 11:50,%RH,34.771
3/30/2020 12:50,%RH,30.229
3/30/2020 13:50,%RH,30.117
3/30/2020 14:50,%RH,28.074
3/30/2020 15:50,%RH,28.019
3/30/2020 16:50,%RH,38.307
3/30/2020 17:50,%RH,63.76
3/30/2020 18:50,%RH,76.305
3/30/2020 19:50,%RH,87.954
3/30/2020 20:50,%RH,97.432
3/30/2020 21:50,%RH,100.21
3/30/2020 22:50,%RH,101.052
3/30/2020 23:50,%RH,101.012
3/31/2020 0:50,%RH,101.475
3/31/2020 1:50,%RH,102.359
3/31/2020 2:50,%RH,102.753
3/31/2020 3:50,%RH,102.753
3/31/2020 4:50,%RH,104.119
3/31/2020 5:50,%RH,101.139
3/31/2020 6:50,%RH,73.682
3/31/2020 7:50,%RH,67.212
3/31/2020 8:50,%RH,56.685
3/31/2020 9:50,%RH,41.083
3/31/2020 10:50,%RH,34.771
3/31/2020 11:50,%RH,29.832
3/31/2020 12:50,%RH,28.007
3/31/2020 13:50,%RH,25.879
3/31/2020 14:50,%RH,28.352
3/31/2020 15:50,%RH,24.713
3/31/2020 16:50,%RH,32.707
3/31/2020 17:50,%RH,41.777
3/31/2020 18:50,%RH,46.66
3/31/2020 19:50,%RH,49.121
3/31/2020 20:50,%RH,51.565
3/31/2020 21:50,%RH,53.374
3/31/2020 22:50,%RH,60.611
3/31/2020 23:50,%RH,63.455
4/1/2020 0:50,%RH,86.749
4/1/2020 1:50,%RH,82.804
4/1/2020 2:50,%RH,93.086
4/1/2020 3:50,%RH,71.195
4/1/2020 4:50,%RH,71.753
4/1/2020 5:50,%RH,68.048
4/1/2020 6:50,%RH,84.755
4/1/2020 7:50,%RH,52.445
4/1/2020 8:50,%RH,37.864
4/1/2020 9:50,%RH,34.771
4/1/2020 10:50,%RH,33.546
4/1/2020 11:50,%RH,31.02
4/1/2020 12:50,%RH,30.513
4/1/2020 13:50,%RH,36.216
4/1/2020 14:50,%RH,36.274
4/1/2020 15:50,%RH,39.289
4/1/2020 16:50,%RH,44.208
4/1/2020 17:50,%RH,71.381
4/1/2020 18:50,%RH,83.51
4/1/2020 19:50,%RH,93.224
4/1/2020 20:50,%RH,98.659
4/1/2020 21:50,%RH,100.474
4/1/2020 22:50,%RH,101.187
4/1/2020 23:50,%RH,102.018
4/2/2020 0:50,%RH,101.515
4/2/2020 1:50,%RH,101.649
4/2/2020 2:50,%RH,101.515
4/2/2020 3:50,%RH,100.881
4/2/2020 4:50,%RH,100.773
4/2/2020 5:50,%RH,101.699
4/2/2020 6:50,%RH,76.76
4/2/2020 7:50,%RH,54.944
4/2/2020 8:50,%RH,33.927
4/2/2020 9:50,%RH,29.472
4/2/2020 10:50,%RH,27.065
4/2/2020 11:50,%RH,26.236
4/2/2020 12:50,%RH,23.041
4/2/2020 13:50,%RH,25.712
4/2/2020 14:50,%RH,28.868
4/2/2020 15:50,%RH,32.875
4/2/2020 16:50,%RH,53.766
4/2/2020 17:50,%RH,70.17
4/2/2020 18:50,%RH,83.161
4/2/2020 19:50,%RH,92.819
4/2/2020 20:50,%RH,98.715
4/2/2020 21:50,%RH,100.475
4/2/2020 22:50,%RH,100.852
4/2/2020 23:50,%RH,96.603
4/3/2020 0:50,%RH,93.179
4/3/2020 1:50,%RH,102.148
4/3/2020 2:50,%RH,101.221
4/3/2020 3:50,%RH,97.467
4/3/2020 4:50,%RH,100.744
4/3/2020 5:50,%RH,97.436
4/3/2020 6:50,%RH,100.735
4/3/2020 7:50,%RH,49.049
4/3/2020 8:50,%RH,32.791
4/3/2020 9:50,%RH,26.65
4/3/2020 10:50,%RH,27.39
4/3/2020 11:50,%RH,26.704
4/3/2020 12:50,%RH,25.328
4/3/2020 13:50,%RH,27.39
4/3/2020 14:50,%RH,33.434
4/3/2020 15:50,%RH,33.214
4/3/2020 16:50,%RH,39.413
4/3/2020 17:50,%RH,60.117
4/3/2020 18:50,%RH,69.589
4/3/2020 19:50,%RH,88.273
4/3/2020 20:50,%RH,97.293
4/3/2020 21:50,%RH,98.6
4/3/2020 22:50,%RH,101.372
4/3/2020 23:50,%RH,99.007
4/4/2020 0:50,%RH,99.007
4/4/2020 1:50,%RH,99.007
4/4/2020 2:50,%RH,97.532
4/4/2020 3:50,%RH,99.45
4/4/2020 4:50,%RH,101.251
4/4/2020 5:50,%RH,100.339
4/4/2020 6:50,%RH,102.176
4/4/2020 7:50,%RH,64.857
4/4/2020 8:50,%RH,40.524
4/4/2020 9:50,%RH,40.975
4/4/2020 10:50,%RH,69.014
4/4/2020 11:50,%RH,56.797
4/4/2020 12:50,%RH,33.835
4/4/2020 13:50,%RH,39.402
4/4/2020 14:50,%RH,34.159
4/4/2020 15:50,%RH,38.467
4/4/2020 16:50,%RH,42.169
4/4/2020 17:50,%RH,64.943
4/4/2020 18:50,%RH,74.118
4/4/2020 19:50,%RH,77.237
4/4/2020 20:50,%RH,76.622
4/4/2020 21:50,%RH,82.417
4/4/2020 22:50,%RH,88.021
4/4/2020 23:50,%RH,88.527
4/5/2020 0:50,%RH,88.965
4/5/2020 1:50,%RH,89.535
4/5/2020 2:50,%RH,86.937
4/5/2020 3:50,%RH,86.937
4/5/2020 4:50,%RH,90.903
4/5/2020 5:50,%RH,95.622
4/5/2020 6:50,%RH,94.771
4/5/2020 7:50,%RH,99.6
4/5/2020 8:50,%RH,90.176
4/5/2020 9:50,%RH,73.554
4/5/2020 10:50,%RH,82.489
4/5/2020 11:50,%RH,74.146
4/5/2020 12:50,%RH,92.928
4/5/2020 13:50,%RH,88.974
4/5/2020 14:50,%RH,90.403
4/5/2020 15:50,%RH,100.731
4/5/2020 16:50,%RH,101.128
4/5/2020 17:50,%RH,101.462
4/5/2020 18:50,%RH,101.402
4/5/2020 19:50,%RH,102.324
4/5/2020 20:50,%RH,101.864
4/5/2020 21:50,%RH,102.324
4/5/2020 22:50,%RH,101.864
4/5/2020 23:50,%RH,102.782
4/6/2020 0:50,%RH,102.782
4/6/2020 1:50,%RH,102.324
4/6/2020 2:50,%RH,102.725
4/6/2020 3:50,%RH,102.725
4/6/2020 4:50,%RH,102.842
4/6/2020 5:50,%RH,102.725
4/6/2020 6:50,%RH,102.324
4/6/2020 7:50,%RH,102.782
4/6/2020 8:50,%RH,102.842
4/6/2020 9:50,%RH,102.842
4/6/2020 10:50,%RH,104.169
4/6/2020 11:50,%RH,104.547
4/6/2020 12:50,%RH,106.052
4/6/2020 13:50,%RH,108.333
4/6/2020 14:50,%RH,64.433
4/6/2020 15:50,%RH,53.573
4/6/2020 16:50,%RH,63.117
4/6/2020 17:50,%RH,87.582
4/6/2020 18:50,%RH,91.278
4/6/2020 19:50,%RH,99.228
4/6/2020 20:50,%RH,100.443
4/6/2020 21:50,%RH,101.372
4/6/2020 22:50,%RH,102.195
4/6/2020 23:50,%RH,101.714
4/7/2020 0:50,%RH,101.936
4/7/2020 1:50,%RH,102.018
4/7/2020 2:50,%RH,101.976
4/7/2020 3:50,%RH,102.325
4/7/2020 4:50,%RH,102.265
4/7/2020 5:50,%RH,103.156
4/7/2020 6:50,%RH,101.865
4/7/2020 7:50,%RH,99.743
4/7/2020 8:50,%RH,86.179
4/7/2020 9:50,%RH,52.569
4/7/2020 10:50,%RH,43.512
4/7/2020 11:50,%RH,43.117
4/7/2020 12:50,%RH,37.204
4/7/2020 13:50,%RH,70.745
4/7/2020 14:50,%RH,101.659
4/7/2020 15:50,%RH,104.094
4/7/2020 16:50,%RH,103.495
4/7/2020 17:50,%RH,102.905
4/7/2020 18:50,%RH,103.182
4/7/2020 19:50,%RH,101.751
4/7/2020 20:50,%RH,102.618
4/7/2020 21:50,%RH,103.935
4/7/2020 22:50,%RH,103.026
4/7/2020 23:50,%RH,103.481
4/8/2020 0:50,%RH,103.026
4/8/2020 1:50,%RH,103.481
4/8/2020 2:50,%RH,103.026
4/8/2020 3:50,%RH,103.026
4/8/2020 4:50,%RH,103.804
4/8/2020 5:50,%RH,102.934
4/8/2020 6:50,%RH,103.765
4/8/2020 7:50,%RH,103.583
4/8/2020 8:50,%RH,104.208
4/8/2020 9:50,%RH,103.817
4/8/2020 10:50,%RH,104.623
4/8/2020 11:50,%RH,101.816
4/8/2020 12:50,%RH,80.527
4/8/2020 13:50,%RH,64.877
4/8/2020 14:50,%RH,61.429
4/8/2020 15:50,%RH,63.117
4/8/2020 16:50,%RH,69.26
4/8/2020 17:50,%RH,75.535
4/8/2020 18:50,%RH,83.781
4/8/2020 19:50,%RH,87.2
4/8/2020 20:50,%RH,89.725
4/8/2020 21:50,%RH,101.187
4/8/2020 22:50,%RH,101.649
4/8/2020 23:50,%RH,103.026
4/9/2020 0:50,%RH,101.601
4/9/2020 1:50,%RH,102.521
4/9/2020 2:50,%RH,102.979
4/9/2020 3:50,%RH,102.568
4/9/2020 4:50,%RH,103.435
4/9/2020 5:50,%RH,102.521
4/9/2020 6:50,%RH,103.026
4/9/2020 7:50,%RH,103.026
4/9/2020 8:50,%RH,103.583
4/9/2020 9:50,%RH,103.694
4/9/2020 10:50,%RH,104.208
4/9/2020 11:50,%RH,104.787
4/9/2020 12:50,%RH,105.686
4/9/2020 13:50,%RH,107.091
4/9/2020 14:50,%RH,108.28
4/9/2020 15:50,%RH,109.092
4/9/2020 16:50,%RH,108.159
4/9/2020 17:50,%RH,108.541
4/9/2020 18:50,%RH,109.358
4/9/2020 19:50,%RH,109.308
4/9/2020 20:50,%RH,109.26
4/9/2020 21:50,%RH,109.26
4/9/2020 22:50,%RH,108.389
4/9/2020 23:50,%RH,108.78
4/10/2020 0:50,%RH,107.905
4/10/2020 1:50,%RH,107.466
4/10/2020 2:50,%RH,107.466
4/10/2020 3:50,%RH,107.466
4/10/2020 4:50,%RH,106.581
4/10/2020 5:50,%RH,106.581
4/10/2020 6:50,%RH,106.538
4/10/2020 7:50,%RH,107.559
4/10/2020 8:50,%RH,107.023
4/10/2020 9:50,%RH,107.31
4/10/2020 10:50,%RH,108.117
